Order ID,Customer ID,Platform,Order Date & Time,Delivery Time (Minutes),Product Category,Order Value (INR),Customer Feedback,Service Rating,Delivery Delay,Refund Requested
ORD000001,CUST2824,JioMart,19:29.5,30,Fruits & Vegetables,382,"Fast delivery, great service!",5,No,No
ORD000002,CUST1409,Blinkit,54:29.5,16,Dairy,279,Quick and reliable!,5,No,No
ORD000003,CUST5506,JioMart,21:29.5,25,Beverages,599,Items missing from order.,2,No,Yes
ORD000004,CUST5012,JioMart,19:29.5,42,Beverages,946,Items missing from order.,2,Yes,Yes
ORD000005,CUST4657,Blinkit,49:29.5,30,Beverages,334,"Fast delivery, great service!",5,No,No
ORD000006,CUST3286,Blinkit,36:29.5,25,Personal Care,1939,Items missing from order.,2,No,Yes
ORD000007,CUST2679,JioMart,22:29.5,22,Personal Care,1693,"Fast delivery, great service!",5,No,No
ORD000008,CUST9935,Swiggy Instamart,50:29.5,16,Personal Care,195,"Horrible experience, never ordering again.",1,No,Yes
ORD000009,CUST2424,JioMart,51:29.5,39,Fruits & Vegetables,182,Very satisfied with the service.,5,No,No
ORD000010,CUST7912,JioMart,08:29.5,51,Grocery,1279,"Very late delivery, not happy.",2,Yes,Yes
ORD000011,CUST1520,JioMart,32:29.5,25,Fruits & Vegetables,553,"Fast delivery, great service!",5,No,No
ORD000012,CUST1488,JioMart,12:29.5,11,Grocery,1062,Excellent experience!,5,No,No
ORD000013,CUST2535,Blinkit,08:29.5,45,Fruits & Vegetables,516,"Horrible experience, never ordering again.",1,Yes,Yes
ORD000014,CUST4582,JioMart,19:29.5,21,Dairy,322,"Very late delivery, not happy.",2,No,Yes
ORD000015,CUST4811,Swiggy Instamart,27:29.5,33,Fruits & Vegetables,50,"Easy to order, loved it!",5,No,No
ORD000016,CUST9279,Blinkit,07:29.5,35,Beverages,143,Good quality products.,4,No,No
ORD000017,CUST1434,Swiggy Instamart,58:29.5,41,Beverages,956,"Not fresh, disappointed.",2,Yes,Yes
ORD000018,CUST4257,Swiggy Instamart,23:29.5,27,Beverages,161,Excellent experience!,5,No,No
ORD000019,CUST9928,Swiggy Instamart,15:29.5,34,Dairy,417,"Horrible experience, never ordering again.",1,No,Yes
ORD000020,CUST7873,Swiggy Instamart,20:29.5,26,Beverages,677,Quick and reliable!,5,No,No
ORD000021,CUST4611,Blinkit,44:29.5,10,Beverages,789,Wrong item delivered.,1,No,Yes
ORD000022,CUST8359,Blinkit,57:29.5,25,Beverages,739,Delivery person was rude.,2,No,Yes
ORD000023,CUST5557,Swiggy Instamart,01:29.5,33,Beverages,486,Good quality products.,4,No,No
ORD000024,CUST1106,Swiggy Instamart,27:29.5,20,Beverages,202,Packaging could be better.,3,No,No
ORD000025,CUST3615,Blinkit,06:29.5,30,Grocery,1288,Delivery person was rude.,2,No,Yes
ORD000026,CUST7924,Blinkit,59:29.5,32,Dairy,205,Very satisfied with the service.,5,No,No
ORD000027,CUST6574,Blinkit,33:29.5,43,Fruits & Vegetables,204,Items missing from order.,2,Yes,Yes
ORD000028,CUST5552,JioMart,56:29.5,20,Dairy,334,Wrong item delivered.,1,No,Yes
ORD000029,CUST3547,JioMart,57:29.5,32,Dairy,563,"Horrible experience, never ordering again.",1,No,Yes
ORD000030,CUST4527,JioMart,53:29.5,19,Grocery,1333,"Easy to order, loved it!",5,No,No
ORD000031,CUST6514,Swiggy Instamart,08:29.5,8,Beverages,757,Excellent experience!,5,No,No
ORD000032,CUST2674,JioMart,23:29.5,25,Personal Care,1651,Packaging could be better.,3,No,No
ORD000033,CUST2519,Swiggy Instamart,08:29.5,24,Dairy,290,Quick and reliable!,5,No,No
ORD000034,CUST7224,Swiggy Instamart,28:29.5,33,Personal Care,697,"Fast delivery, great service!",5,No,No
ORD000035,CUST2584,JioMart,31:29.5,41,Personal Care,668,"Fast delivery, great service!",5,Yes,No
ORD000036,CUST6881,Swiggy Instamart,50:29.5,31,Fruits & Vegetables,582,Quick and reliable!,5,No,No
ORD000037,CUST6635,JioMart,01:29.5,23,Fruits & Vegetables,101,"Fast delivery, great service!",5,No,No
ORD000038,CUST5333,JioMart,41:29.5,21,Snacks,402,Wrong item delivered.,1,No,Yes
ORD000039,CUST1711,Blinkit,09:29.5,41,Beverages,711,Wrong item delivered.,1,Yes,Yes
ORD000040,CUST8527,JioMart,11:29.5,36,Dairy,632,Quick and reliable!,5,No,No
ORD000041,CUST9785,Blinkit,46:29.5,21,Fruits & Vegetables,516,Wrong item delivered.,1,No,Yes
ORD000042,CUST3045,JioMart,11:29.5,16,Beverages,409,"Horrible experience, never ordering again.",1,No,Yes
ORD000043,CUST7201,JioMart,37:29.5,21,Snacks,124,Delivery person was rude.,2,No,Yes
ORD000044,CUST2291,Blinkit,05:29.5,39,Grocery,1118,Quick and reliable!,5,No,No
ORD000045,CUST5803,Blinkit,26:29.5,20,Personal Care,323,"Easy to order, loved it!",5,No,No
ORD000046,CUST6925,JioMart,14:29.5,34,Snacks,174,Excellent experience!,5,No,No
ORD000047,CUST4150,Swiggy Instamart,43:29.5,46,Snacks,320,"Horrible experience, never ordering again.",1,Yes,Yes
ORD000048,CUST2139,Blinkit,16:29.5,22,Snacks,71,Packaging could be better.,3,No,No
ORD000049,CUST1750,Swiggy Instamart,32:29.5,26,Snacks,53,"Fast delivery, great service!",5,No,No
ORD000050,CUST4733,Swiggy Instamart,59:29.5,29,Personal Care,916,Wrong item delivered.,1,No,Yes
ORD000051,CUST5741,Swiggy Instamart,04:29.5,13,Dairy,289,Quick and reliable!,5,No,No
ORD000052,CUST2307,Blinkit,16:29.5,22,Grocery,774,"Easy to order, loved it!",5,No,No
ORD000053,CUST4814,Swiggy Instamart,22:29.5,31,Beverages,917,Quick and reliable!,5,No,No
ORD000054,CUST2654,Blinkit,29:29.5,20,Fruits & Vegetables,424,"Not fresh, disappointed.",2,No,Yes
ORD000055,CUST7227,Swiggy Instamart,43:29.5,51,Beverages,167,"Very late delivery, not happy.",2,Yes,Yes
ORD000056,CUST5554,JioMart,08:29.5,25,Fruits & Vegetables,657,Packaging could be better.,3,No,No
ORD000057,CUST8428,JioMart,12:29.5,28,Personal Care,817,Good quality products.,4,No,No
ORD000058,CUST6977,Blinkit,40:29.5,24,Dairy,243,Wrong item delivered.,1,No,Yes
ORD000059,CUST3664,JioMart,49:29.5,27,Dairy,557,"Not fresh, disappointed.",2,No,Yes
ORD000060,CUST7065,JioMart,05:29.5,22,Fruits & Vegetables,555,Packaging could be better.,3,No,No
ORD000061,CUST6820,Swiggy Instamart,35:29.5,9,Fruits & Vegetables,586,Quick and reliable!,5,No,No
ORD000062,CUST4432,Blinkit,52:29.5,26,Beverages,666,Delivery person was rude.,2,No,Yes
ORD000063,CUST5374,Swiggy Instamart,35:29.5,48,Snacks,61,Delivery person was rude.,2,Yes,Yes
ORD000064,CUST2169,Swiggy Instamart,06:29.5,46,Dairy,772,"Horrible experience, never ordering again.",1,Yes,Yes
ORD000065,CUST3803,Swiggy Instamart,41:29.5,19,Personal Care,1595,"Not fresh, disappointed.",2,No,Yes
ORD000066,CUST9751,Swiggy Instamart,11:29.5,14,Personal Care,1956,Wrong item delivered.,1,No,Yes
ORD000067,CUST5010,Swiggy Instamart,58:29.5,9,Dairy,796,Wrong item delivered.,1,No,Yes
ORD000068,CUST3677,Swiggy Instamart,17:29.5,20,Dairy,146,Excellent experience!,5,No,No
ORD000069,CUST8573,Swiggy Instamart,34:29.5,24,Fruits & Vegetables,536,Quick and reliable!,5,No,No
ORD000070,CUST7216,Blinkit,45:29.5,34,Snacks,353,"Very late delivery, not happy.",2,No,Yes
ORD000071,CUST5422,JioMart,48:29.5,25,Dairy,641,"Not fresh, disappointed.",2,No,Yes
ORD000072,CUST4598,Swiggy Instamart,52:29.5,38,Fruits & Vegetables,341,Excellent experience!,5,No,No
ORD000073,CUST6313,Swiggy Instamart,11:29.5,35,Dairy,425,"Fast delivery, great service!",5,No,No
ORD000074,CUST1916,Swiggy Instamart,30:29.5,33,Snacks,284,"Very late delivery, not happy.",2,No,Yes
ORD000075,CUST4752,Swiggy Instamart,46:29.5,28,Beverages,905,Quick and reliable!,5,No,No
ORD000076,CUST1525,Swiggy Instamart,21:29.5,39,Grocery,1221,Very satisfied with the service.,5,No,No
ORD000077,CUST6168,Swiggy Instamart,11:29.5,36,Beverages,159,Items missing from order.,2,No,Yes
ORD000078,CUST7572,JioMart,28:29.5,15,Fruits & Vegetables,122,Delivery person was rude.,2,No,Yes
ORD000079,CUST5386,JioMart,35:29.5,35,Beverages,276,Excellent experience!,5,No,No
ORD000080,CUST2084,Swiggy Instamart,15:29.5,24,Dairy,147,Very satisfied with the service.,5,No,No
ORD000081,CUST4456,JioMart,13:29.5,39,Fruits & Vegetables,565,Very satisfied with the service.,5,No,No
ORD000082,CUST6155,Blinkit,45:29.5,36,Personal Care,1848,Good quality products.,4,No,No
ORD000083,CUST4483,Swiggy Instamart,31:29.5,47,Dairy,240,Packaging could be better.,3,Yes,No
ORD000084,CUST9179,Blinkit,32:29.5,10,Beverages,910,Very satisfied with the service.,5,No,No
ORD000085,CUST7482,Blinkit,19:29.5,33,Grocery,314,Packaging could be better.,3,No,No
ORD000086,CUST8517,Swiggy Instamart,50:29.5,23,Grocery,1332,"Very late delivery, not happy.",2,No,Yes
ORD000087,CUST3340,JioMart,38:29.5,51,Beverages,640,Wrong item delivered.,1,Yes,Yes
ORD000088,CUST5339,Blinkit,05:29.5,5,Beverages,465,"Horrible experience, never ordering again.",1,No,Yes
ORD000089,CUST3287,Swiggy Instamart,03:29.5,34,Personal Care,1690,"Fast delivery, great service!",5,No,No
ORD000090,CUST5040,Blinkit,40:29.5,35,Fruits & Vegetables,191,Items missing from order.,2,No,Yes
ORD000091,CUST9830,Blinkit,18:29.5,8,Personal Care,183,Very satisfied with the service.,5,No,No
ORD000092,CUST5304,Blinkit,03:29.5,35,Fruits & Vegetables,288,"Fast delivery, great service!",5,No,No
ORD000093,CUST8019,Blinkit,31:29.5,9,Grocery,645,Excellent experience!,5,No,No
ORD000094,CUST7543,JioMart,22:29.5,22,Grocery,280,"Fast delivery, great service!",5,No,No
ORD000095,CUST6930,Blinkit,38:29.5,34,Personal Care,703,Good quality products.,4,No,No
ORD000096,CUST4593,Blinkit,13:29.5,20,Grocery,378,Packaging could be better.,3,No,No
ORD000097,CUST3266,Blinkit,58:29.5,30,Fruits & Vegetables,306,Quick and reliable!,5,No,No
ORD000098,CUST9348,JioMart,31:29.5,29,Fruits & Vegetables,160,"Easy to order, loved it!",5,No,No
ORD000099,CUST9085,Blinkit,06:29.5,35,Beverages,364,"Not fresh, disappointed.",2,No,Yes
ORD000100,CUST2489,Blinkit,52:29.5,19,Fruits & Vegetables,427,Quick and reliable!,5,No,No
ORD000101,CUST1771,JioMart,42:29.5,39,Beverages,160,Very satisfied with the service.,5,No,No
ORD000102,CUST2796,JioMart,52:29.5,5,Personal Care,377,Items missing from order.,2,No,Yes
ORD000103,CUST3504,JioMart,00:29.5,45,Personal Care,634,Delivery person was rude.,2,Yes,Yes
ORD000104,CUST3621,Blinkit,53:29.5,27,Snacks,285,Excellent experience!,5,No,No
ORD000105,CUST7916,JioMart,11:29.5,28,Beverages,391,Items missing from order.,2,No,Yes
ORD000106,CUST2040,JioMart,34:29.5,33,Snacks,51,Delivery person was rude.,2,No,Yes
ORD000107,CUST7304,Blinkit,15:29.5,31,Fruits & Vegetables,367,Good quality products.,4,No,No
ORD000108,CUST7252,JioMart,51:29.5,29,Grocery,1015,Excellent experience!,5,No,No
ORD000109,CUST8668,Blinkit,33:29.5,42,Beverages,607,Packaging could be better.,3,Yes,No
ORD000110,CUST9669,Swiggy Instamart,27:29.5,14,Dairy,600,"Horrible experience, never ordering again.",1,No,Yes
ORD000111,CUST5119,JioMart,10:29.5,20,Personal Care,727,Delivery person was rude.,2,No,Yes
ORD000112,CUST1188,Swiggy Instamart,55:29.5,34,Beverages,624,"Very late delivery, not happy.",2,No,Yes
ORD000113,CUST2876,Blinkit,55:29.5,26,Fruits & Vegetables,252,Very satisfied with the service.,5,No,No
ORD000114,CUST9797,JioMart,19:29.5,42,Dairy,724,"Very late delivery, not happy.",2,Yes,Yes
ORD000115,CUST5371,Blinkit,04:29.5,52,Grocery,623,"Fast delivery, great service!",5,Yes,No
ORD000116,CUST6573,Swiggy Instamart,42:29.5,30,Beverages,859,Quick and reliable!,5,No,No
ORD000117,CUST2827,Blinkit,08:29.5,12,Dairy,599,"Fast delivery, great service!",5,No,No
ORD000118,CUST5808,JioMart,39:29.5,21,Beverages,502,Items missing from order.,2,No,Yes
ORD000119,CUST8123,JioMart,02:29.5,9,Personal Care,931,Items missing from order.,2,No,Yes
ORD000120,CUST3591,Swiggy Instamart,37:29.5,36,Dairy,198,"Fast delivery, great service!",5,No,No
ORD000121,CUST8433,Blinkit,48:29.5,20,Dairy,314,Packaging could be better.,3,No,No
ORD000122,CUST1053,JioMart,51:29.5,28,Dairy,509,"Very late delivery, not happy.",2,No,Yes
ORD000123,CUST5315,Swiggy Instamart,04:29.5,27,Dairy,436,Very satisfied with the service.,5,No,No
ORD000124,CUST9201,JioMart,54:29.5,41,Grocery,718,Very satisfied with the service.,5,Yes,No
ORD000125,CUST3927,JioMart,14:29.5,30,Snacks,418,Packaging could be better.,3,No,No
ORD000126,CUST9317,Blinkit,26:29.5,27,Snacks,312,"Very late delivery, not happy.",2,No,Yes
ORD000127,CUST2743,JioMart,01:29.5,20,Fruits & Vegetables,230,"Easy to order, loved it!",5,No,No
ORD000128,CUST5889,Blinkit,41:29.5,36,Fruits & Vegetables,619,Items missing from order.,2,No,Yes
ORD000130,CUST4258,Swiggy Instamart,26:29.5,17,Fruits & Vegetables,596,Quick and reliable!,5,No,No
ORD000132,CUST7126,Blinkit,14:29.5,50,Personal Care,1010,Packaging could be better.,3,Yes,No
ORD000133,CUST3646,Blinkit,06:29.5,29,Beverages,580,Very satisfied with the service.,5,No,No
ORD000134,CUST9837,Swiggy Instamart,24:29.5,29,Fruits & Vegetables,303,"Fast delivery, great service!",5,No,No
ORD000135,CUST9689,JioMart,07:29.5,33,Dairy,472,"Not fresh, disappointed.",2,No,Yes
ORD000136,CUST1009,JioMart,57:29.5,32,Beverages,987,"Fast delivery, great service!",5,No,No
ORD000137,CUST6310,Swiggy Instamart,30:29.5,27,Dairy,207,"Very late delivery, not happy.",2,No,Yes
ORD000138,CUST9005,JioMart,42:29.5,20,Beverages,548,Packaging could be better.,3,No,No
ORD000139,CUST1319,JioMart,02:29.5,25,Snacks,220,Delivery person was rude.,2,No,Yes
ORD000140,CUST2832,Blinkit,51:29.5,27,Fruits & Vegetables,209,"Very late delivery, not happy.",2,No,Yes
ORD000141,CUST6947,JioMart,20:29.5,15,Dairy,517,"Horrible experience, never ordering again.",1,No,Yes
ORD000142,CUST6038,JioMart,21:29.5,27,Dairy,244,Good quality products.,4,No,No
ORD000143,CUST4923,Swiggy Instamart,27:29.5,31,Dairy,304,Excellent experience!,5,No,No
ORD000144,CUST1949,Swiggy Instamart,41:29.5,24,Beverages,899,Quick and reliable!,5,No,No
ORD000145,CUST4946,Blinkit,11:29.5,42,Personal Care,959,Delivery person was rude.,2,Yes,Yes
ORD000146,CUST2290,JioMart,01:29.5,32,Snacks,155,"Very late delivery, not happy.",2,No,Yes
ORD000147,CUST2403,JioMart,08:29.5,22,Fruits & Vegetables,131,"Very late delivery, not happy.",2,No,Yes
ORD000148,CUST8962,JioMart,13:29.5,25,Grocery,330,Delivery person was rude.,2,No,Yes
ORD000149,CUST2133,Blinkit,15:29.5,42,Fruits & Vegetables,617,Excellent experience!,5,Yes,No
ORD000150,CUST9727,Blinkit,11:29.5,23,Dairy,403,"Not fresh, disappointed.",2,No,Yes
ORD000151,CUST3060,Swiggy Instamart,30:29.5,21,Beverages,106,Excellent experience!,5,No,No
ORD000152,CUST3103,Blinkit,25:29.5,21,Personal Care,1929,Packaging could be better.,3,No,No
ORD000153,CUST8787,JioMart,25:29.5,30,Dairy,610,Quick and reliable!,5,No,No
ORD000154,CUST3705,JioMart,56:29.5,32,Personal Care,696,"Very late delivery, not happy.",2,No,Yes
ORD000155,CUST5342,Blinkit,56:29.5,36,Snacks,354,Quick and reliable!,5,No,No
ORD000156,CUST9645,JioMart,11:29.5,22,Grocery,583,Good quality products.,4,No,No
ORD000157,CUST7932,JioMart,25:29.5,45,Dairy,486,"Easy to order, loved it!",5,Yes,No
ORD000158,CUST4470,Blinkit,52:29.5,35,Personal Care,731,"Horrible experience, never ordering again.",1,No,Yes
ORD000159,CUST9835,Blinkit,07:29.5,25,Beverages,683,Excellent experience!,5,No,No
ORD000160,CUST4295,JioMart,25:29.5,38,Grocery,1450,Wrong item delivered.,1,No,Yes
ORD000161,CUST6107,JioMart,57:29.5,49,Grocery,379,Quick and reliable!,5,Yes,No
ORD000162,CUST7537,JioMart,06:29.5,34,Dairy,786,"Horrible experience, never ordering again.",1,No,Yes
ORD000163,CUST7118,Swiggy Instamart,17:29.5,47,Dairy,412,"Very late delivery, not happy.",2,Yes,Yes
ORD000164,CUST8177,Swiggy Instamart,28:29.5,19,Snacks,468,Very satisfied with the service.,5,No,No
ORD000165,CUST9479,Swiggy Instamart,54:29.5,10,Snacks,422,Quick and reliable!,5,No,No
ORD000166,CUST8397,Blinkit,50:29.5,35,Beverages,863,Quick and reliable!,5,No,No
ORD000167,CUST2982,Swiggy Instamart,07:29.5,41,Snacks,145,Very satisfied with the service.,5,Yes,No
ORD000168,CUST5061,Blinkit,31:29.5,16,Personal Care,1490,"Easy to order, loved it!",5,No,No
ORD000169,CUST4681,Blinkit,07:29.5,42,Personal Care,1291,"Horrible experience, never ordering again.",1,Yes,Yes
ORD000170,CUST2049,Swiggy Instamart,36:29.5,25,Dairy,599,"Easy to order, loved it!",5,No,No
ORD000171,CUST6539,Swiggy Instamart,25:29.5,36,Personal Care,476,Delivery person was rude.,2,No,Yes
ORD000172,CUST1344,Swiggy Instamart,36:29.5,32,Beverages,613,Good quality products.,4,No,No
ORD000173,CUST4770,JioMart,43:29.5,34,Dairy,121,Wrong item delivered.,1,No,Yes
ORD000174,CUST4608,Swiggy Instamart,51:29.5,35,Personal Care,178,Delivery person was rude.,2,No,Yes
ORD000175,CUST1117,JioMart,11:29.5,29,Beverages,310,"Easy to order, loved it!",5,No,No
ORD000176,CUST2163,Blinkit,14:29.5,25,Personal Care,1727,Excellent experience!,5,No,No
ORD000177,CUST1964,JioMart,17:29.5,33,Grocery,457,Items missing from order.,2,No,Yes
ORD000178,CUST4750,Swiggy Instamart,30:29.5,27,Dairy,581,Excellent experience!,5,No,No
ORD000179,CUST2104,Blinkit,07:29.5,23,Dairy,307,"Very late delivery, not happy.",2,No,Yes
ORD000180,CUST1514,Blinkit,59:29.5,33,Grocery,1425,Wrong item delivered.,1,No,Yes
ORD000181,CUST6413,Blinkit,00:29.5,24,Personal Care,1553,Quick and reliable!,5,No,No
ORD000182,CUST2160,JioMart,41:29.5,28,Personal Care,752,"Easy to order, loved it!",5,No,No
ORD000183,CUST9423,Swiggy Instamart,24:29.5,24,Fruits & Vegetables,675,"Easy to order, loved it!",5,No,No
ORD000184,CUST4899,Blinkit,31:29.5,45,Fruits & Vegetables,239,"Fast delivery, great service!",5,Yes,No
ORD000185,CUST5562,Blinkit,11:29.5,31,Grocery,788,Very satisfied with the service.,5,No,No
ORD000186,CUST8953,Blinkit,54:29.5,14,Fruits & Vegetables,112,"Easy to order, loved it!",5,No,No
ORD000187,CUST4510,JioMart,57:29.5,42,Fruits & Vegetables,283,Quick and reliable!,5,Yes,No
ORD000188,CUST9834,JioMart,59:29.5,11,Snacks,244,Very satisfied with the service.,5,No,No
ORD000189,CUST3167,Swiggy Instamart,06:29.5,51,Fruits & Vegetables,68,"Not fresh, disappointed.",2,Yes,Yes
ORD000190,CUST8744,JioMart,25:29.5,30,Personal Care,1304,Excellent experience!,5,No,No
ORD000191,CUST4981,Blinkit,58:29.5,23,Personal Care,662,Very satisfied with the service.,5,No,No
ORD000192,CUST8749,Swiggy Instamart,28:29.5,26,Snacks,290,"Not fresh, disappointed.",2,No,Yes
ORD000193,CUST7669,Blinkit,04:29.5,14,Fruits & Vegetables,195,"Very late delivery, not happy.",2,No,Yes
ORD000194,CUST4119,Blinkit,15:29.5,28,Personal Care,1017,Packaging could be better.,3,No,No
ORD000195,CUST2545,JioMart,13:29.5,25,Snacks,418,Quick and reliable!,5,No,No
ORD000196,CUST2588,Swiggy Instamart,31:29.5,29,Grocery,800,Items missing from order.,2,No,Yes
ORD000197,CUST8062,JioMart,57:29.5,38,Snacks,435,"Horrible experience, never ordering again.",1,No,Yes
ORD000198,CUST6804,JioMart,07:29.5,33,Fruits & Vegetables,408,Quick and reliable!,5,No,No
ORD000199,CUST7939,Swiggy Instamart,24:29.5,18,Personal Care,827,"Fast delivery, great service!",5,No,No
ORD000200,CUST7735,Blinkit,27:29.5,20,Beverages,786,Excellent experience!,5,No,No
ORD000201,CUST8651,Blinkit,48:29.5,32,Beverages,788,Quick and reliable!,5,No,No
ORD000202,CUST1887,Swiggy Instamart,23:29.5,34,Dairy,661,"Fast delivery, great service!",5,No,No
ORD000203,CUST2612,Blinkit,37:29.5,29,Beverages,492,Good quality products.,4,No,No
ORD000204,CUST1993,Swiggy Instamart,30:29.5,35,Fruits & Vegetables,245,Delivery person was rude.,2,No,Yes
ORD000205,CUST7596,Swiggy Instamart,45:29.5,31,Beverages,245,"Very late delivery, not happy.",2,No,Yes
ORD000206,CUST6559,JioMart,05:29.5,31,Personal Care,1634,"Horrible experience, never ordering again.",1,No,Yes
ORD000207,CUST2790,Swiggy Instamart,29:29.5,38,Beverages,174,Good quality products.,4,No,No
ORD000208,CUST5073,JioMart,36:29.5,49,Dairy,619,Items missing from order.,2,Yes,Yes
ORD000209,CUST4139,Blinkit,05:29.5,32,Fruits & Vegetables,499,Very satisfied with the service.,5,No,No
ORD000210,CUST4116,Blinkit,58:29.5,60,Beverages,936,Excellent experience!,5,Yes,No
ORD000211,CUST9786,Blinkit,45:29.5,31,Dairy,722,"Horrible experience, never ordering again.",1,No,Yes
ORD000212,CUST8350,Blinkit,52:29.5,31,Beverages,470,"Horrible experience, never ordering again.",1,No,Yes
ORD000213,CUST3296,JioMart,29:29.5,49,Grocery,316,"Fast delivery, great service!",5,Yes,No
ORD000215,CUST4006,Swiggy Instamart,07:29.5,11,Grocery,585,Delivery person was rude.,2,No,Yes
ORD000216,CUST5563,Swiggy Instamart,31:29.5,19,Fruits & Vegetables,690,"Horrible experience, never ordering again.",1,No,Yes
ORD000217,CUST8579,Swiggy Instamart,37:29.5,39,Fruits & Vegetables,288,Wrong item delivered.,1,No,Yes
ORD000218,CUST5092,JioMart,37:29.5,34,Snacks,491,Wrong item delivered.,1,No,Yes
ORD000219,CUST2235,Blinkit,40:29.5,20,Beverages,576,"Very late delivery, not happy.",2,No,Yes
ORD000220,CUST8260,Blinkit,46:29.5,10,Grocery,608,"Fast delivery, great service!",5,No,No
ORD000221,CUST2604,Blinkit,24:29.5,26,Personal Care,413,Packaging could be better.,3,No,No
ORD000222,CUST1828,JioMart,44:29.5,41,Dairy,743,"Horrible experience, never ordering again.",1,Yes,Yes
ORD000223,CUST9856,Swiggy Instamart,22:29.5,28,Dairy,560,"Easy to order, loved it!",5,No,No
ORD000224,CUST1241,Swiggy Instamart,49:29.5,26,Beverages,219,Quick and reliable!,5,No,No
ORD000225,CUST2528,Blinkit,36:29.5,19,Snacks,313,"Not fresh, disappointed.",2,No,Yes
ORD000226,CUST4872,Swiggy Instamart,29:29.5,26,Dairy,121,"Horrible experience, never ordering again.",1,No,Yes
ORD000227,CUST3724,Swiggy Instamart,22:29.5,35,Snacks,76,"Easy to order, loved it!",5,No,No
ORD000228,CUST7658,JioMart,29:29.5,28,Personal Care,274,Very satisfied with the service.,5,No,No
ORD000229,CUST8956,JioMart,58:29.5,28,Dairy,322,"Very late delivery, not happy.",2,No,Yes
ORD000230,CUST8886,JioMart,39:29.5,41,Dairy,256,Excellent experience!,5,Yes,No
ORD000231,CUST4502,JioMart,03:29.5,22,Personal Care,1384,"Fast delivery, great service!",5,No,No
ORD000232,CUST7570,Blinkit,45:29.5,34,Beverages,396,Good quality products.,4,No,No
ORD000233,CUST1960,JioMart,44:29.5,28,Grocery,1059,"Very late delivery, not happy.",2,No,Yes
ORD000234,CUST3697,Swiggy Instamart,39:29.5,46,Dairy,408,Very satisfied with the service.,5,Yes,No
ORD000235,CUST7209,Blinkit,24:29.5,38,Snacks,391,Items missing from order.,2,No,Yes
ORD000236,CUST1035,Swiggy Instamart,37:29.5,43,Grocery,897,"Easy to order, loved it!",5,Yes,No
ORD000237,CUST7396,Swiggy Instamart,22:29.5,36,Dairy,187,"Horrible experience, never ordering again.",1,No,Yes
ORD000238,CUST5345,Swiggy Instamart,00:29.5,25,Fruits & Vegetables,83,"Very late delivery, not happy.",2,No,Yes
ORD000239,CUST8454,JioMart,21:29.5,44,Beverages,943,Excellent experience!,5,Yes,No
ORD000240,CUST5673,JioMart,03:29.5,33,Dairy,412,Delivery person was rude.,2,No,Yes
ORD000241,CUST7930,Blinkit,41:29.5,32,Beverages,332,Very satisfied with the service.,5,No,No
ORD000242,CUST8973,Blinkit,42:29.5,22,Grocery,1219,Quick and reliable!,5,No,No
ORD000243,CUST3536,JioMart,08:29.5,37,Beverages,581,Packaging could be better.,3,No,No
ORD000244,CUST4111,Swiggy Instamart,03:29.5,25,Fruits & Vegetables,85,"Not fresh, disappointed.",2,No,Yes
ORD000245,CUST5861,Blinkit,09:29.5,24,Snacks,426,Very satisfied with the service.,5,No,No
ORD000246,CUST4566,JioMart,54:29.5,32,Snacks,90,Packaging could be better.,3,No,No
ORD000247,CUST1958,JioMart,47:29.5,23,Snacks,443,"Very late delivery, not happy.",2,No,Yes
ORD000248,CUST9883,JioMart,09:29.5,22,Grocery,431,"Fast delivery, great service!",5,No,No
ORD000249,CUST1998,Swiggy Instamart,44:29.5,20,Fruits & Vegetables,496,Very satisfied with the service.,5,No,No
ORD000250,CUST6138,JioMart,23:29.5,40,Personal Care,1178,Quick and reliable!,5,No,No
ORD000251,CUST1936,JioMart,51:29.5,44,Personal Care,1639,"Horrible experience, never ordering again.",1,Yes,Yes
ORD000252,CUST1821,JioMart,46:29.5,49,Grocery,664,"Very late delivery, not happy.",2,Yes,Yes
ORD000253,CUST8811,JioMart,27:29.5,39,Dairy,352,"Easy to order, loved it!",5,No,No
ORD000254,CUST9238,Blinkit,20:29.5,6,Beverages,404,Good quality products.,4,No,No
ORD000255,CUST9701,Blinkit,49:29.5,33,Grocery,1471,"Very late delivery, not happy.",2,No,Yes
ORD000256,CUST3579,JioMart,14:29.5,27,Dairy,738,"Horrible experience, never ordering again.",1,No,Yes
ORD000257,CUST1931,Swiggy Instamart,13:29.5,53,Dairy,626,"Easy to order, loved it!",5,Yes,No
ORD000258,CUST9320,Blinkit,28:29.5,33,Dairy,627,Quick and reliable!,5,No,No
ORD000259,CUST2312,JioMart,34:29.5,21,Fruits & Vegetables,72,"Very late delivery, not happy.",2,No,Yes
ORD000260,CUST4044,Blinkit,08:29.5,22,Fruits & Vegetables,402,Quick and reliable!,5,No,No
ORD000261,CUST2122,Blinkit,34:29.5,12,Beverages,882,Packaging could be better.,3,No,No
ORD000262,CUST2113,Swiggy Instamart,01:29.5,29,Grocery,683,Very satisfied with the service.,5,No,No
ORD000263,CUST4853,JioMart,07:29.5,14,Dairy,299,Packaging could be better.,3,No,No
ORD000264,CUST7615,JioMart,11:29.5,9,Personal Care,878,Items missing from order.,2,No,Yes
ORD000265,CUST2964,Swiggy Instamart,54:29.5,20,Snacks,81,"Very late delivery, not happy.",2,No,Yes
ORD000266,CUST5033,Swiggy Instamart,43:29.5,19,Grocery,357,"Not fresh, disappointed.",2,No,Yes
ORD000267,CUST1651,JioMart,51:29.5,30,Snacks,351,Excellent experience!,5,No,No
ORD000268,CUST2343,JioMart,01:29.5,33,Grocery,535,Items missing from order.,2,No,Yes
ORD000269,CUST7868,Swiggy Instamart,53:29.5,30,Grocery,808,"Very late delivery, not happy.",2,No,Yes
ORD000270,CUST9565,Blinkit,21:29.5,28,Snacks,400,"Not fresh, disappointed.",2,No,Yes
ORD000271,CUST6183,Blinkit,57:29.5,33,Dairy,341,Very satisfied with the service.,5,No,No
ORD000272,CUST5272,Swiggy Instamart,11:29.5,41,Beverages,644,"Easy to order, loved it!",5,Yes,No
ORD000273,CUST4346,Blinkit,28:29.5,20,Fruits & Vegetables,439,Wrong item delivered.,1,No,Yes
ORD000274,CUST6147,Swiggy Instamart,35:29.5,33,Grocery,1418,Very satisfied with the service.,5,No,No
ORD000275,CUST4910,Blinkit,59:29.5,30,Snacks,141,Packaging could be better.,3,No,No
ORD000276,CUST5351,Blinkit,58:29.5,34,Personal Care,1534,Good quality products.,4,No,No
ORD000277,CUST7484,JioMart,54:29.5,28,Beverages,891,Wrong item delivered.,1,No,Yes
ORD000278,CUST3144,JioMart,30:29.5,21,Beverages,665,Quick and reliable!,5,No,No
ORD000279,CUST5915,Blinkit,50:29.5,28,Personal Care,254,Delivery person was rude.,2,No,Yes
ORD000280,CUST8491,Blinkit,12:29.5,22,Fruits & Vegetables,86,"Easy to order, loved it!",5,No,No
ORD000281,CUST6180,JioMart,55:29.5,20,Grocery,615,Very satisfied with the service.,5,No,No
ORD000282,CUST2188,JioMart,40:29.5,41,Dairy,314,"Easy to order, loved it!",5,Yes,No
ORD000283,CUST1152,JioMart,11:29.5,31,Personal Care,1910,Delivery person was rude.,2,No,Yes
ORD000284,CUST8508,Swiggy Instamart,05:29.5,10,Fruits & Vegetables,260,"Horrible experience, never ordering again.",1,No,Yes
ORD000285,CUST2638,Blinkit,55:29.5,5,Grocery,505,"Fast delivery, great service!",5,No,No
ORD000286,CUST2200,JioMart,15:29.5,28,Personal Care,446,Packaging could be better.,3,No,No
ORD000287,CUST9808,Blinkit,15:29.5,23,Grocery,1474,"Horrible experience, never ordering again.",1,No,Yes
ORD000288,CUST4492,Swiggy Instamart,03:29.5,30,Snacks,126,Wrong item delivered.,1,No,Yes
ORD000289,CUST9288,Swiggy Instamart,48:29.5,32,Dairy,258,"Horrible experience, never ordering again.",1,No,Yes
ORD000291,CUST3170,Swiggy Instamart,34:29.5,22,Beverages,477,Good quality products.,4,No,No
ORD000292,CUST6718,Blinkit,38:29.5,39,Grocery,206,"Easy to order, loved it!",5,No,No
ORD000293,CUST2127,JioMart,50:29.5,18,Snacks,264,Wrong item delivered.,1,No,Yes
ORD000294,CUST5002,Blinkit,12:29.5,42,Dairy,564,Items missing from order.,2,Yes,Yes
ORD000295,CUST7054,Blinkit,25:29.5,35,Dairy,563,"Easy to order, loved it!",5,No,No
ORD000296,CUST5669,Swiggy Instamart,10:29.5,23,Fruits & Vegetables,558,Items missing from order.,2,No,Yes
ORD000297,CUST3584,Swiggy Instamart,11:29.5,34,Fruits & Vegetables,219,Very satisfied with the service.,5,No,No
ORD000298,CUST8179,Swiggy Instamart,05:29.5,26,Beverages,969,"Very late delivery, not happy.",2,No,Yes
ORD000299,CUST9900,Swiggy Instamart,22:29.5,43,Dairy,398,Excellent experience!,5,Yes,No
ORD000300,CUST5956,Swiggy Instamart,15:29.5,23,Snacks,265,"Not fresh, disappointed.",2,No,Yes
ORD000301,CUST9666,JioMart,17:29.5,38,Dairy,613,Good quality products.,4,No,No
ORD000302,CUST1128,Blinkit,59:29.5,17,Grocery,358,Quick and reliable!,5,No,No
ORD000303,CUST5905,Blinkit,55:29.5,33,Snacks,491,Delivery person was rude.,2,No,Yes
ORD000304,CUST2697,Blinkit,44:29.5,32,Snacks,317,Items missing from order.,2,No,Yes
ORD000305,CUST3200,Blinkit,03:29.5,36,Personal Care,1864,Very satisfied with the service.,5,No,No
ORD000307,CUST2891,Blinkit,31:29.5,26,Fruits & Vegetables,632,"Horrible experience, never ordering again.",1,No,Yes
ORD000308,CUST2753,JioMart,04:29.5,10,Fruits & Vegetables,390,Excellent experience!,5,No,No
ORD000309,CUST3546,JioMart,36:29.5,16,Dairy,175,"Very late delivery, not happy.",2,No,Yes
ORD000310,CUST5462,Blinkit,50:29.5,9,Snacks,88,Delivery person was rude.,2,No,Yes
ORD000311,CUST5616,Blinkit,17:29.5,27,Beverages,689,"Horrible experience, never ordering again.",1,No,Yes
ORD000312,CUST4450,JioMart,38:29.5,41,Beverages,672,Items missing from order.,2,Yes,Yes
ORD000313,CUST6617,JioMart,30:29.5,22,Snacks,297,"Horrible experience, never ordering again.",1,No,Yes
ORD000314,CUST4335,Swiggy Instamart,53:29.5,26,Snacks,416,Packaging could be better.,3,No,No
ORD000315,CUST5325,JioMart,31:29.5,24,Beverages,433,Good quality products.,4,No,No
ORD000316,CUST9280,Swiggy Instamart,33:29.5,32,Snacks,125,"Fast delivery, great service!",5,No,No
ORD000317,CUST9004,Swiggy Instamart,27:29.5,31,Snacks,257,Excellent experience!,5,No,No
ORD000318,CUST5114,Swiggy Instamart,41:29.5,25,Dairy,496,Packaging could be better.,3,No,No
ORD000319,CUST1832,Swiggy Instamart,21:29.5,20,Snacks,460,Quick and reliable!,5,No,No
ORD000320,CUST2512,Swiggy Instamart,06:29.5,36,Beverages,382,Packaging could be better.,3,No,No
ORD000322,CUST5533,JioMart,07:29.5,38,Beverages,825,Items missing from order.,2,No,Yes
ORD000323,CUST1722,Swiggy Instamart,40:29.5,18,Grocery,826,Items missing from order.,2,No,Yes
ORD000324,CUST1058,JioMart,58:29.5,7,Beverages,548,"Easy to order, loved it!",5,No,No
ORD000325,CUST6464,JioMart,21:29.5,27,Personal Care,1586,"Horrible experience, never ordering again.",1,No,Yes
ORD000326,CUST3143,Swiggy Instamart,51:29.5,43,Dairy,138,Good quality products.,4,Yes,No
ORD000327,CUST5291,Blinkit,01:29.5,10,Personal Care,551,Packaging could be better.,3,No,No
ORD000328,CUST3647,Swiggy Instamart,47:29.5,25,Dairy,209,"Horrible experience, never ordering again.",1,No,Yes
ORD000329,CUST8239,Blinkit,04:29.5,46,Personal Care,587,"Easy to order, loved it!",5,Yes,No
ORD000330,CUST8007,JioMart,07:29.5,39,Dairy,157,Excellent experience!,5,No,No
ORD000331,CUST1158,Blinkit,21:29.5,32,Dairy,210,"Easy to order, loved it!",5,No,No
ORD000333,CUST2232,Blinkit,43:29.5,44,Grocery,1117,"Easy to order, loved it!",5,Yes,No
ORD000334,CUST3442,JioMart,03:29.5,28,Fruits & Vegetables,83,Packaging could be better.,3,No,No
ORD000335,CUST9938,JioMart,30:29.5,7,Personal Care,1299,Quick and reliable!,5,No,No
ORD000336,CUST1590,Blinkit,47:29.5,44,Beverages,932,Very satisfied with the service.,5,Yes,No
ORD000337,CUST7049,Blinkit,19:29.5,19,Snacks,173,"Very late delivery, not happy.",2,No,Yes
ORD000338,CUST3426,Swiggy Instamart,04:29.5,61,Fruits & Vegetables,95,"Easy to order, loved it!",5,Yes,No
ORD000339,CUST8041,Blinkit,37:29.5,28,Snacks,165,"Not fresh, disappointed.",2,No,Yes
ORD000340,CUST3088,Swiggy Instamart,55:29.5,34,Dairy,619,"Very late delivery, not happy.",2,No,Yes
ORD000341,CUST1685,Blinkit,11:29.5,30,Dairy,317,Packaging could be better.,3,No,No
ORD000342,CUST6050,Swiggy Instamart,51:29.5,27,Personal Care,1314,"Not fresh, disappointed.",2,No,Yes
ORD000343,CUST6974,JioMart,24:29.5,37,Dairy,338,Very satisfied with the service.,5,No,No
ORD000344,CUST1653,Blinkit,36:29.5,32,Beverages,498,Items missing from order.,2,No,Yes
ORD000345,CUST6862,Blinkit,21:29.5,30,Fruits & Vegetables,89,Wrong item delivered.,1,No,Yes
ORD000346,CUST4441,Blinkit,33:29.5,19,Snacks,419,Very satisfied with the service.,5,No,No
ORD000347,CUST5088,Blinkit,53:29.5,28,Personal Care,978,Wrong item delivered.,1,No,Yes
ORD000348,CUST2684,Swiggy Instamart,30:29.5,18,Personal Care,775,"Fast delivery, great service!",5,No,No
ORD000349,CUST6794,Blinkit,13:29.5,34,Beverages,377,"Easy to order, loved it!",5,No,No
ORD000351,CUST3532,JioMart,03:29.5,31,Grocery,1063,"Not fresh, disappointed.",2,No,Yes
ORD000352,CUST4878,Blinkit,01:29.5,42,Personal Care,1038,Packaging could be better.,3,Yes,No
ORD000353,CUST3662,JioMart,18:29.5,38,Grocery,1457,Quick and reliable!,5,No,No
ORD000354,CUST3900,Blinkit,34:29.5,50,Snacks,209,Packaging could be better.,3,Yes,No
ORD000355,CUST7755,Blinkit,29:29.5,39,Grocery,1468,Very satisfied with the service.,5,No,No
ORD000356,CUST1406,JioMart,54:29.5,31,Personal Care,1446,Excellent experience!,5,No,No
ORD000357,CUST3938,Blinkit,57:29.5,27,Dairy,210,Items missing from order.,2,No,Yes
ORD000358,CUST6442,JioMart,42:29.5,15,Fruits & Vegetables,517,"Fast delivery, great service!",5,No,No
ORD000359,CUST7745,Swiggy Instamart,36:29.5,43,Beverages,275,Good quality products.,4,Yes,No
ORD000360,CUST5065,Blinkit,11:29.5,35,Grocery,1449,"Very late delivery, not happy.",2,No,Yes
ORD000362,CUST3608,JioMart,04:29.5,33,Fruits & Vegetables,591,Delivery person was rude.,2,No,Yes
ORD000363,CUST2771,Swiggy Instamart,44:29.5,31,Fruits & Vegetables,584,"Very late delivery, not happy.",2,No,Yes
ORD000364,CUST7267,Swiggy Instamart,24:29.5,29,Personal Care,1131,Very satisfied with the service.,5,No,No
ORD000365,CUST1634,JioMart,56:29.5,39,Snacks,238,Excellent experience!,5,No,No
ORD000366,CUST8711,Swiggy Instamart,19:29.5,14,Snacks,62,Items missing from order.,2,No,Yes
ORD000367,CUST4644,Swiggy Instamart,51:29.5,38,Grocery,1334,"Not fresh, disappointed.",2,No,Yes
ORD000368,CUST4269,JioMart,07:29.5,43,Snacks,216,Good quality products.,4,Yes,No
ORD000369,CUST8541,Swiggy Instamart,09:29.5,18,Dairy,641,Very satisfied with the service.,5,No,No
ORD000370,CUST6728,JioMart,32:29.5,10,Fruits & Vegetables,556,Packaging could be better.,3,No,No
ORD000371,CUST6000,Swiggy Instamart,09:29.5,34,Snacks,378,"Not fresh, disappointed.",2,No,Yes
ORD000372,CUST4728,JioMart,15:29.5,39,Grocery,823,"Not fresh, disappointed.",2,No,Yes
ORD000373,CUST4652,JioMart,24:29.5,21,Dairy,362,Delivery person was rude.,2,No,Yes
ORD000374,CUST1387,Swiggy Instamart,57:29.5,16,Dairy,517,Delivery person was rude.,2,No,Yes
ORD000375,CUST4164,Swiggy Instamart,21:29.5,11,Fruits & Vegetables,451,Delivery person was rude.,2,No,Yes
ORD000376,CUST7528,Swiggy Instamart,26:29.5,40,Snacks,288,Delivery person was rude.,2,No,Yes
ORD000377,CUST6378,Blinkit,02:29.5,28,Snacks,392,Quick and reliable!,5,No,No
ORD000378,CUST5564,Blinkit,37:29.5,43,Snacks,354,Wrong item delivered.,1,Yes,Yes
ORD000379,CUST2137,Blinkit,25:29.5,5,Grocery,1296,Packaging could be better.,3,No,No
ORD000380,CUST5573,JioMart,24:29.5,30,Fruits & Vegetables,332,Delivery person was rude.,2,No,Yes
ORD000381,CUST6753,Swiggy Instamart,08:29.5,41,Grocery,1016,Packaging could be better.,3,Yes,No
ORD000382,CUST9346,JioMart,53:29.5,20,Personal Care,1585,"Horrible experience, never ordering again.",1,No,Yes
ORD000383,CUST7548,Blinkit,31:29.5,37,Snacks,296,"Not fresh, disappointed.",2,No,Yes
ORD000385,CUST6425,JioMart,25:29.5,20,Dairy,206,"Not fresh, disappointed.",2,No,Yes
ORD000386,CUST1452,Swiggy Instamart,34:29.5,30,Beverages,444,Good quality products.,4,No,No
ORD000387,CUST2889,JioMart,56:29.5,23,Beverages,432,"Horrible experience, never ordering again.",1,No,Yes
ORD000388,CUST5279,Swiggy Instamart,04:29.5,43,Snacks,204,"Horrible experience, never ordering again.",1,Yes,Yes
ORD000389,CUST3925,Blinkit,48:29.5,30,Personal Care,1701,"Very late delivery, not happy.",2,No,Yes
ORD000390,CUST5349,Blinkit,16:29.5,44,Beverages,750,Packaging could be better.,3,Yes,No
ORD000391,CUST1626,Swiggy Instamart,01:29.5,36,Beverages,197,Good quality products.,4,No,No
ORD000392,CUST2776,JioMart,32:29.5,20,Grocery,1106,Good quality products.,4,No,No
ORD000393,CUST8119,Blinkit,15:29.5,32,Personal Care,403,Good quality products.,4,No,No
ORD000394,CUST6663,Blinkit,31:29.5,21,Beverages,591,Items missing from order.,2,No,Yes
ORD000395,CUST6139,Blinkit,30:29.5,41,Personal Care,1000,Wrong item delivered.,1,Yes,Yes
ORD000396,CUST8149,Swiggy Instamart,10:29.5,44,Dairy,598,"Not fresh, disappointed.",2,Yes,Yes
ORD000397,CUST9379,Swiggy Instamart,30:29.5,12,Personal Care,255,Delivery person was rude.,2,No,Yes
ORD000398,CUST2894,JioMart,38:29.5,35,Grocery,708,"Fast delivery, great service!",5,No,No
ORD000399,CUST7311,JioMart,12:29.5,42,Personal Care,521,"Fast delivery, great service!",5,Yes,No
ORD000400,CUST4114,JioMart,48:29.5,38,Fruits & Vegetables,494,Very satisfied with the service.,5,No,No
ORD000401,CUST5173,Swiggy Instamart,29:29.5,28,Personal Care,1767,Wrong item delivered.,1,No,Yes
ORD000402,CUST1727,Swiggy Instamart,27:29.5,57,Dairy,765,Excellent experience!,5,Yes,No
ORD000403,CUST8144,JioMart,48:29.5,32,Snacks,390,Packaging could be better.,3,No,No
ORD000404,CUST1027,JioMart,09:29.5,15,Personal Care,1757,Good quality products.,4,No,No
ORD000405,CUST9518,Swiggy Instamart,57:29.5,36,Fruits & Vegetables,56,"Horrible experience, never ordering again.",1,No,Yes
ORD000406,CUST9821,JioMart,50:29.5,40,Beverages,675,Very satisfied with the service.,5,No,No
ORD000407,CUST4228,Blinkit,05:29.5,35,Snacks,298,Wrong item delivered.,1,No,Yes
ORD000408,CUST6967,Swiggy Instamart,22:29.5,32,Snacks,164,"Very late delivery, not happy.",2,No,Yes
ORD000409,CUST8066,JioMart,33:29.5,16,Beverages,708,Delivery person was rude.,2,No,Yes
ORD000410,CUST2146,Swiggy Instamart,16:29.5,13,Snacks,121,Excellent experience!,5,No,No
ORD000411,CUST6409,Blinkit,59:29.5,20,Fruits & Vegetables,659,Wrong item delivered.,1,No,Yes
ORD000412,CUST6143,Swiggy Instamart,31:29.5,5,Snacks,104,"Fast delivery, great service!",5,No,No
ORD000413,CUST3041,Swiggy Instamart,26:29.5,45,Snacks,52,"Fast delivery, great service!",5,Yes,No
ORD000414,CUST5920,Swiggy Instamart,45:29.5,30,Grocery,1264,Excellent experience!,5,No,No
ORD000415,CUST9308,Swiggy Instamart,23:29.5,26,Fruits & Vegetables,204,Good quality products.,4,No,No
ORD000416,CUST6067,Blinkit,42:29.5,15,Beverages,577,Packaging could be better.,3,No,No
ORD000417,CUST7691,Swiggy Instamart,32:29.5,17,Dairy,698,Wrong item delivered.,1,No,Yes
ORD000418,CUST6344,Swiggy Instamart,25:29.5,30,Dairy,474,"Fast delivery, great service!",5,No,No
ORD000419,CUST7592,JioMart,55:29.5,27,Personal Care,108,Items missing from order.,2,No,Yes
ORD000420,CUST5844,Swiggy Instamart,23:29.5,31,Personal Care,1058,"Easy to order, loved it!",5,No,No
ORD000421,CUST3085,JioMart,33:29.5,16,Snacks,320,"Very late delivery, not happy.",2,No,Yes
ORD000422,CUST4143,Blinkit,21:29.5,33,Fruits & Vegetables,58,"Fast delivery, great service!",5,No,No
ORD000423,CUST7888,Blinkit,13:29.5,42,Snacks,188,Quick and reliable!,5,Yes,No
ORD000424,CUST7211,Blinkit,18:29.5,27,Beverages,789,Good quality products.,4,No,No
ORD000425,CUST3851,Blinkit,23:29.5,37,Snacks,210,Delivery person was rude.,2,No,Yes
ORD000426,CUST5930,JioMart,35:29.5,28,Snacks,276,Good quality products.,4,No,No
ORD000427,CUST7653,Swiggy Instamart,19:29.5,26,Grocery,1169,"Not fresh, disappointed.",2,No,Yes
ORD000428,CUST9977,Blinkit,03:29.5,34,Fruits & Vegetables,135,Items missing from order.,2,No,Yes
ORD000429,CUST1006,Swiggy Instamart,43:29.5,25,Fruits & Vegetables,203,Excellent experience!,5,No,No
ORD000430,CUST5978,JioMart,36:29.5,23,Grocery,1484,"Not fresh, disappointed.",2,No,Yes
ORD000431,CUST5700,JioMart,43:29.5,40,Beverages,275,"Fast delivery, great service!",5,No,No
ORD000432,CUST4443,JioMart,23:29.5,11,Dairy,299,Delivery person was rude.,2,No,Yes
ORD000433,CUST8043,Blinkit,36:29.5,30,Snacks,91,Wrong item delivered.,1,No,Yes
ORD000434,CUST6279,Swiggy Instamart,42:29.5,19,Beverages,184,"Not fresh, disappointed.",2,No,Yes
ORD000435,CUST8618,Swiggy Instamart,28:29.5,48,Dairy,277,"Very late delivery, not happy.",2,Yes,Yes
ORD000436,CUST8238,Swiggy Instamart,51:29.5,39,Snacks,232,Good quality products.,4,No,No
ORD000437,CUST8244,JioMart,32:29.5,42,Beverages,848,Packaging could be better.,3,Yes,No
ORD000438,CUST4501,Blinkit,57:29.5,31,Personal Care,173,Excellent experience!,5,No,No
ORD000439,CUST9375,JioMart,45:29.5,36,Personal Care,219,Excellent experience!,5,No,No
ORD000440,CUST8752,JioMart,12:29.5,32,Dairy,688,"Not fresh, disappointed.",2,No,Yes
ORD000441,CUST3780,Swiggy Instamart,37:29.5,24,Personal Care,400,"Not fresh, disappointed.",2,No,Yes
ORD000442,CUST2389,JioMart,18:29.5,47,Fruits & Vegetables,467,"Easy to order, loved it!",5,Yes,No
ORD000443,CUST5649,Swiggy Instamart,52:29.5,37,Fruits & Vegetables,261,"Not fresh, disappointed.",2,No,Yes
ORD000444,CUST9445,Blinkit,16:29.5,21,Personal Care,1017,"Fast delivery, great service!",5,No,No
ORD000445,CUST6491,Swiggy Instamart,38:29.5,14,Fruits & Vegetables,385,Delivery person was rude.,2,No,Yes
ORD000446,CUST2530,Blinkit,22:29.5,19,Personal Care,323,Good quality products.,4,No,No
ORD000447,CUST4848,Swiggy Instamart,17:29.5,30,Grocery,241,Quick and reliable!,5,No,No
ORD000448,CUST6085,JioMart,54:29.5,23,Dairy,441,"Very late delivery, not happy.",2,No,Yes
ORD000449,CUST4680,JioMart,59:29.5,39,Dairy,552,Quick and reliable!,5,No,No
ORD000450,CUST4262,Blinkit,54:29.5,32,Personal Care,1756,Delivery person was rude.,2,No,Yes
ORD000451,CUST3414,Blinkit,53:29.5,27,Dairy,741,Wrong item delivered.,1,No,Yes
ORD000452,CUST1400,Blinkit,17:29.5,30,Snacks,292,Excellent experience!,5,No,No
ORD000453,CUST1757,Swiggy Instamart,39:29.5,28,Beverages,483,Quick and reliable!,5,No,No
ORD000454,CUST5011,Swiggy Instamart,31:29.5,27,Snacks,120,Quick and reliable!,5,No,No
ORD000455,CUST8784,Blinkit,34:29.5,33,Grocery,1257,"Not fresh, disappointed.",2,No,Yes
ORD000456,CUST2193,JioMart,21:29.5,24,Snacks,292,Good quality products.,4,No,No
ORD000457,CUST8461,Swiggy Instamart,04:29.5,18,Dairy,251,"Fast delivery, great service!",5,No,No
ORD000458,CUST7790,Swiggy Instamart,13:29.5,37,Beverages,922,Good quality products.,4,No,No
ORD000459,CUST4185,Swiggy Instamart,30:29.5,22,Dairy,573,"Horrible experience, never ordering again.",1,No,Yes
ORD000460,CUST7291,Blinkit,34:29.5,42,Personal Care,261,"Easy to order, loved it!",5,Yes,No
ORD000461,CUST9099,Blinkit,54:29.5,28,Fruits & Vegetables,698,Quick and reliable!,5,No,No
ORD000462,CUST7547,Blinkit,48:29.5,25,Snacks,431,Delivery person was rude.,2,No,Yes
ORD000463,CUST4997,Blinkit,52:29.5,20,Beverages,441,Packaging could be better.,3,No,No
ORD000464,CUST3417,Blinkit,55:29.5,26,Beverages,384,Excellent experience!,5,No,No
ORD000465,CUST1090,JioMart,19:29.5,33,Personal Care,133,Packaging could be better.,3,No,No
ORD000466,CUST2746,JioMart,59:29.5,22,Beverages,921,Quick and reliable!,5,No,No
ORD000467,CUST7965,Blinkit,58:29.5,37,Grocery,488,"Easy to order, loved it!",5,No,No
ORD000468,CUST4585,Swiggy Instamart,21:29.5,18,Personal Care,922,"Horrible experience, never ordering again.",1,No,Yes
ORD000469,CUST3881,Blinkit,51:29.5,39,Snacks,400,Excellent experience!,5,No,No
ORD000470,CUST9486,JioMart,25:29.5,31,Grocery,912,Quick and reliable!,5,No,No
ORD000471,CUST8611,JioMart,43:29.5,25,Snacks,450,"Fast delivery, great service!",5,No,No
ORD000472,CUST1822,Swiggy Instamart,28:29.5,33,Personal Care,1870,"Fast delivery, great service!",5,No,No
ORD000473,CUST5082,JioMart,01:29.5,46,Beverages,165,Items missing from order.,2,Yes,Yes
ORD000474,CUST2988,Blinkit,14:29.5,41,Grocery,716,Excellent experience!,5,Yes,No
ORD000475,CUST8478,Swiggy Instamart,13:29.5,33,Grocery,963,Wrong item delivered.,1,No,Yes
ORD000476,CUST3184,Blinkit,34:29.5,39,Snacks,60,Wrong item delivered.,1,No,Yes
ORD000477,CUST8612,Blinkit,46:29.5,25,Fruits & Vegetables,269,"Horrible experience, never ordering again.",1,No,Yes
ORD000478,CUST9702,Swiggy Instamart,42:29.5,23,Grocery,1434,Very satisfied with the service.,5,No,No
ORD000479,CUST6198,Blinkit,43:29.5,37,Snacks,140,Packaging could be better.,3,No,No
ORD000480,CUST8251,JioMart,16:29.5,32,Snacks,153,"Horrible experience, never ordering again.",1,No,Yes
ORD000481,CUST9270,Blinkit,43:29.5,27,Personal Care,422,Good quality products.,4,No,No
ORD000482,CUST7991,Swiggy Instamart,04:29.5,38,Snacks,245,Good quality products.,4,No,No
ORD000483,CUST9976,Swiggy Instamart,56:29.5,30,Grocery,1388,Excellent experience!,5,No,No
ORD000484,CUST8305,Swiggy Instamart,23:29.5,42,Grocery,1279,Packaging could be better.,3,Yes,No
ORD000485,CUST3607,Blinkit,43:29.5,8,Snacks,416,"Horrible experience, never ordering again.",1,No,Yes
ORD000486,CUST8777,Swiggy Instamart,44:29.5,24,Fruits & Vegetables,688,Excellent experience!,5,No,No
ORD000487,CUST8373,Swiggy Instamart,32:29.5,39,Beverages,619,Wrong item delivered.,1,No,Yes
ORD000488,CUST5246,Blinkit,19:29.5,46,Grocery,699,Very satisfied with the service.,5,Yes,No
ORD000489,CUST5050,JioMart,10:29.5,43,Grocery,524,Good quality products.,4,Yes,No
ORD000490,CUST5543,Blinkit,38:29.5,23,Personal Care,271,Packaging could be better.,3,No,No
ORD000491,CUST9540,Swiggy Instamart,37:29.5,42,Grocery,1252,Good quality products.,4,Yes,No
ORD000492,CUST8939,Swiggy Instamart,11:29.5,11,Personal Care,410,"Very late delivery, not happy.",2,No,Yes
ORD000493,CUST4919,Blinkit,50:29.5,20,Snacks,363,Delivery person was rude.,2,No,Yes
ORD000494,CUST5499,JioMart,57:29.5,27,Dairy,396,Very satisfied with the service.,5,No,No
ORD000495,CUST8206,Swiggy Instamart,59:29.5,34,Snacks,317,Excellent experience!,5,No,No
ORD000496,CUST2269,Swiggy Instamart,53:29.5,20,Grocery,534,Excellent experience!,5,No,No
ORD000497,CUST5681,Swiggy Instamart,39:29.5,28,Beverages,781,Very satisfied with the service.,5,No,No
ORD000498,CUST4841,Blinkit,36:29.5,43,Beverages,912,Good quality products.,4,Yes,No
ORD000499,CUST5451,Swiggy Instamart,52:29.5,18,Beverages,502,Good quality products.,4,No,No
ORD000500,CUST6502,JioMart,35:29.5,17,Snacks,349,"Horrible experience, never ordering again.",1,No,Yes
ORD000501,CUST6238,Swiggy Instamart,27:29.5,22,Personal Care,824,Quick and reliable!,5,No,No
ORD000502,CUST9849,Swiggy Instamart,30:29.5,53,Beverages,653,"Easy to order, loved it!",5,Yes,No
ORD000503,CUST2320,JioMart,39:29.5,34,Dairy,781,Quick and reliable!,5,No,No
ORD000504,CUST3267,Swiggy Instamart,51:29.5,21,Beverages,923,Excellent experience!,5,No,No
ORD000505,CUST3471,Blinkit,26:29.5,39,Fruits & Vegetables,143,"Not fresh, disappointed.",2,No,Yes
ORD000506,CUST4788,Blinkit,08:29.5,11,Beverages,406,Delivery person was rude.,2,No,Yes
ORD000507,CUST7275,Blinkit,57:29.5,28,Snacks,149,"Not fresh, disappointed.",2,No,Yes
ORD000508,CUST3503,JioMart,18:29.5,31,Fruits & Vegetables,294,"Very late delivery, not happy.",2,No,Yes
ORD000509,CUST4505,Swiggy Instamart,03:29.5,41,Snacks,230,"Very late delivery, not happy.",2,Yes,Yes
ORD000510,CUST2052,Blinkit,04:29.5,15,Snacks,281,"Horrible experience, never ordering again.",1,No,Yes
ORD000511,CUST7797,JioMart,13:29.5,42,Beverages,198,Excellent experience!,5,Yes,No
ORD000512,CUST7678,Swiggy Instamart,45:29.5,40,Snacks,428,Items missing from order.,2,No,Yes
ORD000513,CUST6421,JioMart,28:29.5,43,Snacks,263,"Very late delivery, not happy.",2,Yes,Yes
ORD000514,CUST9890,Blinkit,06:29.5,17,Dairy,289,Delivery person was rude.,2,No,Yes
ORD000515,CUST8633,Blinkit,42:29.5,47,Dairy,148,Excellent experience!,5,Yes,No
ORD000516,CUST7812,Blinkit,01:29.5,11,Snacks,251,Quick and reliable!,5,No,No
ORD000517,CUST2020,JioMart,57:29.5,17,Beverages,426,Very satisfied with the service.,5,No,No
ORD000518,CUST4388,JioMart,13:29.5,31,Personal Care,1241,"Easy to order, loved it!",5,No,No
ORD000519,CUST7883,Blinkit,53:29.5,26,Dairy,293,"Fast delivery, great service!",5,No,No
ORD000520,CUST7381,JioMart,17:29.5,16,Beverages,623,"Horrible experience, never ordering again.",1,No,Yes
ORD000521,CUST1320,Blinkit,43:29.5,53,Personal Care,1637,"Very late delivery, not happy.",2,Yes,Yes
ORD000522,CUST7232,Blinkit,21:29.5,13,Dairy,643,"Easy to order, loved it!",5,No,No
ORD000523,CUST8814,Swiggy Instamart,50:29.5,12,Beverages,524,"Fast delivery, great service!",5,No,No
ORD000524,CUST1096,JioMart,11:29.5,33,Dairy,271,Good quality products.,4,No,No
ORD000525,CUST6763,Blinkit,50:29.5,29,Fruits & Vegetables,528,"Horrible experience, never ordering again.",1,No,Yes
ORD000526,CUST5892,Blinkit,20:29.5,15,Dairy,542,Quick and reliable!,5,No,No
ORD000527,CUST7389,JioMart,33:29.5,51,Personal Care,1231,Packaging could be better.,3,Yes,No
ORD000528,CUST7865,Swiggy Instamart,03:29.5,31,Snacks,335,Good quality products.,4,No,No
ORD000529,CUST9818,Swiggy Instamart,17:29.5,24,Grocery,810,"Very late delivery, not happy.",2,No,Yes
ORD000530,CUST9947,Blinkit,31:29.5,29,Snacks,296,"Very late delivery, not happy.",2,No,Yes
ORD000531,CUST4613,JioMart,37:29.5,14,Fruits & Vegetables,277,"Horrible experience, never ordering again.",1,No,Yes
ORD000532,CUST8999,Swiggy Instamart,44:29.5,40,Personal Care,1381,Items missing from order.,2,No,Yes
ORD000533,CUST4595,JioMart,47:29.5,32,Personal Care,1233,"Very late delivery, not happy.",2,No,Yes
ORD000534,CUST5471,JioMart,07:29.5,27,Fruits & Vegetables,386,Items missing from order.,2,No,Yes
ORD000535,CUST8140,Blinkit,17:29.5,29,Personal Care,511,Delivery person was rude.,2,No,Yes
ORD000537,CUST1475,Blinkit,47:29.5,41,Fruits & Vegetables,699,"Horrible experience, never ordering again.",1,Yes,Yes
ORD000538,CUST7371,Swiggy Instamart,47:29.5,23,Dairy,288,"Fast delivery, great service!",5,No,No
ORD000539,CUST6507,Swiggy Instamart,35:29.5,24,Dairy,152,"Fast delivery, great service!",5,No,No
ORD000540,CUST7624,Swiggy Instamart,35:29.5,31,Personal Care,1209,Packaging could be better.,3,No,No
ORD000541,CUST3704,Swiggy Instamart,13:29.5,9,Fruits & Vegetables,186,Packaging could be better.,3,No,No
ORD000542,CUST8657,Swiggy Instamart,04:29.5,35,Fruits & Vegetables,636,Very satisfied with the service.,5,No,No
ORD000543,CUST3091,JioMart,27:29.5,29,Fruits & Vegetables,578,"Fast delivery, great service!",5,No,No
ORD000545,CUST1441,JioMart,02:29.5,27,Snacks,93,Packaging could be better.,3,No,No
ORD000546,CUST7455,Swiggy Instamart,44:29.5,21,Beverages,220,Very satisfied with the service.,5,No,No
ORD000547,CUST1444,Blinkit,50:29.5,31,Dairy,735,"Not fresh, disappointed.",2,No,Yes
ORD000548,CUST2375,Swiggy Instamart,17:29.5,39,Snacks,129,Very satisfied with the service.,5,No,No
ORD000549,CUST8022,Blinkit,35:29.5,24,Snacks,138,"Easy to order, loved it!",5,No,No
ORD000550,CUST3223,JioMart,41:29.5,38,Dairy,429,"Horrible experience, never ordering again.",1,No,Yes
ORD000551,CUST8564,Blinkit,48:29.5,27,Fruits & Vegetables,192,Items missing from order.,2,No,Yes
ORD000552,CUST3977,Blinkit,40:29.5,25,Snacks,218,Wrong item delivered.,1,No,Yes
ORD000553,CUST1823,Blinkit,55:29.5,38,Dairy,270,Very satisfied with the service.,5,No,No
ORD000554,CUST5262,Blinkit,29:29.5,33,Fruits & Vegetables,292,Items missing from order.,2,No,Yes
ORD000556,CUST6363,Swiggy Instamart,19:29.5,27,Personal Care,504,Items missing from order.,2,No,Yes
ORD000557,CUST4467,Blinkit,31:29.5,18,Fruits & Vegetables,431,Items missing from order.,2,No,Yes
ORD000558,CUST8449,Blinkit,40:29.5,35,Personal Care,1702,"Horrible experience, never ordering again.",1,No,Yes
ORD000559,CUST6355,JioMart,29:29.5,20,Fruits & Vegetables,662,Packaging could be better.,3,No,No
ORD000560,CUST6529,Blinkit,45:29.5,31,Beverages,246,"Easy to order, loved it!",5,No,No
ORD000562,CUST5558,Swiggy Instamart,44:29.5,35,Fruits & Vegetables,654,Excellent experience!,5,No,No
ORD000563,CUST7906,Blinkit,46:29.5,24,Grocery,575,Packaging could be better.,3,No,No
ORD000564,CUST5133,JioMart,52:29.5,30,Snacks,468,Wrong item delivered.,1,No,Yes
ORD000565,CUST2341,JioMart,46:29.5,23,Dairy,275,Good quality products.,4,No,No
ORD000566,CUST8705,Swiggy Instamart,01:29.5,25,Snacks,267,Quick and reliable!,5,No,No
ORD000567,CUST1317,Blinkit,32:29.5,20,Beverages,896,"Horrible experience, never ordering again.",1,No,Yes
ORD000569,CUST1853,JioMart,30:29.5,34,Grocery,1380,Packaging could be better.,3,No,No
ORD000570,CUST6733,Blinkit,07:29.5,21,Beverages,912,Items missing from order.,2,No,Yes
ORD000571,CUST4673,JioMart,17:29.5,21,Dairy,703,"Fast delivery, great service!",5,No,No
ORD000572,CUST2124,Blinkit,56:29.5,45,Snacks,190,Items missing from order.,2,Yes,Yes
ORD000573,CUST1659,JioMart,22:29.5,21,Grocery,1428,Wrong item delivered.,1,No,Yes
ORD000574,CUST1508,Blinkit,50:29.5,37,Personal Care,1354,Good quality products.,4,No,No
ORD000575,CUST5051,Swiggy Instamart,16:29.5,40,Dairy,543,Wrong item delivered.,1,No,Yes
ORD000576,CUST4266,Blinkit,53:29.5,32,Snacks,284,Items missing from order.,2,No,Yes
ORD000577,CUST1333,Blinkit,29:29.5,33,Fruits & Vegetables,286,"Fast delivery, great service!",5,No,No
ORD000578,CUST3496,Swiggy Instamart,32:29.5,30,Personal Care,1468,Wrong item delivered.,1,No,Yes
ORD000579,CUST4908,Blinkit,02:29.5,16,Fruits & Vegetables,469,Quick and reliable!,5,No,No
ORD000580,CUST3068,Swiggy Instamart,39:29.5,40,Personal Care,667,Delivery person was rude.,2,No,Yes
ORD000581,CUST8758,Blinkit,16:29.5,25,Beverages,164,"Not fresh, disappointed.",2,No,Yes
ORD000582,CUST2874,JioMart,54:29.5,38,Snacks,495,"Very late delivery, not happy.",2,No,Yes
ORD000583,CUST4571,JioMart,04:29.5,29,Beverages,823,Good quality products.,4,No,No
ORD000584,CUST8619,Blinkit,09:29.5,34,Fruits & Vegetables,153,"Very late delivery, not happy.",2,No,Yes
ORD000585,CUST5198,Blinkit,43:29.5,32,Grocery,281,Delivery person was rude.,2,No,Yes
ORD000586,CUST7043,Blinkit,41:29.5,25,Snacks,325,"Horrible experience, never ordering again.",1,No,Yes
ORD000587,CUST3749,JioMart,27:29.5,37,Beverages,446,Delivery person was rude.,2,No,Yes
ORD000589,CUST3683,JioMart,50:29.5,42,Beverages,235,Packaging could be better.,3,Yes,No
ORD000590,CUST6096,Swiggy Instamart,16:29.5,41,Grocery,916,Packaging could be better.,3,Yes,No
ORD000592,CUST1420,JioMart,23:29.5,32,Fruits & Vegetables,633,"Not fresh, disappointed.",2,No,Yes
ORD000593,CUST6111,Swiggy Instamart,40:29.5,27,Dairy,756,"Easy to order, loved it!",5,No,No
ORD000594,CUST7149,JioMart,27:29.5,21,Grocery,559,Items missing from order.,2,No,Yes
ORD000595,CUST7498,Blinkit,07:29.5,29,Grocery,738,"Horrible experience, never ordering again.",1,No,Yes
ORD000596,CUST4249,Blinkit,35:29.5,32,Personal Care,1376,"Not fresh, disappointed.",2,No,Yes
ORD000597,CUST2245,JioMart,36:29.5,43,Personal Care,1760,Excellent experience!,5,Yes,No
ORD000598,CUST4978,Blinkit,52:29.5,28,Snacks,167,Excellent experience!,5,No,No
ORD000599,CUST2669,JioMart,42:29.5,30,Snacks,314,Delivery person was rude.,2,No,Yes
ORD000600,CUST5941,Blinkit,11:29.5,43,Snacks,383,Items missing from order.,2,Yes,Yes
ORD000601,CUST2983,Blinkit,14:29.5,35,Beverages,737,"Horrible experience, never ordering again.",1,No,Yes
ORD000602,CUST1672,JioMart,24:29.5,16,Fruits & Vegetables,52,Excellent experience!,5,No,No
ORD000603,CUST6688,Blinkit,03:29.5,29,Grocery,827,"Horrible experience, never ordering again.",1,No,Yes
ORD000604,CUST9728,JioMart,03:29.5,38,Fruits & Vegetables,292,Items missing from order.,2,No,Yes
ORD000605,CUST8018,Blinkit,16:29.5,54,Personal Care,1482,"Very late delivery, not happy.",2,Yes,Yes
ORD000606,CUST7071,Blinkit,16:29.5,31,Beverages,165,"Not fresh, disappointed.",2,No,Yes
ORD000607,CUST2129,Swiggy Instamart,43:29.5,9,Beverages,980,Good quality products.,4,No,No
ORD000608,CUST9289,Swiggy Instamart,51:29.5,11,Personal Care,1887,"Very late delivery, not happy.",2,No,Yes
ORD000609,CUST6590,JioMart,16:29.5,23,Dairy,486,"Fast delivery, great service!",5,No,No
ORD000610,CUST1207,Swiggy Instamart,09:29.5,20,Personal Care,769,Wrong item delivered.,1,No,Yes
ORD000611,CUST7882,JioMart,06:29.5,38,Snacks,252,Items missing from order.,2,No,Yes
ORD000612,CUST9031,Swiggy Instamart,13:29.5,48,Beverages,689,Good quality products.,4,Yes,No
ORD000613,CUST2729,Blinkit,10:29.5,37,Beverages,140,Excellent experience!,5,No,No
ORD000614,CUST8102,JioMart,57:29.5,39,Dairy,781,Wrong item delivered.,1,No,Yes
ORD000615,CUST6934,JioMart,55:29.5,36,Dairy,576,Items missing from order.,2,No,Yes
ORD000616,CUST8532,Blinkit,56:29.5,33,Personal Care,370,Items missing from order.,2,No,Yes
ORD000617,CUST3506,JioMart,26:29.5,22,Beverages,482,Delivery person was rude.,2,No,Yes
ORD000618,CUST8135,JioMart,31:29.5,37,Dairy,687,"Horrible experience, never ordering again.",1,No,Yes
ORD000619,CUST3885,Swiggy Instamart,28:29.5,26,Grocery,1384,Very satisfied with the service.,5,No,No
ORD000620,CUST9548,JioMart,10:29.5,38,Fruits & Vegetables,691,Quick and reliable!,5,No,No
ORD000621,CUST5425,Blinkit,54:29.5,34,Fruits & Vegetables,136,"Very late delivery, not happy.",2,No,Yes
ORD000622,CUST9817,Swiggy Instamart,28:29.5,30,Beverages,354,Excellent experience!,5,No,No
ORD000623,CUST8921,Swiggy Instamart,13:29.5,22,Personal Care,248,Excellent experience!,5,No,No
ORD000624,CUST8616,Blinkit,13:29.5,29,Grocery,292,Good quality products.,4,No,No
ORD000625,CUST8136,Blinkit,07:29.5,24,Beverages,160,Items missing from order.,2,No,Yes
ORD000626,CUST5397,Swiggy Instamart,17:29.5,12,Dairy,665,Very satisfied with the service.,5,No,No
ORD000627,CUST6280,JioMart,25:29.5,18,Dairy,489,Very satisfied with the service.,5,No,No
ORD000628,CUST5022,Swiggy Instamart,11:29.5,32,Snacks,209,Items missing from order.,2,No,Yes
ORD000629,CUST2419,Blinkit,52:29.5,5,Personal Care,418,Delivery person was rude.,2,No,Yes
ORD000630,CUST5569,Swiggy Instamart,29:29.5,53,Fruits & Vegetables,246,Quick and reliable!,5,Yes,No
ORD000631,CUST8385,Blinkit,20:29.5,24,Fruits & Vegetables,377,"Easy to order, loved it!",5,No,No
ORD000632,CUST4995,Swiggy Instamart,29:29.5,38,Grocery,716,Quick and reliable!,5,No,No
ORD000633,CUST8613,JioMart,02:29.5,8,Personal Care,1200,Quick and reliable!,5,No,No
ORD000635,CUST6511,Swiggy Instamart,28:29.5,40,Snacks,122,Wrong item delivered.,1,No,Yes
ORD000636,CUST1470,Blinkit,46:29.5,34,Fruits & Vegetables,232,"Not fresh, disappointed.",2,No,Yes
ORD000637,CUST9098,Blinkit,37:29.5,26,Beverages,644,Wrong item delivered.,1,No,Yes
ORD000638,CUST6325,Blinkit,40:29.5,49,Fruits & Vegetables,286,Excellent experience!,5,Yes,No
ORD000639,CUST3979,Swiggy Instamart,08:29.5,15,Dairy,162,"Horrible experience, never ordering again.",1,No,Yes
ORD000640,CUST8988,JioMart,16:29.5,40,Dairy,103,Very satisfied with the service.,5,No,No
ORD000641,CUST4475,Blinkit,15:29.5,25,Grocery,1278,Packaging could be better.,3,No,No
ORD000642,CUST6813,Blinkit,35:29.5,21,Snacks,91,Quick and reliable!,5,No,No
ORD000643,CUST5232,Swiggy Instamart,19:29.5,10,Snacks,215,"Horrible experience, never ordering again.",1,No,Yes
ORD000644,CUST6576,Blinkit,38:29.5,11,Grocery,1220,Good quality products.,4,No,No
ORD000645,CUST5581,JioMart,08:29.5,31,Beverages,543,Good quality products.,4,No,No
ORD000646,CUST5526,JioMart,34:29.5,30,Personal Care,1640,Packaging could be better.,3,No,No
ORD000647,CUST1166,Blinkit,04:29.5,22,Grocery,1261,Delivery person was rude.,2,No,Yes
ORD000648,CUST9464,Blinkit,15:29.5,27,Grocery,1412,Packaging could be better.,3,No,No
ORD000649,CUST4130,Swiggy Instamart,50:29.5,28,Personal Care,1405,Items missing from order.,2,No,Yes
ORD000650,CUST2402,JioMart,17:29.5,25,Dairy,755,Quick and reliable!,5,No,No
ORD000651,CUST4954,JioMart,38:29.5,19,Dairy,694,Quick and reliable!,5,No,No
ORD000654,CUST4937,JioMart,20:29.5,33,Dairy,177,Very satisfied with the service.,5,No,No
ORD000655,CUST8800,JioMart,23:29.5,34,Fruits & Vegetables,426,"Horrible experience, never ordering again.",1,No,Yes
ORD000656,CUST9041,Swiggy Instamart,35:29.5,37,Fruits & Vegetables,486,"Horrible experience, never ordering again.",1,No,Yes
ORD000657,CUST8342,Swiggy Instamart,22:29.5,27,Grocery,826,Delivery person was rude.,2,No,Yes
ORD000658,CUST1282,JioMart,04:29.5,23,Personal Care,983,Items missing from order.,2,No,Yes
ORD000659,CUST2524,JioMart,54:29.5,10,Grocery,664,Packaging could be better.,3,No,No
ORD000660,CUST5820,Swiggy Instamart,23:29.5,24,Grocery,1198,"Easy to order, loved it!",5,No,No
ORD000661,CUST4630,JioMart,51:29.5,23,Grocery,434,"Horrible experience, never ordering again.",1,No,Yes
ORD000662,CUST7625,Blinkit,50:29.5,19,Snacks,205,Delivery person was rude.,2,No,Yes
ORD000663,CUST4986,Blinkit,03:29.5,32,Grocery,412,"Horrible experience, never ordering again.",1,No,Yes
ORD000664,CUST6016,Swiggy Instamart,35:29.5,28,Beverages,678,"Very late delivery, not happy.",2,No,Yes
ORD000665,CUST7046,Swiggy Instamart,51:29.5,34,Fruits & Vegetables,514,"Fast delivery, great service!",5,No,No
ORD000666,CUST8753,Swiggy Instamart,28:29.5,18,Grocery,406,"Horrible experience, never ordering again.",1,No,Yes
ORD000667,CUST9698,Blinkit,49:29.5,14,Grocery,868,"Fast delivery, great service!",5,No,No
ORD000668,CUST6632,JioMart,36:29.5,36,Dairy,782,Good quality products.,4,No,No
ORD000669,CUST7971,Blinkit,01:29.5,38,Snacks,445,Good quality products.,4,No,No
ORD000670,CUST6419,JioMart,06:29.5,21,Beverages,198,Good quality products.,4,No,No
ORD000671,CUST6764,Blinkit,20:29.5,26,Dairy,721,Wrong item delivered.,1,No,Yes
ORD000672,CUST8434,JioMart,32:29.5,32,Beverages,466,"Very late delivery, not happy.",2,No,Yes
ORD000673,CUST5438,Blinkit,29:29.5,35,Grocery,1194,"Fast delivery, great service!",5,No,No
ORD000674,CUST6023,Swiggy Instamart,41:29.5,12,Personal Care,1524,"Not fresh, disappointed.",2,No,Yes
ORD000675,CUST5118,Blinkit,48:29.5,39,Personal Care,1220,Packaging could be better.,3,No,No
ORD000676,CUST4777,JioMart,58:29.5,16,Dairy,650,"Easy to order, loved it!",5,No,No
ORD000677,CUST2976,Blinkit,55:29.5,15,Beverages,199,"Very late delivery, not happy.",2,No,Yes
ORD000678,CUST4155,Blinkit,17:29.5,25,Grocery,835,Quick and reliable!,5,No,No
ORD000679,CUST6169,Blinkit,34:29.5,25,Fruits & Vegetables,390,Excellent experience!,5,No,No
ORD000680,CUST2958,Swiggy Instamart,41:29.5,30,Grocery,1094,Delivery person was rude.,2,No,Yes
ORD000681,CUST9779,Blinkit,00:29.5,31,Grocery,1118,Items missing from order.,2,No,Yes
ORD000682,CUST4033,Swiggy Instamart,09:29.5,46,Beverages,477,"Horrible experience, never ordering again.",1,Yes,Yes
ORD000683,CUST4138,Swiggy Instamart,58:29.5,20,Fruits & Vegetables,253,Quick and reliable!,5,No,No
ORD000684,CUST4545,Blinkit,21:29.5,40,Grocery,1071,Items missing from order.,2,No,Yes
ORD000685,CUST8933,Blinkit,44:29.5,15,Personal Care,1689,Wrong item delivered.,1,No,Yes
ORD000686,CUST5530,Blinkit,56:29.5,17,Personal Care,901,Items missing from order.,2,No,Yes
ORD000687,CUST9595,JioMart,05:29.5,20,Fruits & Vegetables,625,Quick and reliable!,5,No,No
ORD000688,CUST5636,Blinkit,56:29.5,10,Beverages,294,"Easy to order, loved it!",5,No,No
ORD000689,CUST2647,Swiggy Instamart,21:29.5,34,Fruits & Vegetables,665,Very satisfied with the service.,5,No,No
ORD000690,CUST4180,Blinkit,42:29.5,42,Fruits & Vegetables,542,"Fast delivery, great service!",5,Yes,No
ORD000691,CUST5853,JioMart,40:29.5,39,Dairy,529,Packaging could be better.,3,No,No
ORD000692,CUST4727,Blinkit,21:29.5,14,Dairy,733,Good quality products.,4,No,No
ORD000693,CUST6912,JioMart,55:29.5,52,Fruits & Vegetables,539,Very satisfied with the service.,5,Yes,No
ORD000694,CUST3939,JioMart,18:29.5,31,Snacks,267,Good quality products.,4,No,No
ORD000695,CUST5952,Blinkit,48:29.5,45,Grocery,546,Quick and reliable!,5,Yes,No
ORD000696,CUST1231,Swiggy Instamart,50:29.5,28,Snacks,399,Excellent experience!,5,No,No
ORD000698,CUST3073,Blinkit,17:29.5,26,Grocery,424,Packaging could be better.,3,No,No
ORD000699,CUST5494,Blinkit,22:29.5,50,Snacks,455,"Easy to order, loved it!",5,Yes,No
ORD000700,CUST1745,Swiggy Instamart,58:29.5,43,Personal Care,1811,Quick and reliable!,5,Yes,No
ORD000701,CUST1893,JioMart,55:29.5,29,Beverages,703,Excellent experience!,5,No,No
ORD000702,CUST5786,JioMart,52:29.5,26,Personal Care,1424,Wrong item delivered.,1,No,Yes
ORD000704,CUST9042,Blinkit,05:29.5,11,Fruits & Vegetables,275,"Very late delivery, not happy.",2,No,Yes
ORD000705,CUST2680,Swiggy Instamart,33:29.5,8,Dairy,565,"Easy to order, loved it!",5,No,No
ORD000706,CUST1200,Swiggy Instamart,18:29.5,19,Dairy,251,Excellent experience!,5,No,No
ORD000707,CUST5658,JioMart,25:29.5,33,Fruits & Vegetables,447,Quick and reliable!,5,No,No
ORD000708,CUST8690,JioMart,18:29.5,40,Fruits & Vegetables,481,Quick and reliable!,5,No,No
ORD000709,CUST8843,Blinkit,32:29.5,17,Fruits & Vegetables,654,Delivery person was rude.,2,No,Yes
ORD000710,CUST8216,JioMart,37:29.5,45,Grocery,436,Excellent experience!,5,Yes,No
ORD000711,CUST6582,Swiggy Instamart,44:29.5,24,Personal Care,800,Items missing from order.,2,No,Yes
ORD000712,CUST4020,Swiggy Instamart,18:29.5,34,Grocery,732,Packaging could be better.,3,No,No
ORD000713,CUST1841,Blinkit,30:29.5,24,Beverages,247,Good quality products.,4,No,No
ORD000714,CUST5136,Swiggy Instamart,34:29.5,28,Snacks,270,Quick and reliable!,5,No,No
ORD000715,CUST8827,Swiggy Instamart,50:29.5,48,Snacks,185,Very satisfied with the service.,5,Yes,No
ORD000716,CUST2869,Swiggy Instamart,35:29.5,24,Personal Care,1590,Delivery person was rude.,2,No,Yes
ORD000717,CUST2070,Swiggy Instamart,27:29.5,20,Dairy,455,Wrong item delivered.,1,No,Yes
ORD000718,CUST7565,Blinkit,38:29.5,36,Personal Care,1690,Very satisfied with the service.,5,No,No
ORD000719,CUST9056,Blinkit,24:29.5,39,Snacks,318,Excellent experience!,5,No,No
ORD000720,CUST2213,JioMart,04:29.5,14,Dairy,215,Items missing from order.,2,No,Yes
ORD000721,CUST1878,Swiggy Instamart,22:29.5,33,Fruits & Vegetables,142,"Fast delivery, great service!",5,No,No
ORD000722,CUST3485,JioMart,56:29.5,35,Fruits & Vegetables,95,Items missing from order.,2,No,Yes
ORD000723,CUST3444,Blinkit,11:29.5,47,Dairy,628,Packaging could be better.,3,Yes,No
ORD000725,CUST2395,Blinkit,59:29.5,43,Personal Care,1025,"Horrible experience, never ordering again.",1,Yes,Yes
ORD000726,CUST5066,Blinkit,55:29.5,31,Grocery,1109,Wrong item delivered.,1,No,Yes
ORD000727,CUST2940,Blinkit,03:29.5,27,Dairy,160,Delivery person was rude.,2,No,Yes
ORD000728,CUST7818,Blinkit,33:29.5,22,Grocery,1463,"Not fresh, disappointed.",2,No,Yes
ORD000729,CUST4697,Blinkit,50:29.5,34,Beverages,404,"Not fresh, disappointed.",2,No,Yes
ORD000730,CUST9561,Swiggy Instamart,11:29.5,18,Snacks,364,Very satisfied with the service.,5,No,No
ORD000732,CUST8381,Blinkit,28:29.5,36,Fruits & Vegetables,402,Quick and reliable!,5,No,No
ORD000733,CUST8253,Swiggy Instamart,11:29.5,48,Personal Care,669,Items missing from order.,2,Yes,Yes
ORD000734,CUST5871,Swiggy Instamart,33:29.5,15,Beverages,284,Excellent experience!,5,No,No
ORD000735,CUST8025,JioMart,30:29.5,22,Grocery,400,Good quality products.,4,No,No
ORD000736,CUST6003,Blinkit,18:29.5,32,Grocery,1095,Packaging could be better.,3,No,No
ORD000737,CUST1986,JioMart,07:29.5,24,Snacks,340,"Horrible experience, never ordering again.",1,No,Yes
ORD000738,CUST2625,Blinkit,37:29.5,11,Dairy,327,"Not fresh, disappointed.",2,No,Yes
ORD000739,CUST4404,Swiggy Instamart,37:29.5,21,Grocery,325,Delivery person was rude.,2,No,Yes
ORD000740,CUST4457,Swiggy Instamart,20:29.5,34,Beverages,847,Good quality products.,4,No,No
ORD000741,CUST5335,Swiggy Instamart,48:29.5,27,Snacks,218,Good quality products.,4,No,No
ORD000742,CUST2330,Swiggy Instamart,02:29.5,33,Grocery,491,Good quality products.,4,No,No
ORD000743,CUST3573,JioMart,07:29.5,16,Grocery,981,Delivery person was rude.,2,No,Yes
ORD000744,CUST4929,Blinkit,12:29.5,33,Dairy,361,"Fast delivery, great service!",5,No,No
ORD000745,CUST3847,Blinkit,37:29.5,9,Fruits & Vegetables,430,Wrong item delivered.,1,No,Yes
ORD000746,CUST2229,JioMart,12:29.5,37,Beverages,988,"Fast delivery, great service!",5,No,No
ORD000747,CUST3564,Blinkit,45:29.5,43,Personal Care,1948,"Fast delivery, great service!",5,Yes,No
ORD000748,CUST1043,Swiggy Instamart,33:29.5,16,Grocery,1268,Good quality products.,4,No,No
ORD000749,CUST7693,Blinkit,15:29.5,24,Dairy,102,"Easy to order, loved it!",5,No,No
ORD000751,CUST8699,JioMart,25:29.5,30,Snacks,137,"Horrible experience, never ordering again.",1,No,Yes
ORD000752,CUST5771,Blinkit,54:29.5,31,Dairy,795,"Horrible experience, never ordering again.",1,No,Yes
ORD000753,CUST1534,JioMart,41:29.5,16,Dairy,256,Good quality products.,4,No,No
ORD000754,CUST4792,Blinkit,48:29.5,24,Personal Care,1768,Wrong item delivered.,1,No,Yes
ORD000755,CUST5720,Swiggy Instamart,25:29.5,40,Beverages,350,Items missing from order.,2,No,Yes
ORD000756,CUST5632,JioMart,29:29.5,35,Snacks,121,Quick and reliable!,5,No,No
ORD000757,CUST8438,Blinkit,16:29.5,31,Snacks,273,Good quality products.,4,No,No
ORD000758,CUST2166,Swiggy Instamart,23:29.5,40,Grocery,1101,"Easy to order, loved it!",5,No,No
ORD000759,CUST4824,JioMart,57:29.5,48,Fruits & Vegetables,488,"Fast delivery, great service!",5,Yes,No
ORD000760,CUST5334,JioMart,44:29.5,31,Beverages,748,Very satisfied with the service.,5,No,No
ORD000761,CUST4241,Blinkit,08:29.5,33,Beverages,589,Packaging could be better.,3,No,No
ORD000763,CUST2880,Blinkit,16:29.5,31,Grocery,1046,"Not fresh, disappointed.",2,No,Yes
ORD000764,CUST9922,Swiggy Instamart,45:29.5,22,Fruits & Vegetables,282,Items missing from order.,2,No,Yes
ORD000765,CUST4683,Blinkit,47:29.5,13,Beverages,932,"Easy to order, loved it!",5,No,No
ORD000766,CUST3441,JioMart,48:29.5,37,Personal Care,585,Quick and reliable!,5,No,No
ORD000767,CUST5352,JioMart,36:29.5,36,Grocery,858,"Horrible experience, never ordering again.",1,No,Yes
ORD000768,CUST3330,Blinkit,33:29.5,30,Grocery,825,Items missing from order.,2,No,Yes
ORD000770,CUST1977,JioMart,23:29.5,23,Dairy,107,"Fast delivery, great service!",5,No,No
ORD000771,CUST3718,Swiggy Instamart,42:29.5,42,Fruits & Vegetables,479,Delivery person was rude.,2,Yes,Yes
ORD000772,CUST6039,Blinkit,26:29.5,17,Beverages,506,"Not fresh, disappointed.",2,No,Yes
ORD000773,CUST5728,Blinkit,07:29.5,44,Fruits & Vegetables,682,Excellent experience!,5,Yes,No
ORD000774,CUST8195,JioMart,08:29.5,35,Beverages,300,Quick and reliable!,5,No,No
ORD000775,CUST3037,Blinkit,18:29.5,32,Fruits & Vegetables,600,"Not fresh, disappointed.",2,No,Yes
ORD000776,CUST8679,Swiggy Instamart,03:29.5,33,Grocery,444,Packaging could be better.,3,No,No
ORD000777,CUST5982,JioMart,25:29.5,40,Fruits & Vegetables,511,Delivery person was rude.,2,No,Yes
ORD000778,CUST7594,Blinkit,45:29.5,24,Snacks,217,Items missing from order.,2,No,Yes
ORD000779,CUST5460,JioMart,51:29.5,37,Fruits & Vegetables,398,Delivery person was rude.,2,No,Yes
ORD000780,CUST9199,Blinkit,15:29.5,26,Personal Care,1407,"Easy to order, loved it!",5,No,No
ORD000781,CUST9847,Blinkit,41:29.5,34,Dairy,307,Quick and reliable!,5,No,No
ORD000782,CUST9090,Blinkit,42:29.5,14,Fruits & Vegetables,662,Very satisfied with the service.,5,No,No
ORD000783,CUST8172,Swiggy Instamart,40:29.5,23,Dairy,792,Excellent experience!,5,No,No
ORD000784,CUST2317,Swiggy Instamart,30:29.5,47,Personal Care,215,"Easy to order, loved it!",5,Yes,No
ORD000786,CUST8078,Blinkit,41:29.5,46,Personal Care,1792,"Fast delivery, great service!",5,Yes,No
ORD000788,CUST5102,Swiggy Instamart,12:29.5,23,Dairy,258,"Very late delivery, not happy.",2,No,Yes
ORD000789,CUST1423,Blinkit,14:29.5,24,Fruits & Vegetables,329,Very satisfied with the service.,5,No,No
ORD000790,CUST2496,Swiggy Instamart,26:29.5,39,Snacks,288,Delivery person was rude.,2,No,Yes
ORD000792,CUST1339,JioMart,29:29.5,43,Grocery,824,Delivery person was rude.,2,Yes,Yes
ORD000793,CUST5415,Blinkit,46:29.5,31,Beverages,864,"Fast delivery, great service!",5,No,No
ORD000795,CUST3870,Swiggy Instamart,28:29.5,41,Personal Care,477,Delivery person was rude.,2,Yes,Yes
ORD000796,CUST8708,Blinkit,42:29.5,14,Fruits & Vegetables,289,"Horrible experience, never ordering again.",1,No,Yes
ORD000797,CUST9502,Blinkit,18:29.5,28,Grocery,621,Very satisfied with the service.,5,No,No
ORD000798,CUST8245,Swiggy Instamart,02:29.5,27,Snacks,61,"Very late delivery, not happy.",2,No,Yes
ORD000800,CUST3973,JioMart,52:29.5,43,Personal Care,1917,Good quality products.,4,Yes,No
ORD000801,CUST8141,Swiggy Instamart,45:29.5,36,Dairy,258,Quick and reliable!,5,No,No
ORD000803,CUST2494,Swiggy Instamart,45:29.5,14,Beverages,899,Good quality products.,4,No,No
ORD000804,CUST8700,Swiggy Instamart,01:29.5,18,Fruits & Vegetables,139,Packaging could be better.,3,No,No
ORD000805,CUST6700,Swiggy Instamart,48:29.5,38,Snacks,90,Very satisfied with the service.,5,No,No
ORD000806,CUST7690,JioMart,29:29.5,32,Personal Care,1927,Wrong item delivered.,1,No,Yes
ORD000807,CUST6460,JioMart,14:29.5,42,Beverages,329,Delivery person was rude.,2,Yes,Yes
ORD000808,CUST6260,Swiggy Instamart,48:29.5,22,Dairy,287,Items missing from order.,2,No,Yes
ORD000809,CUST2713,Blinkit,06:29.5,30,Fruits & Vegetables,295,"Fast delivery, great service!",5,No,No
ORD000810,CUST3634,Swiggy Instamart,35:29.5,28,Personal Care,1824,Very satisfied with the service.,5,No,No
ORD000811,CUST6403,Blinkit,07:29.5,38,Dairy,291,Wrong item delivered.,1,No,Yes
ORD000812,CUST7744,Swiggy Instamart,09:29.5,50,Personal Care,961,Quick and reliable!,5,Yes,No
ORD000813,CUST9117,Swiggy Instamart,40:29.5,24,Snacks,482,"Very late delivery, not happy.",2,No,Yes
ORD000814,CUST5722,JioMart,49:29.5,9,Grocery,688,Wrong item delivered.,1,No,Yes
ORD000815,CUST7561,Blinkit,46:29.5,34,Beverages,418,Wrong item delivered.,1,No,Yes
ORD000816,CUST1601,Blinkit,54:29.5,34,Fruits & Vegetables,641,"Not fresh, disappointed.",2,No,Yes
ORD000817,CUST8451,JioMart,08:29.5,11,Fruits & Vegetables,382,"Fast delivery, great service!",5,No,No
ORD000818,CUST2442,JioMart,15:29.5,20,Fruits & Vegetables,313,Excellent experience!,5,No,No
ORD000819,CUST6153,JioMart,30:29.5,25,Dairy,658,Wrong item delivered.,1,No,Yes
ORD000820,CUST5135,JioMart,27:29.5,41,Dairy,728,"Horrible experience, never ordering again.",1,Yes,Yes
ORD000821,CUST6296,Blinkit,51:29.5,19,Personal Care,1730,Very satisfied with the service.,5,No,No
ORD000822,CUST2899,Blinkit,20:29.5,27,Snacks,206,Excellent experience!,5,No,No
ORD000823,CUST7622,Swiggy Instamart,25:29.5,10,Snacks,220,Good quality products.,4,No,No
ORD000824,CUST9431,Swiggy Instamart,42:29.5,34,Dairy,400,Delivery person was rude.,2,No,Yes
ORD000825,CUST1018,JioMart,19:29.5,17,Grocery,498,"Very late delivery, not happy.",2,No,Yes
ORD000826,CUST9889,JioMart,41:29.5,51,Dairy,195,"Easy to order, loved it!",5,Yes,No
ORD000827,CUST8569,JioMart,16:29.5,21,Personal Care,448,Wrong item delivered.,1,No,Yes
ORD000828,CUST7770,Swiggy Instamart,04:29.5,39,Beverages,864,Excellent experience!,5,No,No
ORD000829,CUST1888,Swiggy Instamart,21:29.5,35,Grocery,1377,Items missing from order.,2,No,Yes
ORD000830,CUST4073,Swiggy Instamart,58:29.5,21,Dairy,171,"Easy to order, loved it!",5,No,No
ORD000831,CUST9494,Swiggy Instamart,09:29.5,41,Personal Care,228,Items missing from order.,2,Yes,Yes
ORD000832,CUST6927,Swiggy Instamart,13:29.5,9,Beverages,169,"Horrible experience, never ordering again.",1,No,Yes
ORD000833,CUST9167,Swiggy Instamart,45:29.5,29,Dairy,180,"Easy to order, loved it!",5,No,No
ORD000834,CUST8242,Swiggy Instamart,13:29.5,37,Dairy,550,Delivery person was rude.,2,No,Yes
ORD000835,CUST1845,JioMart,08:29.5,27,Grocery,1050,Excellent experience!,5,No,No
ORD000837,CUST5375,JioMart,28:29.5,45,Snacks,327,Wrong item delivered.,1,Yes,Yes
ORD000838,CUST9998,JioMart,41:29.5,28,Snacks,224,"Fast delivery, great service!",5,No,No
ORD000839,CUST3146,Swiggy Instamart,30:29.5,24,Personal Care,1841,Items missing from order.,2,No,Yes
ORD000840,CUST5719,Blinkit,05:29.5,18,Fruits & Vegetables,121,Good quality products.,4,No,No
ORD000841,CUST8178,Swiggy Instamart,36:29.5,30,Beverages,300,Quick and reliable!,5,No,No
ORD000842,CUST8941,Blinkit,03:29.5,27,Fruits & Vegetables,281,"Easy to order, loved it!",5,No,No
ORD000843,CUST2989,JioMart,02:29.5,27,Personal Care,683,Very satisfied with the service.,5,No,No
ORD000844,CUST1472,Swiggy Instamart,22:29.5,46,Grocery,1365,Items missing from order.,2,Yes,Yes
ORD000845,CUST4920,JioMart,00:29.5,46,Dairy,340,Excellent experience!,5,Yes,No
ORD000846,CUST3594,Swiggy Instamart,29:29.5,32,Grocery,953,"Very late delivery, not happy.",2,No,Yes
ORD000847,CUST6091,JioMart,54:29.5,36,Snacks,51,Good quality products.,4,No,No
ORD000848,CUST1224,Blinkit,51:29.5,15,Beverages,724,Quick and reliable!,5,No,No
ORD000849,CUST7684,Blinkit,06:29.5,30,Fruits & Vegetables,317,Items missing from order.,2,No,Yes
ORD000850,CUST2527,Blinkit,08:29.5,32,Beverages,421,Excellent experience!,5,No,No
ORD000852,CUST2858,Blinkit,32:29.5,25,Fruits & Vegetables,578,"Easy to order, loved it!",5,No,No
ORD000853,CUST8560,Swiggy Instamart,31:29.5,22,Fruits & Vegetables,313,"Fast delivery, great service!",5,No,No
ORD000854,CUST2924,Blinkit,21:29.5,30,Snacks,307,"Easy to order, loved it!",5,No,No
ORD000855,CUST3522,Blinkit,33:29.5,41,Snacks,125,Very satisfied with the service.,5,Yes,No
ORD000856,CUST9165,Swiggy Instamart,12:29.5,43,Personal Care,1453,Quick and reliable!,5,Yes,No
ORD000857,CUST5781,Swiggy Instamart,48:29.5,29,Dairy,679,"Horrible experience, never ordering again.",1,No,Yes
ORD000858,CUST9337,Blinkit,53:29.5,40,Fruits & Vegetables,97,"Very late delivery, not happy.",2,No,Yes
ORD000859,CUST5479,Swiggy Instamart,25:29.5,20,Personal Care,375,"Fast delivery, great service!",5,No,No
ORD000860,CUST7807,Blinkit,06:29.5,35,Fruits & Vegetables,478,Excellent experience!,5,No,No
ORD000861,CUST8905,Swiggy Instamart,36:29.5,28,Personal Care,1929,"Not fresh, disappointed.",2,No,Yes
ORD000862,CUST8736,JioMart,53:29.5,23,Grocery,1375,"Fast delivery, great service!",5,No,No
ORD000863,CUST4993,JioMart,51:29.5,51,Snacks,158,"Easy to order, loved it!",5,Yes,No
ORD000864,CUST8483,JioMart,41:29.5,25,Snacks,145,"Horrible experience, never ordering again.",1,No,Yes
ORD000865,CUST3369,JioMart,23:29.5,26,Beverages,654,Wrong item delivered.,1,No,Yes
ORD000866,CUST7284,JioMart,31:29.5,25,Beverages,992,Delivery person was rude.,2,No,Yes
ORD000867,CUST4122,Blinkit,24:29.5,33,Dairy,620,Wrong item delivered.,1,No,Yes
ORD000868,CUST9327,JioMart,35:29.5,43,Fruits & Vegetables,588,"Easy to order, loved it!",5,Yes,No
ORD000869,CUST3236,JioMart,19:29.5,18,Snacks,395,"Not fresh, disappointed.",2,No,Yes
ORD000870,CUST2143,JioMart,48:29.5,34,Beverages,726,Items missing from order.,2,No,Yes
ORD000872,CUST7798,Swiggy Instamart,11:29.5,13,Personal Care,246,"Horrible experience, never ordering again.",1,No,Yes
ORD000873,CUST6568,Blinkit,31:29.5,43,Dairy,589,Good quality products.,4,Yes,No
ORD000874,CUST9318,JioMart,59:29.5,32,Personal Care,1813,"Very late delivery, not happy.",2,No,Yes
ORD000875,CUST5377,JioMart,04:29.5,37,Grocery,850,"Horrible experience, never ordering again.",1,No,Yes
ORD000876,CUST1042,JioMart,09:29.5,9,Snacks,188,Excellent experience!,5,No,No
ORD000877,CUST5634,Blinkit,06:29.5,44,Dairy,359,"Easy to order, loved it!",5,Yes,No
ORD000878,CUST5891,Swiggy Instamart,51:29.5,50,Personal Care,123,"Easy to order, loved it!",5,Yes,No
ORD000879,CUST9022,Blinkit,13:29.5,28,Fruits & Vegetables,539,Very satisfied with the service.,5,No,No
ORD000880,CUST3434,Swiggy Instamart,24:29.5,22,Fruits & Vegetables,266,"Not fresh, disappointed.",2,No,Yes
ORD000881,CUST8316,JioMart,36:29.5,5,Grocery,316,"Very late delivery, not happy.",2,No,Yes
ORD000882,CUST9824,JioMart,45:29.5,17,Grocery,567,"Horrible experience, never ordering again.",1,No,Yes
ORD000883,CUST8935,Blinkit,08:29.5,38,Grocery,501,"Very late delivery, not happy.",2,No,Yes
ORD000884,CUST6654,Blinkit,51:29.5,29,Fruits & Vegetables,291,"Easy to order, loved it!",5,No,No
ORD000885,CUST6446,Swiggy Instamart,17:29.5,14,Fruits & Vegetables,395,"Not fresh, disappointed.",2,No,Yes
ORD000886,CUST9903,Swiggy Instamart,53:29.5,45,Fruits & Vegetables,254,"Horrible experience, never ordering again.",1,Yes,Yes
ORD000887,CUST7180,Blinkit,05:29.5,23,Personal Care,678,"Very late delivery, not happy.",2,No,Yes
ORD000888,CUST8460,Swiggy Instamart,37:29.5,15,Personal Care,1262,Very satisfied with the service.,5,No,No
ORD000889,CUST6272,Blinkit,09:29.5,30,Grocery,1118,"Very late delivery, not happy.",2,No,Yes
ORD000890,CUST4090,Swiggy Instamart,34:29.5,35,Dairy,626,"Easy to order, loved it!",5,No,No
ORD000891,CUST4912,Blinkit,53:29.5,16,Beverages,767,"Very late delivery, not happy.",2,No,Yes
ORD000892,CUST7274,Blinkit,33:29.5,26,Personal Care,1388,"Horrible experience, never ordering again.",1,No,Yes
ORD000893,CUST4826,Blinkit,33:29.5,45,Grocery,1339,Very satisfied with the service.,5,Yes,No
ORD000894,CUST7730,Swiggy Instamart,08:29.5,16,Beverages,701,Delivery person was rude.,2,No,Yes
ORD000895,CUST1715,Swiggy Instamart,25:29.5,33,Beverages,705,Wrong item delivered.,1,No,Yes
ORD000896,CUST6213,Swiggy Instamart,46:29.5,26,Grocery,842,"Fast delivery, great service!",5,No,No
ORD000898,CUST7246,Swiggy Instamart,01:29.5,19,Grocery,793,Wrong item delivered.,1,No,Yes
ORD000899,CUST7325,Swiggy Instamart,07:29.5,32,Grocery,741,"Easy to order, loved it!",5,No,No
ORD000900,CUST3492,Blinkit,07:29.5,20,Grocery,907,Very satisfied with the service.,5,No,No
ORD000901,CUST9115,JioMart,17:29.5,9,Beverages,764,"Fast delivery, great service!",5,No,No
ORD000902,CUST1606,Blinkit,26:29.5,15,Personal Care,1983,"Horrible experience, never ordering again.",1,No,Yes
ORD000904,CUST9229,Blinkit,50:29.5,32,Snacks,415,Excellent experience!,5,No,No
ORD000905,CUST6439,JioMart,18:29.5,42,Beverages,119,Good quality products.,4,Yes,No
ORD000906,CUST2644,Blinkit,54:29.5,33,Fruits & Vegetables,427,"Easy to order, loved it!",5,No,No
ORD000907,CUST8213,Swiggy Instamart,35:29.5,45,Dairy,625,"Very late delivery, not happy.",2,Yes,Yes
ORD000908,CUST2633,JioMart,33:29.5,27,Dairy,422,"Not fresh, disappointed.",2,No,Yes
ORD000909,CUST9617,Swiggy Instamart,38:29.5,35,Snacks,168,"Fast delivery, great service!",5,No,No
ORD000910,CUST8486,JioMart,18:29.5,20,Snacks,76,Packaging could be better.,3,No,No
ORD000911,CUST1251,JioMart,10:29.5,33,Fruits & Vegetables,172,"Not fresh, disappointed.",2,No,Yes
ORD000912,CUST3361,Blinkit,42:29.5,26,Personal Care,1709,"Fast delivery, great service!",5,No,No
ORD000913,CUST7717,Blinkit,53:29.5,25,Fruits & Vegetables,414,Items missing from order.,2,No,Yes
ORD000914,CUST3529,Swiggy Instamart,45:29.5,30,Snacks,302,"Very late delivery, not happy.",2,No,Yes
ORD000915,CUST2225,Blinkit,49:29.5,15,Beverages,801,Excellent experience!,5,No,No
ORD000916,CUST8692,Blinkit,34:29.5,33,Personal Care,1743,Delivery person was rude.,2,No,Yes
ORD000918,CUST6546,Blinkit,44:29.5,22,Fruits & Vegetables,462,Items missing from order.,2,No,Yes
ORD000919,CUST7512,JioMart,15:29.5,31,Beverages,761,"Easy to order, loved it!",5,No,No
ORD000920,CUST2315,JioMart,27:29.5,42,Grocery,758,Quick and reliable!,5,Yes,No
ORD000921,CUST6383,JioMart,50:29.5,37,Grocery,1156,"Fast delivery, great service!",5,No,No
ORD000922,CUST9742,Swiggy Instamart,42:29.5,28,Fruits & Vegetables,601,"Very late delivery, not happy.",2,No,Yes
ORD000923,CUST7226,Swiggy Instamart,55:29.5,33,Dairy,708,Delivery person was rude.,2,No,Yes
ORD000924,CUST6188,Swiggy Instamart,40:29.5,44,Dairy,655,Items missing from order.,2,Yes,Yes
ORD000925,CUST8994,JioMart,30:29.5,32,Beverages,653,Quick and reliable!,5,No,No
ORD000926,CUST9864,Swiggy Instamart,04:29.5,39,Personal Care,1104,"Easy to order, loved it!",5,No,No
ORD000927,CUST1588,Swiggy Instamart,09:29.5,37,Dairy,570,"Very late delivery, not happy.",2,No,Yes
ORD000928,CUST2121,Blinkit,37:29.5,30,Dairy,472,Wrong item delivered.,1,No,Yes
ORD000929,CUST4846,Swiggy Instamart,13:29.5,42,Personal Care,102,"Fast delivery, great service!",5,Yes,No
ORD000930,CUST5708,Swiggy Instamart,59:29.5,19,Beverages,950,"Very late delivery, not happy.",2,No,Yes
ORD000932,CUST2480,JioMart,35:29.5,24,Personal Care,407,Very satisfied with the service.,5,No,No
ORD000933,CUST8110,JioMart,05:29.5,38,Dairy,622,Good quality products.,4,No,No
ORD000935,CUST2646,JioMart,02:29.5,39,Personal Care,1410,"Fast delivery, great service!",5,No,No
ORD000936,CUST8269,JioMart,24:29.5,37,Beverages,501,Delivery person was rude.,2,No,Yes
ORD000937,CUST3725,Swiggy Instamart,04:29.5,25,Grocery,540,Very satisfied with the service.,5,No,No
ORD000938,CUST5906,JioMart,13:29.5,35,Beverages,759,"Very late delivery, not happy.",2,No,Yes
ORD000939,CUST1474,JioMart,02:29.5,34,Beverages,705,"Not fresh, disappointed.",2,No,Yes
ORD000940,CUST1753,Blinkit,44:29.5,27,Snacks,462,Items missing from order.,2,No,Yes
ORD000941,CUST6314,Swiggy Instamart,49:29.5,38,Beverages,974,Quick and reliable!,5,No,No
ORD000942,CUST1919,Swiggy Instamart,43:29.5,28,Dairy,145,Items missing from order.,2,No,Yes
ORD000943,CUST5806,Swiggy Instamart,21:29.5,22,Fruits & Vegetables,564,Excellent experience!,5,No,No
ORD000944,CUST6873,JioMart,20:29.5,32,Fruits & Vegetables,82,Packaging could be better.,3,No,No
ORD000945,CUST7141,JioMart,29:29.5,34,Personal Care,1727,"Not fresh, disappointed.",2,No,Yes
ORD000946,CUST8056,JioMart,59:29.5,5,Personal Care,1400,Items missing from order.,2,No,Yes
ORD000947,CUST3385,Blinkit,32:29.5,53,Grocery,1465,"Not fresh, disappointed.",2,Yes,Yes
ORD000948,CUST5000,JioMart,41:29.5,58,Fruits & Vegetables,251,Good quality products.,4,Yes,No
ORD000950,CUST7751,Swiggy Instamart,45:29.5,36,Snacks,288,Items missing from order.,2,No,Yes
ORD000951,CUST3950,JioMart,29:29.5,19,Snacks,439,"Very late delivery, not happy.",2,No,Yes
ORD000952,CUST3785,Blinkit,15:29.5,13,Fruits & Vegetables,631,Delivery person was rude.,2,No,Yes
ORD000953,CUST3868,Blinkit,42:29.5,25,Personal Care,165,"Very late delivery, not happy.",2,No,Yes
ORD000954,CUST2293,JioMart,24:29.5,16,Personal Care,700,Packaging could be better.,3,No,No
ORD000956,CUST4945,Swiggy Instamart,59:29.5,38,Grocery,1081,Excellent experience!,5,No,No
ORD000957,CUST9153,Swiggy Instamart,23:29.5,47,Fruits & Vegetables,371,"Horrible experience, never ordering again.",1,Yes,Yes
ORD000958,CUST3344,Blinkit,20:29.5,30,Personal Care,292,Good quality products.,4,No,No
ORD000959,CUST4804,Blinkit,52:29.5,38,Snacks,51,"Easy to order, loved it!",5,No,No
ORD000960,CUST8555,Blinkit,17:29.5,33,Dairy,603,Quick and reliable!,5,No,No
ORD000961,CUST5161,Blinkit,04:29.5,32,Dairy,665,"Not fresh, disappointed.",2,No,Yes
ORD000962,CUST8529,Swiggy Instamart,40:29.5,20,Personal Care,1235,Excellent experience!,5,No,No
ORD000963,CUST5183,JioMart,16:29.5,27,Beverages,584,Good quality products.,4,No,No
ORD000964,CUST1153,Blinkit,38:29.5,26,Fruits & Vegetables,464,"Easy to order, loved it!",5,No,No
ORD000965,CUST8622,Blinkit,17:29.5,35,Beverages,125,Packaging could be better.,3,No,No
ORD000966,CUST5712,Swiggy Instamart,03:29.5,8,Snacks,123,Items missing from order.,2,No,Yes
ORD000967,CUST9955,JioMart,22:29.5,40,Grocery,942,Good quality products.,4,No,No
ORD000968,CUST3588,JioMart,31:29.5,27,Fruits & Vegetables,577,"Easy to order, loved it!",5,No,No
ORD000969,CUST2210,Swiggy Instamart,48:29.5,23,Beverages,267,Good quality products.,4,No,No
ORD000970,CUST8237,Swiggy Instamart,54:29.5,33,Personal Care,1467,"Horrible experience, never ordering again.",1,No,Yes
ORD000971,CUST6661,JioMart,53:29.5,29,Grocery,654,Items missing from order.,2,No,Yes
ORD000972,CUST5901,Blinkit,04:29.5,31,Grocery,1182,"Fast delivery, great service!",5,No,No
ORD000973,CUST7951,JioMart,11:29.5,43,Snacks,396,"Not fresh, disappointed.",2,Yes,Yes
ORD000974,CUST5097,Swiggy Instamart,11:29.5,12,Personal Care,894,Packaging could be better.,3,No,No
ORD000975,CUST8484,Blinkit,59:29.5,16,Grocery,1099,Good quality products.,4,No,No
ORD000976,CUST5949,Blinkit,04:29.5,24,Beverages,843,"Very late delivery, not happy.",2,No,Yes
ORD000977,CUST4263,Swiggy Instamart,07:29.5,43,Personal Care,197,Good quality products.,4,Yes,No
ORD000978,CUST7302,Swiggy Instamart,35:29.5,37,Beverages,860,Excellent experience!,5,No,No
ORD000979,CUST8916,Swiggy Instamart,31:29.5,28,Dairy,642,"Fast delivery, great service!",5,No,No
ORD000980,CUST2747,JioMart,30:29.5,36,Snacks,357,Excellent experience!,5,No,No
ORD000981,CUST4886,JioMart,33:29.5,38,Grocery,549,"Very late delivery, not happy.",2,No,Yes
ORD000982,CUST7248,Blinkit,57:29.5,35,Grocery,1497,"Very late delivery, not happy.",2,No,Yes
ORD000984,CUST5847,Blinkit,48:29.5,31,Grocery,1142,"Easy to order, loved it!",5,No,No
ORD000985,CUST5837,Blinkit,29:29.5,34,Grocery,311,Items missing from order.,2,No,Yes
ORD000986,CUST1359,Blinkit,22:29.5,34,Snacks,117,Items missing from order.,2,No,Yes
ORD000988,CUST5497,Swiggy Instamart,38:29.5,28,Grocery,574,Wrong item delivered.,1,No,Yes
ORD000989,CUST1132,Blinkit,54:29.5,35,Personal Care,1914,Wrong item delivered.,1,No,Yes
ORD000990,CUST1803,Swiggy Instamart,14:29.5,20,Beverages,484,Good quality products.,4,No,No
ORD000991,CUST9138,Swiggy Instamart,59:29.5,22,Beverages,458,"Very late delivery, not happy.",2,No,Yes
ORD000992,CUST5689,JioMart,02:29.5,27,Fruits & Vegetables,379,Items missing from order.,2,No,Yes
ORD000994,CUST6772,JioMart,53:29.5,29,Snacks,317,Good quality products.,4,No,No
ORD000995,CUST4588,Swiggy Instamart,01:29.5,29,Beverages,974,"Fast delivery, great service!",5,No,No
ORD000996,CUST4115,Swiggy Instamart,00:29.5,31,Snacks,94,"Very late delivery, not happy.",2,No,Yes
ORD000997,CUST5106,Swiggy Instamart,16:29.5,27,Dairy,190,"Horrible experience, never ordering again.",1,No,Yes
ORD000998,CUST3240,JioMart,04:29.5,23,Beverages,186,Wrong item delivered.,1,No,Yes
ORD000999,CUST2591,JioMart,02:29.5,30,Dairy,607,Quick and reliable!,5,No,No
ORD001000,CUST1645,Blinkit,51:29.5,36,Personal Care,1736,Quick and reliable!,5,No,No
ORD001001,CUST6061,JioMart,11:29.5,38,Grocery,1106,Wrong item delivered.,1,No,Yes
ORD001002,CUST8222,JioMart,45:29.5,10,Beverages,167,"Not fresh, disappointed.",2,No,Yes
ORD001003,CUST1546,JioMart,01:29.5,20,Fruits & Vegetables,574,Delivery person was rude.,2,No,Yes
ORD001005,CUST3153,Blinkit,47:29.5,27,Beverages,195,"Horrible experience, never ordering again.",1,No,Yes
ORD001006,CUST2476,JioMart,28:29.5,11,Grocery,349,Items missing from order.,2,No,Yes
ORD001007,CUST5835,Swiggy Instamart,10:29.5,42,Fruits & Vegetables,416,Excellent experience!,5,Yes,No
ORD001008,CUST6352,Swiggy Instamart,15:29.5,40,Beverages,927,"Horrible experience, never ordering again.",1,No,Yes
ORD001010,CUST3877,JioMart,01:29.5,18,Grocery,1293,Very satisfied with the service.,5,No,No
ORD001011,CUST4289,Swiggy Instamart,37:29.5,59,Fruits & Vegetables,212,Quick and reliable!,5,Yes,No
ORD001012,CUST3165,Swiggy Instamart,31:29.5,20,Personal Care,235,Very satisfied with the service.,5,No,No
ORD001014,CUST6994,Swiggy Instamart,37:29.5,45,Fruits & Vegetables,529,"Easy to order, loved it!",5,Yes,No
ORD001015,CUST9697,Swiggy Instamart,18:29.5,15,Fruits & Vegetables,318,Excellent experience!,5,No,No
ORD001016,CUST9221,JioMart,49:29.5,20,Snacks,263,Packaging could be better.,3,No,No
ORD001017,CUST5465,Swiggy Instamart,03:29.5,40,Fruits & Vegetables,612,Delivery person was rude.,2,No,Yes
ORD001018,CUST3695,Blinkit,19:29.5,16,Beverages,589,Delivery person was rude.,2,No,Yes
ORD001019,CUST5210,Swiggy Instamart,51:29.5,19,Personal Care,1575,"Easy to order, loved it!",5,No,No
ORD001020,CUST8894,JioMart,00:29.5,28,Grocery,1373,Good quality products.,4,No,No
ORD001022,CUST6549,Swiggy Instamart,54:29.5,40,Personal Care,1491,"Horrible experience, never ordering again.",1,No,Yes
ORD001023,CUST2886,JioMart,40:29.5,35,Dairy,131,Excellent experience!,5,No,No
ORD001024,CUST8673,Blinkit,01:29.5,32,Beverages,291,Very satisfied with the service.,5,No,No
ORD001025,CUST2233,Blinkit,29:29.5,28,Personal Care,1022,"Fast delivery, great service!",5,No,No
ORD001026,CUST3306,Swiggy Instamart,27:29.5,19,Grocery,633,Wrong item delivered.,1,No,Yes
ORD001027,CUST4696,Swiggy Instamart,21:29.5,42,Beverages,660,Wrong item delivered.,1,Yes,Yes
ORD001028,CUST7511,Swiggy Instamart,04:29.5,31,Personal Care,1613,Excellent experience!,5,No,No
ORD001029,CUST6992,JioMart,00:29.5,36,Fruits & Vegetables,312,Excellent experience!,5,No,No
ORD001030,CUST2479,Blinkit,18:29.5,32,Snacks,261,"Easy to order, loved it!",5,No,No
ORD001031,CUST7464,Blinkit,52:29.5,31,Personal Care,1833,Delivery person was rude.,2,No,Yes
ORD001032,CUST1228,JioMart,30:29.5,31,Personal Care,1934,"Horrible experience, never ordering again.",1,No,Yes
ORD001033,CUST5332,Blinkit,07:29.5,30,Personal Care,1142,Quick and reliable!,5,No,No
ORD001034,CUST9791,Swiggy Instamart,04:29.5,28,Grocery,840,Quick and reliable!,5,No,No
ORD001035,CUST3024,Swiggy Instamart,14:29.5,24,Snacks,168,Very satisfied with the service.,5,No,No
ORD001037,CUST7038,Blinkit,22:29.5,41,Fruits & Vegetables,72,"Horrible experience, never ordering again.",1,Yes,Yes
ORD001038,CUST5295,Swiggy Instamart,17:29.5,32,Fruits & Vegetables,216,"Not fresh, disappointed.",2,No,Yes
ORD001039,CUST7242,JioMart,30:29.5,46,Grocery,1479,"Easy to order, loved it!",5,Yes,No
ORD001040,CUST7086,JioMart,20:29.5,25,Personal Care,1530,Good quality products.,4,No,No
ORD001041,CUST2775,Blinkit,58:29.5,51,Snacks,144,Wrong item delivered.,1,Yes,Yes
ORD001042,CUST4830,JioMart,47:29.5,34,Fruits & Vegetables,680,Excellent experience!,5,No,No
ORD001043,CUST8724,JioMart,08:29.5,5,Beverages,176,Very satisfied with the service.,5,No,No
ORD001044,CUST1410,Blinkit,51:29.5,49,Snacks,134,Delivery person was rude.,2,Yes,Yes
ORD001045,CUST6374,Swiggy Instamart,43:29.5,20,Dairy,143,"Very late delivery, not happy.",2,No,Yes
ORD001046,CUST4626,Swiggy Instamart,56:29.5,32,Grocery,887,"Not fresh, disappointed.",2,No,Yes
ORD001047,CUST2035,Swiggy Instamart,47:29.5,35,Personal Care,660,Wrong item delivered.,1,No,Yes
ORD001048,CUST8606,Blinkit,49:29.5,30,Snacks,198,Quick and reliable!,5,No,No
ORD001049,CUST5951,JioMart,27:29.5,28,Grocery,969,"Not fresh, disappointed.",2,No,Yes
ORD001050,CUST7689,Swiggy Instamart,17:29.5,23,Snacks,301,Quick and reliable!,5,No,No
ORD001051,CUST2911,Swiggy Instamart,12:29.5,24,Beverages,623,"Very late delivery, not happy.",2,No,Yes
ORD001052,CUST3290,Blinkit,35:29.5,41,Fruits & Vegetables,348,"Easy to order, loved it!",5,Yes,No
ORD001053,CUST1742,Swiggy Instamart,55:29.5,19,Grocery,272,Delivery person was rude.,2,No,Yes
ORD001054,CUST1609,Blinkit,41:29.5,30,Grocery,922,"Not fresh, disappointed.",2,No,Yes
ORD001055,CUST5986,JioMart,22:29.5,37,Fruits & Vegetables,699,Delivery person was rude.,2,No,Yes
ORD001056,CUST9071,Blinkit,33:29.5,19,Snacks,360,Very satisfied with the service.,5,No,No
ORD001057,CUST2902,Blinkit,25:29.5,34,Personal Care,1448,Wrong item delivered.,1,No,Yes
ORD001058,CUST2592,Blinkit,38:29.5,40,Beverages,502,Excellent experience!,5,No,No
ORD001060,CUST9807,JioMart,28:29.5,41,Beverages,915,Very satisfied with the service.,5,Yes,No
ORD001061,CUST3222,JioMart,32:29.5,29,Grocery,346,Packaging could be better.,3,No,No
ORD001062,CUST7367,Swiggy Instamart,03:29.5,21,Beverages,900,Wrong item delivered.,1,No,Yes
ORD001063,CUST8432,JioMart,48:29.5,28,Fruits & Vegetables,411,Packaging could be better.,3,No,No
ORD001064,CUST7078,JioMart,32:29.5,16,Beverages,599,"Not fresh, disappointed.",2,No,Yes
ORD001065,CUST9850,Swiggy Instamart,19:29.5,53,Dairy,350,"Easy to order, loved it!",5,Yes,No
ORD001066,CUST7866,JioMart,19:29.5,29,Beverages,457,Packaging could be better.,3,No,No
ORD001067,CUST3531,Blinkit,26:29.5,11,Fruits & Vegetables,297,"Easy to order, loved it!",5,No,No
ORD001069,CUST2622,Swiggy Instamart,20:29.5,27,Grocery,1052,"Easy to order, loved it!",5,No,No
ORD001070,CUST9017,Swiggy Instamart,18:29.5,17,Fruits & Vegetables,628,"Very late delivery, not happy.",2,No,Yes
ORD001071,CUST7686,Swiggy Instamart,58:29.5,17,Snacks,426,Delivery person was rude.,2,No,Yes
ORD001072,CUST5583,Blinkit,40:29.5,26,Fruits & Vegetables,629,"Horrible experience, never ordering again.",1,No,Yes
ORD001073,CUST1536,JioMart,24:29.5,35,Snacks,176,Quick and reliable!,5,No,No
ORD001074,CUST7070,Blinkit,01:29.5,39,Beverages,689,Excellent experience!,5,No,No
ORD001075,CUST4559,Swiggy Instamart,49:29.5,41,Snacks,207,Quick and reliable!,5,Yes,No
ORD001076,CUST8264,JioMart,03:29.5,24,Grocery,882,Packaging could be better.,3,No,No
ORD001077,CUST8285,JioMart,12:29.5,5,Beverages,301,Good quality products.,4,No,No
ORD001078,CUST4868,Blinkit,01:29.5,47,Dairy,225,Very satisfied with the service.,5,Yes,No
ORD001079,CUST6942,Swiggy Instamart,50:29.5,27,Grocery,998,"Horrible experience, never ordering again.",1,No,Yes
ORD001080,CUST2627,Blinkit,09:29.5,25,Dairy,198,"Not fresh, disappointed.",2,No,Yes
ORD001081,CUST7018,JioMart,34:29.5,42,Beverages,259,"Very late delivery, not happy.",2,Yes,Yes
ORD001082,CUST9920,Blinkit,35:29.5,26,Beverages,424,Very satisfied with the service.,5,No,No
ORD001083,CUST6876,Blinkit,07:29.5,34,Beverages,201,Packaging could be better.,3,No,No
ORD001084,CUST1992,Swiggy Instamart,20:29.5,32,Beverages,391,Good quality products.,4,No,No
ORD001085,CUST7523,Swiggy Instamart,42:29.5,17,Dairy,679,"Horrible experience, never ordering again.",1,No,Yes
ORD001086,CUST5520,JioMart,52:29.5,19,Grocery,337,"Easy to order, loved it!",5,No,No
ORD001087,CUST4109,Blinkit,57:29.5,27,Dairy,173,Excellent experience!,5,No,No
ORD001088,CUST3001,Blinkit,53:29.5,29,Beverages,143,"Very late delivery, not happy.",2,No,Yes
ORD001089,CUST8450,Blinkit,42:29.5,23,Dairy,207,Packaging could be better.,3,No,No
ORD001090,CUST2501,JioMart,51:29.5,23,Beverages,389,Items missing from order.,2,No,Yes
ORD001092,CUST1349,Swiggy Instamart,50:29.5,22,Personal Care,1601,Quick and reliable!,5,No,No
ORD001095,CUST4990,Blinkit,14:29.5,24,Beverages,746,Quick and reliable!,5,No,No
ORD001096,CUST3063,Blinkit,33:29.5,35,Personal Care,1602,"Fast delivery, great service!",5,No,No
ORD001097,CUST4362,Swiggy Instamart,52:29.5,43,Fruits & Vegetables,228,Delivery person was rude.,2,Yes,Yes
ORD001099,CUST4394,Swiggy Instamart,26:29.5,15,Snacks,207,"Horrible experience, never ordering again.",1,No,Yes
ORD001100,CUST4538,JioMart,53:29.5,45,Personal Care,801,Excellent experience!,5,Yes,No
ORD001101,CUST4817,Swiggy Instamart,16:29.5,46,Beverages,251,Packaging could be better.,3,Yes,No
ORD001104,CUST1046,Swiggy Instamart,05:29.5,35,Personal Care,1493,Delivery person was rude.,2,No,Yes
ORD001105,CUST5542,Blinkit,03:29.5,31,Dairy,267,Delivery person was rude.,2,No,Yes
ORD001106,CUST3370,JioMart,30:29.5,30,Grocery,1104,Good quality products.,4,No,No
ORD001107,CUST3129,JioMart,19:29.5,18,Fruits & Vegetables,380,Quick and reliable!,5,No,No
ORD001110,CUST3858,Blinkit,48:29.5,9,Grocery,254,"Horrible experience, never ordering again.",1,No,Yes
ORD001111,CUST2801,Blinkit,35:29.5,17,Dairy,568,"Easy to order, loved it!",5,No,No
ORD001112,CUST1422,Blinkit,49:29.5,29,Grocery,387,Very satisfied with the service.,5,No,No
ORD001113,CUST3159,JioMart,08:29.5,7,Grocery,303,"Very late delivery, not happy.",2,No,Yes
ORD001114,CUST1243,JioMart,57:29.5,20,Snacks,276,Quick and reliable!,5,No,No
ORD001115,CUST6869,Swiggy Instamart,19:29.5,27,Snacks,56,"Very late delivery, not happy.",2,No,Yes
ORD001116,CUST4898,Swiggy Instamart,54:29.5,22,Personal Care,149,Very satisfied with the service.,5,No,No
ORD001117,CUST6304,Blinkit,53:29.5,26,Beverages,530,"Fast delivery, great service!",5,No,No
ORD001118,CUST1258,JioMart,43:29.5,32,Dairy,669,"Horrible experience, never ordering again.",1,No,Yes
ORD001119,CUST3854,JioMart,51:29.5,39,Personal Care,1598,"Horrible experience, never ordering again.",1,No,Yes
ORD001120,CUST5347,JioMart,06:29.5,22,Beverages,708,Very satisfied with the service.,5,No,No
ORD001121,CUST1858,Swiggy Instamart,14:29.5,26,Dairy,206,"Easy to order, loved it!",5,No,No
ORD001122,CUST3076,Swiggy Instamart,06:29.5,7,Snacks,105,"Very late delivery, not happy.",2,No,Yes
ORD001123,CUST7897,JioMart,46:29.5,35,Grocery,967,Items missing from order.,2,No,Yes
ORD001124,CUST9619,JioMart,39:29.5,21,Dairy,440,Items missing from order.,2,No,Yes
ORD001125,CUST2862,JioMart,57:29.5,33,Snacks,108,Excellent experience!,5,No,No
ORD001126,CUST2041,Swiggy Instamart,46:29.5,26,Personal Care,826,Items missing from order.,2,No,Yes
ORD001127,CUST8802,JioMart,38:29.5,52,Grocery,531,Good quality products.,4,Yes,No
ORD001128,CUST8344,JioMart,05:29.5,48,Snacks,203,"Not fresh, disappointed.",2,Yes,Yes
ORD001129,CUST6931,Blinkit,38:29.5,36,Dairy,643,Wrong item delivered.,1,No,Yes
ORD001130,CUST9408,Blinkit,53:29.5,34,Fruits & Vegetables,693,Packaging could be better.,3,No,No
ORD001131,CUST2786,Swiggy Instamart,04:29.5,32,Dairy,537,Very satisfied with the service.,5,No,No
ORD001132,CUST8405,JioMart,55:29.5,25,Grocery,391,Delivery person was rude.,2,No,Yes
ORD001133,CUST9254,JioMart,34:29.5,22,Snacks,135,Items missing from order.,2,No,Yes
ORD001134,CUST4629,Blinkit,42:29.5,20,Dairy,202,Delivery person was rude.,2,No,Yes
ORD001135,CUST1710,Swiggy Instamart,16:29.5,23,Grocery,1281,"Horrible experience, never ordering again.",1,No,Yes
ORD001136,CUST9543,Blinkit,37:29.5,34,Personal Care,222,"Fast delivery, great service!",5,No,No
ORD001138,CUST8504,Blinkit,52:29.5,9,Dairy,277,Wrong item delivered.,1,No,Yes
ORD001139,CUST1510,Blinkit,45:29.5,55,Dairy,405,"Fast delivery, great service!",5,Yes,No
ORD001140,CUST1996,JioMart,24:29.5,28,Beverages,511,Packaging could be better.,3,No,No
ORD001141,CUST8847,JioMart,06:29.5,51,Dairy,194,Wrong item delivered.,1,Yes,Yes
ORD001142,CUST7580,Blinkit,17:29.5,25,Grocery,450,Items missing from order.,2,No,Yes
ORD001143,CUST7984,Swiggy Instamart,15:29.5,27,Beverages,426,Delivery person was rude.,2,No,Yes
ORD001144,CUST2768,Swiggy Instamart,12:29.5,39,Beverages,998,Excellent experience!,5,No,No
ORD001145,CUST9032,Swiggy Instamart,14:29.5,27,Dairy,677,"Very late delivery, not happy.",2,No,Yes
ORD001146,CUST8267,Swiggy Instamart,58:29.5,34,Fruits & Vegetables,484,"Easy to order, loved it!",5,No,No
ORD001147,CUST2204,Blinkit,20:29.5,26,Snacks,374,Excellent experience!,5,No,No
ORD001148,CUST2323,JioMart,35:29.5,25,Fruits & Vegetables,192,Very satisfied with the service.,5,No,No
ORD001149,CUST6277,Swiggy Instamart,04:29.5,45,Grocery,768,Quick and reliable!,5,Yes,No
ORD001150,CUST3430,Blinkit,12:29.5,17,Fruits & Vegetables,603,Items missing from order.,2,No,Yes
ORD001151,CUST2076,Swiggy Instamart,57:29.5,24,Grocery,553,Quick and reliable!,5,No,No
ORD001152,CUST3067,Swiggy Instamart,19:29.5,48,Dairy,199,Wrong item delivered.,1,Yes,Yes
ORD001153,CUST5505,Blinkit,10:29.5,26,Beverages,627,Quick and reliable!,5,No,No
ORD001154,CUST9984,JioMart,48:29.5,15,Dairy,742,Excellent experience!,5,No,No
ORD001155,CUST6327,JioMart,00:29.5,36,Grocery,1382,"Fast delivery, great service!",5,No,No
ORD001156,CUST7240,Blinkit,48:29.5,29,Snacks,218,Delivery person was rude.,2,No,Yes
ORD001157,CUST9692,JioMart,28:29.5,34,Beverages,400,"Very late delivery, not happy.",2,No,Yes
ORD001158,CUST5831,Blinkit,39:29.5,30,Beverages,106,"Very late delivery, not happy.",2,No,Yes
ORD001160,CUST9282,Blinkit,06:29.5,32,Grocery,897,Wrong item delivered.,1,No,Yes
ORD001161,CUST8048,JioMart,20:29.5,42,Personal Care,589,Items missing from order.,2,Yes,Yes
ORD001162,CUST2624,Blinkit,02:29.5,24,Snacks,226,Items missing from order.,2,No,Yes
ORD001164,CUST4522,JioMart,57:29.5,28,Fruits & Vegetables,202,Delivery person was rude.,2,No,Yes
ORD001165,CUST8046,JioMart,51:29.5,27,Dairy,365,"Easy to order, loved it!",5,No,No
ORD001166,CUST8398,JioMart,01:29.5,26,Dairy,541,Packaging could be better.,3,No,No
ORD001167,CUST4743,JioMart,32:29.5,42,Grocery,799,"Horrible experience, never ordering again.",1,Yes,Yes
ORD001168,CUST7779,Swiggy Instamart,09:29.5,32,Beverages,601,"Horrible experience, never ordering again.",1,No,Yes
ORD001169,CUST6553,JioMart,09:29.5,46,Grocery,1134,"Not fresh, disappointed.",2,Yes,Yes
ORD001170,CUST8430,JioMart,32:29.5,32,Snacks,226,Wrong item delivered.,1,No,Yes
ORD001171,CUST7532,Blinkit,29:29.5,33,Snacks,450,Wrong item delivered.,1,No,Yes
ORD001172,CUST7815,JioMart,37:29.5,51,Dairy,727,Quick and reliable!,5,Yes,No
ORD001173,CUST2557,Swiggy Instamart,54:29.5,33,Snacks,99,"Horrible experience, never ordering again.",1,No,Yes
ORD001174,CUST6120,Swiggy Instamart,05:29.5,27,Dairy,139,Very satisfied with the service.,5,No,No
ORD001175,CUST7992,Swiggy Instamart,42:29.5,20,Personal Care,1927,Quick and reliable!,5,No,No
ORD001177,CUST5176,JioMart,36:29.5,25,Fruits & Vegetables,372,Wrong item delivered.,1,No,Yes
ORD001178,CUST7132,JioMart,30:29.5,27,Grocery,284,Very satisfied with the service.,5,No,No
ORD001179,CUST3500,Swiggy Instamart,09:29.5,9,Grocery,993,Items missing from order.,2,No,Yes
ORD001180,CUST8770,Swiggy Instamart,37:29.5,29,Dairy,320,"Horrible experience, never ordering again.",1,No,Yes
ORD001181,CUST2099,JioMart,47:29.5,5,Dairy,249,"Not fresh, disappointed.",2,No,Yes
ORD001183,CUST2398,Blinkit,57:29.5,11,Snacks,81,"Fast delivery, great service!",5,No,No
ORD001185,CUST8075,Swiggy Instamart,05:29.5,31,Beverages,567,"Not fresh, disappointed.",2,No,Yes
ORD001186,CUST2582,Blinkit,49:29.5,43,Dairy,201,Items missing from order.,2,Yes,Yes
ORD001187,CUST7105,Blinkit,18:29.5,31,Fruits & Vegetables,196,"Not fresh, disappointed.",2,No,Yes
ORD001188,CUST3131,JioMart,01:29.5,29,Grocery,1291,Delivery person was rude.,2,No,Yes
ORD001189,CUST1982,JioMart,27:29.5,33,Personal Care,1007,Wrong item delivered.,1,No,Yes
ORD001190,CUST6400,Blinkit,10:29.5,24,Dairy,113,"Horrible experience, never ordering again.",1,No,Yes
ORD001191,CUST3002,Blinkit,12:29.5,24,Fruits & Vegetables,615,"Horrible experience, never ordering again.",1,No,Yes
ORD001193,CUST6793,Swiggy Instamart,20:29.5,27,Fruits & Vegetables,481,"Horrible experience, never ordering again.",1,No,Yes
ORD001194,CUST7929,Blinkit,09:29.5,36,Beverages,367,Wrong item delivered.,1,No,Yes
ORD001195,CUST1842,JioMart,51:29.5,21,Grocery,213,Excellent experience!,5,No,No
ORD001197,CUST6119,Blinkit,51:29.5,34,Dairy,314,"Very late delivery, not happy.",2,No,Yes
ORD001198,CUST6761,Swiggy Instamart,04:29.5,30,Snacks,314,Good quality products.,4,No,No
ORD001200,CUST9313,Blinkit,42:29.5,38,Grocery,836,"Not fresh, disappointed.",2,No,Yes
ORD001201,CUST4485,Swiggy Instamart,31:29.5,49,Snacks,398,"Not fresh, disappointed.",2,Yes,Yes
ORD001202,CUST3535,Blinkit,40:29.5,25,Fruits & Vegetables,384,Delivery person was rude.,2,No,Yes
ORD001203,CUST8900,Swiggy Instamart,14:29.5,38,Beverages,640,"Very late delivery, not happy.",2,No,Yes
ORD001204,CUST4674,JioMart,05:29.5,28,Personal Care,789,"Not fresh, disappointed.",2,No,Yes
ORD001205,CUST2773,JioMart,20:29.5,19,Fruits & Vegetables,415,"Horrible experience, never ordering again.",1,No,Yes
ORD001206,CUST6736,Blinkit,21:29.5,22,Dairy,467,Very satisfied with the service.,5,No,No
ORD001207,CUST7022,Swiggy Instamart,51:29.5,28,Beverages,553,"Fast delivery, great service!",5,No,No
ORD001208,CUST2882,Blinkit,34:29.5,34,Personal Care,608,Items missing from order.,2,No,Yes
ORD001210,CUST4705,Swiggy Instamart,26:29.5,22,Dairy,712,"Horrible experience, never ordering again.",1,No,Yes
ORD001211,CUST8030,Swiggy Instamart,19:29.5,30,Fruits & Vegetables,194,Excellent experience!,5,No,No
ORD001212,CUST1430,Swiggy Instamart,18:29.5,17,Grocery,315,"Not fresh, disappointed.",2,No,Yes
ORD001213,CUST5381,JioMart,53:29.5,33,Beverages,659,Wrong item delivered.,1,No,Yes
ORD001215,CUST3955,Blinkit,26:29.5,28,Fruits & Vegetables,145,Quick and reliable!,5,No,No
ORD001216,CUST5477,JioMart,34:29.5,37,Personal Care,1112,Wrong item delivered.,1,No,Yes
ORD001217,CUST6062,Swiggy Instamart,23:29.5,17,Personal Care,121,Packaging could be better.,3,No,No
ORD001218,CUST6567,JioMart,45:29.5,23,Dairy,420,Excellent experience!,5,No,No
ORD001219,CUST6751,JioMart,52:29.5,39,Fruits & Vegetables,488,Wrong item delivered.,1,No,Yes
ORD001220,CUST1100,JioMart,30:29.5,16,Dairy,244,"Horrible experience, never ordering again.",1,No,Yes
ORD001221,CUST3972,Blinkit,27:29.5,22,Beverages,573,"Fast delivery, great service!",5,No,No
ORD001222,CUST3347,JioMart,52:29.5,41,Dairy,588,Excellent experience!,5,Yes,No
ORD001223,CUST7566,Blinkit,50:29.5,23,Snacks,140,Very satisfied with the service.,5,No,No
ORD001224,CUST2140,Blinkit,39:29.5,10,Grocery,824,Items missing from order.,2,No,Yes
ORD001225,CUST3324,Blinkit,07:29.5,24,Fruits & Vegetables,254,"Fast delivery, great service!",5,No,No
ORD001226,CUST1502,Swiggy Instamart,09:29.5,47,Dairy,787,Items missing from order.,2,Yes,Yes
ORD001227,CUST2503,Blinkit,30:29.5,44,Grocery,1030,Quick and reliable!,5,Yes,No
ORD001228,CUST9691,Blinkit,02:29.5,29,Fruits & Vegetables,598,"Not fresh, disappointed.",2,No,Yes
ORD001229,CUST4524,Swiggy Instamart,27:29.5,27,Fruits & Vegetables,492,"Easy to order, loved it!",5,No,No
ORD001230,CUST7163,Blinkit,25:29.5,53,Grocery,1065,"Horrible experience, never ordering again.",1,Yes,Yes
ORD001231,CUST7878,JioMart,50:29.5,20,Personal Care,1201,Very satisfied with the service.,5,No,No
ORD001233,CUST6585,Blinkit,17:29.5,40,Dairy,286,"Horrible experience, never ordering again.",1,No,Yes
ORD001234,CUST3578,Swiggy Instamart,09:29.5,21,Personal Care,714,Packaging could be better.,3,No,No
ORD001235,CUST7062,JioMart,32:29.5,33,Dairy,231,Packaging could be better.,3,No,No
ORD001236,CUST6105,Swiggy Instamart,38:29.5,17,Beverages,632,"Easy to order, loved it!",5,No,No
ORD001238,CUST2391,JioMart,45:29.5,25,Dairy,599,"Very late delivery, not happy.",2,No,Yes
ORD001239,CUST1861,Swiggy Instamart,40:29.5,23,Grocery,1030,Items missing from order.,2,No,Yes
ORD001240,CUST3549,JioMart,33:29.5,21,Personal Care,1811,"Fast delivery, great service!",5,No,No
ORD001242,CUST1815,JioMart,22:29.5,26,Dairy,661,Quick and reliable!,5,No,No
ORD001243,CUST2336,Blinkit,24:29.5,6,Fruits & Vegetables,68,Delivery person was rude.,2,No,Yes
ORD001244,CUST5458,JioMart,25:29.5,19,Grocery,281,Very satisfied with the service.,5,No,No
ORD001245,CUST8259,JioMart,38:29.5,30,Personal Care,1073,Quick and reliable!,5,No,No
ORD001246,CUST7947,JioMart,11:29.5,30,Fruits & Vegetables,537,"Not fresh, disappointed.",2,No,Yes
ORD001247,CUST8957,JioMart,07:29.5,29,Snacks,316,Delivery person was rude.,2,No,Yes
ORD001249,CUST7785,Blinkit,42:29.5,45,Personal Care,225,Items missing from order.,2,Yes,Yes
ORD001250,CUST5475,JioMart,29:29.5,38,Beverages,787,"Easy to order, loved it!",5,No,No
ORD001251,CUST4531,Swiggy Instamart,59:29.5,28,Grocery,1466,"Very late delivery, not happy.",2,No,Yes
ORD001252,CUST9394,Blinkit,08:29.5,28,Personal Care,817,"Horrible experience, never ordering again.",1,No,Yes
ORD001253,CUST2864,Blinkit,45:29.5,25,Dairy,103,Wrong item delivered.,1,No,Yes
ORD001254,CUST6655,Blinkit,42:29.5,23,Snacks,131,Packaging could be better.,3,No,No
ORD001256,CUST2816,JioMart,26:29.5,39,Dairy,676,Excellent experience!,5,No,No
ORD001257,CUST5640,JioMart,22:29.5,25,Dairy,643,"Horrible experience, never ordering again.",1,No,Yes
ORD001258,CUST8972,Swiggy Instamart,22:29.5,42,Grocery,505,Excellent experience!,5,Yes,No
ORD001259,CUST9633,Swiggy Instamart,38:29.5,23,Beverages,462,"Fast delivery, great service!",5,No,No
ORD001260,CUST6053,Swiggy Instamart,38:29.5,44,Grocery,1019,"Fast delivery, great service!",5,Yes,No
ORD001261,CUST1744,Blinkit,34:29.5,27,Dairy,796,Delivery person was rude.,2,No,Yes
ORD001262,CUST4612,Blinkit,30:29.5,36,Dairy,377,Wrong item delivered.,1,No,Yes
ORD001263,CUST7475,JioMart,49:29.5,52,Snacks,447,"Horrible experience, never ordering again.",1,Yes,Yes
ORD001264,CUST1897,Blinkit,37:29.5,54,Snacks,117,Very satisfied with the service.,5,Yes,No
ORD001265,CUST1125,Blinkit,25:29.5,16,Beverages,161,Delivery person was rude.,2,No,Yes
ORD001266,CUST4349,Blinkit,11:29.5,40,Personal Care,1960,Quick and reliable!,5,No,No
ORD001267,CUST5938,Swiggy Instamart,00:29.5,20,Dairy,778,Excellent experience!,5,No,No
ORD001268,CUST4460,Swiggy Instamart,05:29.5,33,Dairy,510,"Not fresh, disappointed.",2,No,Yes
ORD001269,CUST3248,JioMart,25:29.5,34,Personal Care,212,Good quality products.,4,No,No
ORD001270,CUST5186,Blinkit,06:29.5,38,Personal Care,563,Packaging could be better.,3,No,No
ORD001271,CUST5742,Blinkit,15:29.5,17,Beverages,887,Quick and reliable!,5,No,No
ORD001272,CUST6375,JioMart,33:29.5,18,Snacks,493,Packaging could be better.,3,No,No
ORD001273,CUST2965,Blinkit,27:29.5,21,Snacks,301,"Not fresh, disappointed.",2,No,Yes
ORD001274,CUST1126,Blinkit,54:29.5,35,Fruits & Vegetables,69,"Fast delivery, great service!",5,No,No
ORD001275,CUST9149,Swiggy Instamart,15:29.5,32,Personal Care,151,Excellent experience!,5,No,No
ORD001276,CUST8055,JioMart,48:29.5,34,Dairy,165,"Easy to order, loved it!",5,No,No
ORD001277,CUST3878,JioMart,57:29.5,18,Fruits & Vegetables,441,"Fast delivery, great service!",5,No,No
ORD001278,CUST3116,JioMart,15:29.5,31,Beverages,656,Quick and reliable!,5,No,No
ORD001279,CUST7229,JioMart,14:29.5,23,Personal Care,558,Quick and reliable!,5,No,No
ORD001280,CUST9725,Swiggy Instamart,44:29.5,23,Beverages,265,"Horrible experience, never ordering again.",1,No,Yes
ORD001282,CUST9196,Blinkit,35:29.5,14,Snacks,342,"Very late delivery, not happy.",2,No,Yes
ORD001283,CUST6802,Blinkit,54:29.5,35,Grocery,971,Good quality products.,4,No,No
ORD001284,CUST2180,Blinkit,50:29.5,15,Fruits & Vegetables,468,Delivery person was rude.,2,No,Yes
ORD001285,CUST7505,Blinkit,16:29.5,25,Snacks,104,Wrong item delivered.,1,No,Yes
ORD001286,CUST1693,Swiggy Instamart,08:29.5,37,Fruits & Vegetables,210,"Fast delivery, great service!",5,No,No
ORD001287,CUST8147,JioMart,36:29.5,14,Grocery,1013,"Horrible experience, never ordering again.",1,No,Yes
ORD001288,CUST1307,Swiggy Instamart,32:29.5,15,Grocery,757,Wrong item delivered.,1,No,Yes
ORD001290,CUST2275,Swiggy Instamart,53:29.5,19,Beverages,204,Excellent experience!,5,No,No
ORD001291,CUST6129,JioMart,27:29.5,39,Personal Care,135,Items missing from order.,2,No,Yes
ORD001292,CUST8033,JioMart,14:29.5,34,Beverages,722,Delivery person was rude.,2,No,Yes
ORD001293,CUST7626,Swiggy Instamart,10:29.5,16,Beverages,924,"Easy to order, loved it!",5,No,No
ORD001294,CUST7843,Swiggy Instamart,27:29.5,31,Snacks,148,Delivery person was rude.,2,No,Yes
ORD001295,CUST5743,Swiggy Instamart,05:29.5,34,Personal Care,1686,Items missing from order.,2,No,Yes
ORD001296,CUST2887,Blinkit,53:29.5,16,Grocery,1326,Excellent experience!,5,No,No
ORD001297,CUST7636,Swiggy Instamart,24:29.5,30,Personal Care,1586,"Very late delivery, not happy.",2,No,Yes
ORD001298,CUST1341,Swiggy Instamart,55:29.5,38,Grocery,1154,"Easy to order, loved it!",5,No,No
ORD001299,CUST6321,Swiggy Instamart,51:29.5,29,Snacks,239,Excellent experience!,5,No,No
ORD001300,CUST3815,JioMart,27:29.5,31,Beverages,434,Wrong item delivered.,1,No,Yes
ORD001301,CUST8538,JioMart,27:29.5,28,Personal Care,203,Quick and reliable!,5,No,No
ORD001302,CUST6928,Blinkit,47:29.5,40,Grocery,1234,Items missing from order.,2,No,Yes
ORD001303,CUST2443,Blinkit,47:29.5,29,Fruits & Vegetables,305,Packaging could be better.,3,No,No
ORD001304,CUST8155,JioMart,28:29.5,23,Dairy,197,Items missing from order.,2,No,Yes
ORD001305,CUST2734,JioMart,57:29.5,27,Snacks,183,"Very late delivery, not happy.",2,No,Yes
ORD001307,CUST8138,Swiggy Instamart,53:29.5,5,Beverages,515,Packaging could be better.,3,No,No
ORD001308,CUST7560,Swiggy Instamart,48:29.5,21,Snacks,370,Delivery person was rude.,2,No,Yes
ORD001309,CUST9584,JioMart,02:29.5,45,Fruits & Vegetables,211,Good quality products.,4,Yes,No
ORD001310,CUST2288,Swiggy Instamart,46:29.5,40,Snacks,324,Quick and reliable!,5,No,No
ORD001312,CUST6083,Blinkit,47:29.5,19,Snacks,194,Excellent experience!,5,No,No
ORD001313,CUST6562,JioMart,06:29.5,23,Fruits & Vegetables,320,"Horrible experience, never ordering again.",1,No,Yes
ORD001315,CUST6456,Swiggy Instamart,09:29.5,19,Beverages,788,"Fast delivery, great service!",5,No,No
ORD001316,CUST3754,JioMart,17:29.5,23,Fruits & Vegetables,430,"Fast delivery, great service!",5,No,No
ORD001317,CUST2251,Blinkit,30:29.5,40,Beverages,478,Quick and reliable!,5,No,No
ORD001318,CUST9363,Blinkit,32:29.5,20,Beverages,177,Excellent experience!,5,No,No
ORD001319,CUST2868,Blinkit,56:29.5,35,Fruits & Vegetables,476,Wrong item delivered.,1,No,Yes
ORD001320,CUST9693,JioMart,28:29.5,37,Snacks,90,"Fast delivery, great service!",5,No,No
ORD001321,CUST9355,JioMart,12:29.5,53,Snacks,168,Wrong item delivered.,1,Yes,Yes
ORD001322,CUST4176,JioMart,39:29.5,23,Personal Care,1705,Good quality products.,4,No,No
ORD001323,CUST6724,JioMart,03:29.5,18,Personal Care,1834,"Easy to order, loved it!",5,No,No
ORD001324,CUST6752,JioMart,34:29.5,12,Fruits & Vegetables,259,Items missing from order.,2,No,Yes
ORD001325,CUST3419,Blinkit,54:29.5,36,Dairy,289,Quick and reliable!,5,No,No
ORD001326,CUST4871,Swiggy Instamart,16:29.5,34,Snacks,362,"Easy to order, loved it!",5,No,No
ORD001328,CUST3399,JioMart,01:29.5,33,Beverages,475,Very satisfied with the service.,5,No,No
ORD001329,CUST5193,Blinkit,22:29.5,30,Fruits & Vegetables,475,"Horrible experience, never ordering again.",1,No,Yes
ORD001330,CUST4232,JioMart,31:29.5,25,Beverages,149,Good quality products.,4,No,No
ORD001331,CUST3842,JioMart,43:29.5,26,Personal Care,1092,Packaging could be better.,3,No,No
ORD001333,CUST2234,JioMart,31:29.5,54,Personal Care,1321,"Horrible experience, never ordering again.",1,Yes,Yes
ORD001334,CUST3902,Swiggy Instamart,48:29.5,39,Snacks,179,"Horrible experience, never ordering again.",1,No,Yes
ORD001335,CUST9095,JioMart,22:29.5,18,Snacks,85,"Very late delivery, not happy.",2,No,Yes
ORD001336,CUST8601,Swiggy Instamart,20:29.5,33,Beverages,551,Wrong item delivered.,1,No,Yes
ORD001337,CUST8354,Swiggy Instamart,13:29.5,29,Beverages,482,"Not fresh, disappointed.",2,No,Yes
ORD001338,CUST6295,JioMart,02:29.5,48,Snacks,352,"Fast delivery, great service!",5,Yes,No
ORD001339,CUST6179,Blinkit,44:29.5,42,Fruits & Vegetables,248,Wrong item delivered.,1,Yes,Yes
ORD001340,CUST3473,Swiggy Instamart,06:29.5,28,Snacks,125,"Easy to order, loved it!",5,No,No
ORD001341,CUST8205,Blinkit,50:29.5,29,Grocery,1266,"Fast delivery, great service!",5,No,No
ORD001342,CUST2118,Swiggy Instamart,34:29.5,18,Fruits & Vegetables,563,"Easy to order, loved it!",5,No,No
ORD001343,CUST8682,JioMart,46:29.5,36,Snacks,454,"Horrible experience, never ordering again.",1,No,Yes
ORD001345,CUST5961,Swiggy Instamart,15:29.5,31,Dairy,279,Quick and reliable!,5,No,No
ORD001346,CUST5500,JioMart,30:29.5,32,Grocery,860,Good quality products.,4,No,No
ORD001347,CUST1920,Swiggy Instamart,34:29.5,26,Personal Care,806,"Fast delivery, great service!",5,No,No
ORD001348,CUST6766,JioMart,13:29.5,38,Fruits & Vegetables,123,Quick and reliable!,5,No,No
ORD001349,CUST9312,Blinkit,28:29.5,16,Fruits & Vegetables,506,Delivery person was rude.,2,No,Yes
ORD001350,CUST2215,JioMart,32:29.5,18,Grocery,977,"Very late delivery, not happy.",2,No,Yes
ORD001352,CUST8565,JioMart,44:29.5,15,Dairy,212,Excellent experience!,5,No,No
ORD001353,CUST8404,Blinkit,32:29.5,23,Grocery,1247,Items missing from order.,2,No,Yes
ORD001354,CUST1616,JioMart,17:29.5,27,Dairy,288,"Horrible experience, never ordering again.",1,No,Yes
ORD001355,CUST1932,Blinkit,21:29.5,34,Fruits & Vegetables,63,"Easy to order, loved it!",5,No,No
ORD001356,CUST7041,Swiggy Instamart,33:29.5,31,Fruits & Vegetables,577,Quick and reliable!,5,No,No
ORD001357,CUST5703,Swiggy Instamart,20:29.5,5,Beverages,132,Items missing from order.,2,No,Yes
ORD001358,CUST2257,Blinkit,00:29.5,35,Dairy,494,"Very late delivery, not happy.",2,No,Yes
ORD001360,CUST9307,Blinkit,46:29.5,40,Dairy,256,Packaging could be better.,3,No,No
ORD001361,CUST7299,JioMart,48:29.5,20,Grocery,1166,"Easy to order, loved it!",5,No,No
ORD001362,CUST8581,Swiggy Instamart,59:29.5,45,Fruits & Vegetables,255,Items missing from order.,2,Yes,Yes
ORD001364,CUST8368,Swiggy Instamart,18:29.5,25,Personal Care,1171,Delivery person was rude.,2,No,Yes
ORD001365,CUST4084,JioMart,29:29.5,42,Snacks,489,Excellent experience!,5,Yes,No
ORD001366,CUST6267,JioMart,12:29.5,52,Fruits & Vegetables,444,"Not fresh, disappointed.",2,Yes,Yes
ORD001367,CUST8792,JioMart,14:29.5,18,Fruits & Vegetables,627,"Easy to order, loved it!",5,No,No
ORD001368,CUST9214,Blinkit,51:29.5,54,Fruits & Vegetables,120,Delivery person was rude.,2,Yes,Yes
ORD001370,CUST2013,Swiggy Instamart,50:29.5,37,Grocery,820,Items missing from order.,2,No,Yes
ORD001372,CUST2695,Blinkit,09:29.5,19,Snacks,155,Wrong item delivered.,1,No,Yes
ORD001373,CUST6626,Swiggy Instamart,46:29.5,42,Dairy,246,"Very late delivery, not happy.",2,Yes,Yes
ORD001374,CUST2381,Blinkit,27:29.5,24,Dairy,474,Quick and reliable!,5,No,No
ORD001375,CUST9266,JioMart,49:29.5,22,Dairy,127,Very satisfied with the service.,5,No,No
ORD001376,CUST3827,Swiggy Instamart,46:29.5,16,Beverages,899,Packaging could be better.,3,No,No
ORD001377,CUST1641,Swiggy Instamart,46:29.5,29,Dairy,193,Packaging could be better.,3,No,No
ORD001378,CUST5059,Blinkit,41:29.5,31,Snacks,300,Packaging could be better.,3,No,No
ORD001380,CUST8199,Swiggy Instamart,52:29.5,44,Dairy,634,"Not fresh, disappointed.",2,Yes,Yes
ORD001381,CUST9586,JioMart,42:29.5,23,Snacks,374,Quick and reliable!,5,No,No
ORD001382,CUST9564,Swiggy Instamart,15:29.5,29,Snacks,449,Packaging could be better.,3,No,No
ORD001383,CUST3600,JioMart,03:29.5,32,Snacks,479,Good quality products.,4,No,No
ORD001384,CUST6962,Blinkit,46:29.5,59,Beverages,391,Very satisfied with the service.,5,Yes,No
ORD001385,CUST7108,Swiggy Instamart,24:29.5,42,Fruits & Vegetables,128,Delivery person was rude.,2,Yes,Yes
ORD001387,CUST7347,Blinkit,52:29.5,25,Fruits & Vegetables,284,Good quality products.,4,No,No
ORD001388,CUST7697,Swiggy Instamart,20:29.5,33,Personal Care,851,"Horrible experience, never ordering again.",1,No,Yes
ORD001389,CUST6543,Blinkit,54:29.5,34,Personal Care,575,Delivery person was rude.,2,No,Yes
ORD001390,CUST1857,Swiggy Instamart,05:29.5,29,Snacks,413,Very satisfied with the service.,5,No,No
ORD001391,CUST6482,Blinkit,49:29.5,39,Grocery,1139,"Easy to order, loved it!",5,No,No
ORD001392,CUST2079,Blinkit,42:29.5,61,Grocery,1107,Good quality products.,4,Yes,No
ORD001393,CUST6401,JioMart,43:29.5,18,Beverages,614,"Not fresh, disappointed.",2,No,Yes
ORD001394,CUST2548,Blinkit,43:29.5,34,Fruits & Vegetables,245,Quick and reliable!,5,No,No
ORD001395,CUST7333,Swiggy Instamart,24:29.5,33,Fruits & Vegetables,651,Packaging could be better.,3,No,No
ORD001396,CUST5655,Swiggy Instamart,50:29.5,27,Personal Care,439,Very satisfied with the service.,5,No,No
ORD001397,CUST5128,JioMart,07:29.5,23,Personal Care,1063,Quick and reliable!,5,No,No
ORD001398,CUST3463,Swiggy Instamart,10:29.5,22,Grocery,921,Quick and reliable!,5,No,No
ORD001399,CUST6461,Swiggy Instamart,04:29.5,52,Grocery,987,Delivery person was rude.,2,Yes,Yes
ORD001400,CUST2335,Swiggy Instamart,08:29.5,31,Fruits & Vegetables,671,Quick and reliable!,5,No,No
ORD001401,CUST3317,Blinkit,26:29.5,40,Grocery,1296,"Horrible experience, never ordering again.",1,No,Yes
ORD001402,CUST6731,Blinkit,28:29.5,27,Fruits & Vegetables,612,"Horrible experience, never ordering again.",1,No,Yes
ORD001403,CUST6082,Swiggy Instamart,55:29.5,34,Personal Care,612,Packaging could be better.,3,No,No
ORD001404,CUST7421,JioMart,27:29.5,35,Snacks,331,Items missing from order.,2,No,Yes
ORD001405,CUST3112,Blinkit,43:29.5,27,Dairy,578,Very satisfied with the service.,5,No,No
ORD001406,CUST2388,JioMart,43:29.5,32,Grocery,1296,Packaging could be better.,3,No,No
ORD001407,CUST6072,Swiggy Instamart,24:29.5,42,Personal Care,1973,"Easy to order, loved it!",5,Yes,No
ORD001408,CUST7171,Swiggy Instamart,39:29.5,18,Beverages,760,"Easy to order, loved it!",5,No,No
ORD001409,CUST6381,Blinkit,00:29.5,32,Dairy,509,"Horrible experience, never ordering again.",1,No,Yes
ORD001410,CUST3093,Swiggy Instamart,26:29.5,35,Dairy,144,Delivery person was rude.,2,No,Yes
ORD001411,CUST9624,Blinkit,28:29.5,37,Dairy,269,Packaging could be better.,3,No,No
ORD001412,CUST2531,Swiggy Instamart,37:29.5,39,Fruits & Vegetables,273,"Not fresh, disappointed.",2,No,Yes
ORD001413,CUST7937,Swiggy Instamart,32:29.5,37,Beverages,890,Very satisfied with the service.,5,No,No
ORD001414,CUST9331,Blinkit,29:29.5,41,Personal Care,1963,"Easy to order, loved it!",5,Yes,No
ORD001416,CUST1298,Blinkit,54:29.5,44,Fruits & Vegetables,577,Excellent experience!,5,Yes,No
ORD001417,CUST6940,Swiggy Instamart,25:29.5,31,Dairy,167,Wrong item delivered.,1,No,Yes
ORD001418,CUST6060,Swiggy Instamart,34:29.5,38,Personal Care,534,"Very late delivery, not happy.",2,No,Yes
ORD001419,CUST3953,JioMart,04:29.5,16,Beverages,129,Very satisfied with the service.,5,No,No
ORD001420,CUST4509,Blinkit,17:29.5,36,Grocery,1161,"Not fresh, disappointed.",2,No,Yes
ORD001421,CUST6598,Swiggy Instamart,12:29.5,31,Grocery,440,"Very late delivery, not happy.",2,No,Yes
ORD001422,CUST8967,Swiggy Instamart,35:29.5,26,Beverages,912,"Fast delivery, great service!",5,No,No
ORD001423,CUST4145,Blinkit,55:29.5,42,Fruits & Vegetables,367,Good quality products.,4,Yes,No
ORD001424,CUST4711,JioMart,00:29.5,32,Beverages,976,Very satisfied with the service.,5,No,No
ORD001425,CUST3253,Blinkit,22:29.5,32,Dairy,405,Items missing from order.,2,No,Yes
ORD001426,CUST3538,JioMart,28:29.5,15,Fruits & Vegetables,423,"Fast delivery, great service!",5,No,No
ORD001427,CUST2264,Swiggy Instamart,47:29.5,23,Fruits & Vegetables,578,"Very late delivery, not happy.",2,No,Yes
ORD001428,CUST5846,JioMart,56:29.5,31,Grocery,1466,Delivery person was rude.,2,No,Yes
ORD001429,CUST2657,Swiggy Instamart,30:29.5,23,Beverages,769,Packaging could be better.,3,No,No
ORD001431,CUST9843,Blinkit,03:29.5,27,Dairy,279,Wrong item delivered.,1,No,Yes
ORD001432,CUST9626,Blinkit,23:29.5,20,Snacks,411,Excellent experience!,5,No,No
ORD001433,CUST1618,JioMart,01:29.5,18,Snacks,292,Quick and reliable!,5,No,No
ORD001434,CUST6517,Swiggy Instamart,12:29.5,28,Beverages,463,"Very late delivery, not happy.",2,No,Yes
ORD001435,CUST3147,Blinkit,16:29.5,38,Grocery,816,"Very late delivery, not happy.",2,No,Yes
ORD001436,CUST7172,Blinkit,58:29.5,20,Personal Care,1494,Items missing from order.,2,No,Yes
ORD001437,CUST3527,Swiggy Instamart,48:29.5,19,Personal Care,1675,"Fast delivery, great service!",5,No,No
ORD001438,CUST3658,Blinkit,05:29.5,24,Snacks,486,Delivery person was rude.,2,No,Yes
ORD001439,CUST3962,Swiggy Instamart,45:29.5,29,Dairy,710,Delivery person was rude.,2,No,Yes
ORD001440,CUST3712,Swiggy Instamart,11:29.5,19,Dairy,587,"Easy to order, loved it!",5,No,No
ORD001441,CUST8170,Swiggy Instamart,59:29.5,31,Personal Care,1635,Quick and reliable!,5,No,No
ORD001443,CUST7731,Swiggy Instamart,21:29.5,29,Dairy,323,Delivery person was rude.,2,No,Yes
ORD001444,CUST6968,JioMart,28:29.5,25,Personal Care,1051,"Fast delivery, great service!",5,No,No
ORD001445,CUST4891,Blinkit,31:29.5,41,Dairy,591,Very satisfied with the service.,5,Yes,No
ORD001446,CUST8277,JioMart,17:29.5,18,Snacks,469,"Not fresh, disappointed.",2,No,Yes
ORD001447,CUST5668,Blinkit,13:29.5,35,Snacks,226,Items missing from order.,2,No,Yes
ORD001448,CUST8355,JioMart,22:29.5,30,Snacks,131,Delivery person was rude.,2,No,Yes
ORD001449,CUST4833,Swiggy Instamart,29:29.5,46,Dairy,546,"Not fresh, disappointed.",2,Yes,Yes
ORD001450,CUST9749,Blinkit,49:29.5,42,Dairy,605,Items missing from order.,2,Yes,Yes
ORD001451,CUST4918,Blinkit,18:29.5,10,Grocery,888,"Very late delivery, not happy.",2,No,Yes
ORD001452,CUST6070,JioMart,07:29.5,32,Fruits & Vegetables,125,Good quality products.,4,No,No
ORD001453,CUST8684,JioMart,46:29.5,15,Grocery,1074,"Easy to order, loved it!",5,No,No
ORD001454,CUST4178,Blinkit,34:29.5,41,Dairy,412,Quick and reliable!,5,Yes,No
ORD001455,CUST7026,JioMart,02:29.5,20,Fruits & Vegetables,181,"Fast delivery, great service!",5,No,No
ORD001456,CUST8218,JioMart,55:29.5,37,Grocery,875,Very satisfied with the service.,5,No,No
ORD001459,CUST7256,Swiggy Instamart,09:29.5,44,Grocery,1342,Items missing from order.,2,Yes,Yes
ORD001460,CUST9239,JioMart,57:29.5,41,Snacks,83,"Not fresh, disappointed.",2,Yes,Yes
ORD001461,CUST9641,JioMart,29:29.5,19,Dairy,609,Quick and reliable!,5,No,No
ORD001462,CUST7859,Swiggy Instamart,18:29.5,41,Beverages,429,Quick and reliable!,5,Yes,No
ORD001463,CUST3655,Swiggy Instamart,48:29.5,18,Personal Care,1814,Items missing from order.,2,No,Yes
ORD001464,CUST4271,Blinkit,48:29.5,39,Snacks,115,"Not fresh, disappointed.",2,No,Yes
ORD001466,CUST5096,Swiggy Instamart,46:29.5,15,Snacks,418,"Fast delivery, great service!",5,No,No
ORD001467,CUST1854,JioMart,18:29.5,44,Grocery,1446,"Very late delivery, not happy.",2,Yes,Yes
ORD001468,CUST8873,JioMart,22:29.5,44,Snacks,178,"Fast delivery, great service!",5,Yes,No
ORD001469,CUST7081,JioMart,30:29.5,31,Fruits & Vegetables,53,Items missing from order.,2,No,Yes
ORD001471,CUST9452,Blinkit,58:29.5,25,Beverages,676,Delivery person was rude.,2,No,Yes
ORD001472,CUST3042,Swiggy Instamart,08:29.5,35,Snacks,64,Excellent experience!,5,No,No
ORD001473,CUST5670,JioMart,44:29.5,34,Fruits & Vegetables,69,"Horrible experience, never ordering again.",1,No,Yes
ORD001474,CUST2374,Blinkit,40:29.5,45,Snacks,134,Quick and reliable!,5,Yes,No
ORD001475,CUST3626,JioMart,29:29.5,32,Beverages,785,Quick and reliable!,5,No,No
ORD001476,CUST5469,Swiggy Instamart,44:29.5,43,Fruits & Vegetables,513,Quick and reliable!,5,Yes,No
ORD001477,CUST8361,Blinkit,20:29.5,11,Fruits & Vegetables,553,"Horrible experience, never ordering again.",1,No,Yes
ORD001478,CUST9410,Swiggy Instamart,27:29.5,38,Personal Care,715,Packaging could be better.,3,No,No
ORD001480,CUST8167,Blinkit,29:29.5,33,Dairy,652,Wrong item delivered.,1,No,Yes
ORD001481,CUST2502,Blinkit,45:29.5,48,Dairy,502,"Fast delivery, great service!",5,Yes,No
ORD001482,CUST4637,Blinkit,59:29.5,41,Personal Care,797,Wrong item delivered.,1,Yes,Yes
ORD001483,CUST8391,Blinkit,15:29.5,26,Personal Care,578,"Very late delivery, not happy.",2,No,Yes
ORD001484,CUST6727,Blinkit,31:29.5,21,Personal Care,1711,"Fast delivery, great service!",5,No,No
ORD001485,CUST1436,Blinkit,05:29.5,10,Personal Care,318,Wrong item delivered.,1,No,Yes
ORD001487,CUST1872,JioMart,32:29.5,42,Personal Care,1625,Items missing from order.,2,Yes,Yes
ORD001488,CUST7495,Swiggy Instamart,04:29.5,42,Dairy,677,"Fast delivery, great service!",5,Yes,No
ORD001489,CUST9224,Blinkit,49:29.5,25,Grocery,962,"Very late delivery, not happy.",2,No,Yes
ORD001491,CUST4862,JioMart,13:29.5,42,Personal Care,982,"Fast delivery, great service!",5,Yes,No
ORD001492,CUST7326,JioMart,50:29.5,39,Dairy,721,"Easy to order, loved it!",5,No,No
ORD001493,CUST2337,Swiggy Instamart,38:29.5,30,Personal Care,1279,"Not fresh, disappointed.",2,No,Yes
ORD001494,CUST7142,Blinkit,18:29.5,29,Grocery,444,"Very late delivery, not happy.",2,No,Yes
ORD001495,CUST4678,JioMart,04:29.5,35,Personal Care,269,"Very late delivery, not happy.",2,No,Yes
ORD001496,CUST1461,Swiggy Instamart,04:29.5,36,Dairy,784,Good quality products.,4,No,No
ORD001497,CUST6221,Swiggy Instamart,39:29.5,25,Dairy,496,"Horrible experience, never ordering again.",1,No,Yes
ORD001498,CUST2623,Swiggy Instamart,36:29.5,26,Dairy,175,Items missing from order.,2,No,Yes
ORD001499,CUST6493,JioMart,14:29.5,32,Dairy,205,"Easy to order, loved it!",5,No,No
ORD001500,CUST3392,Blinkit,29:29.5,23,Fruits & Vegetables,232,Packaging could be better.,3,No,No
ORD001501,CUST3254,JioMart,18:29.5,24,Dairy,597,Excellent experience!,5,No,No
ORD001502,CUST1627,JioMart,08:29.5,12,Fruits & Vegetables,173,Delivery person was rude.,2,No,Yes
ORD001504,CUST8740,Blinkit,05:29.5,37,Snacks,428,Quick and reliable!,5,No,No
ORD001505,CUST3273,Blinkit,17:29.5,40,Dairy,324,"Not fresh, disappointed.",2,No,Yes
ORD001506,CUST8685,Swiggy Instamart,51:29.5,29,Personal Care,1967,Delivery person was rude.,2,No,Yes
ORD001507,CUST8349,Blinkit,45:29.5,37,Snacks,347,Good quality products.,4,No,No
ORD001508,CUST1086,JioMart,41:29.5,7,Beverages,408,Items missing from order.,2,No,Yes
ORD001509,CUST2298,Blinkit,06:29.5,34,Personal Care,1113,"Easy to order, loved it!",5,No,No
ORD001510,CUST1311,JioMart,20:29.5,15,Beverages,487,Wrong item delivered.,1,No,Yes
ORD001512,CUST4533,JioMart,05:29.5,36,Beverages,511,"Horrible experience, never ordering again.",1,No,Yes
ORD001513,CUST3449,JioMart,32:29.5,38,Grocery,887,"Very late delivery, not happy.",2,No,Yes
ORD001514,CUST9991,Blinkit,48:29.5,10,Personal Care,1749,Quick and reliable!,5,No,No
ORD001515,CUST9647,Blinkit,26:29.5,13,Grocery,432,Good quality products.,4,No,No
ORD001516,CUST7934,JioMart,37:29.5,23,Beverages,909,Very satisfied with the service.,5,No,No
ORD001517,CUST2821,Blinkit,03:29.5,12,Fruits & Vegetables,682,"Very late delivery, not happy.",2,No,Yes
ORD001519,CUST4893,Swiggy Instamart,30:29.5,38,Personal Care,1633,Packaging could be better.,3,No,No
ORD001520,CUST5934,Blinkit,48:29.5,14,Fruits & Vegetables,612,Very satisfied with the service.,5,No,No
ORD001521,CUST2996,Swiggy Instamart,47:29.5,50,Snacks,355,"Easy to order, loved it!",5,Yes,No
ORD001522,CUST1782,Blinkit,25:29.5,27,Fruits & Vegetables,249,Good quality products.,4,No,No
ORD001523,CUST4906,JioMart,22:29.5,33,Fruits & Vegetables,405,Quick and reliable!,5,No,No
ORD001525,CUST8489,Swiggy Instamart,50:29.5,40,Grocery,224,"Fast delivery, great service!",5,No,No
ORD001526,CUST2029,Blinkit,08:29.5,32,Snacks,271,Wrong item delivered.,1,No,Yes
ORD001528,CUST9189,Swiggy Instamart,15:29.5,33,Fruits & Vegetables,70,Items missing from order.,2,No,Yes
ORD001529,CUST9782,JioMart,34:29.5,17,Grocery,805,Quick and reliable!,5,No,No
ORD001530,CUST1269,Swiggy Instamart,02:29.5,34,Dairy,221,Packaging could be better.,3,No,No
ORD001531,CUST9443,JioMart,03:29.5,37,Snacks,94,"Easy to order, loved it!",5,No,No
ORD001532,CUST4963,Blinkit,21:29.5,14,Dairy,792,Delivery person was rude.,2,No,Yes
ORD001533,CUST3352,JioMart,29:29.5,27,Personal Care,177,Wrong item delivered.,1,No,Yes
ORD001534,CUST5772,Swiggy Instamart,52:29.5,26,Personal Care,778,Quick and reliable!,5,No,No
ORD001535,CUST8032,Blinkit,22:29.5,30,Personal Care,686,Wrong item delivered.,1,No,Yes
ORD001536,CUST1025,Swiggy Instamart,26:29.5,37,Beverages,993,"Fast delivery, great service!",5,No,No
ORD001537,CUST6780,Swiggy Instamart,15:29.5,38,Dairy,293,Wrong item delivered.,1,No,Yes
ORD001538,CUST4941,JioMart,29:29.5,29,Dairy,719,Delivery person was rude.,2,No,Yes
ORD001539,CUST7825,Swiggy Instamart,20:29.5,39,Fruits & Vegetables,548,Delivery person was rude.,2,No,Yes
ORD001540,CUST4068,JioMart,55:29.5,16,Personal Care,1731,"Fast delivery, great service!",5,No,No
ORD001542,CUST9576,JioMart,29:29.5,9,Fruits & Vegetables,207,"Fast delivery, great service!",5,No,No
ORD001543,CUST6908,Blinkit,13:29.5,25,Grocery,691,Good quality products.,4,No,No
ORD001544,CUST2108,JioMart,00:29.5,34,Beverages,455,Excellent experience!,5,No,No
ORD001545,CUST9618,Swiggy Instamart,28:29.5,37,Personal Care,1287,"Horrible experience, never ordering again.",1,No,Yes
ORD001546,CUST9914,JioMart,14:29.5,32,Snacks,377,"Horrible experience, never ordering again.",1,No,Yes
ORD001548,CUST9316,Blinkit,33:29.5,31,Fruits & Vegetables,106,Wrong item delivered.,1,No,Yes
ORD001550,CUST7397,JioMart,48:29.5,7,Personal Care,849,Wrong item delivered.,1,No,Yes
ORD001551,CUST8702,Swiggy Instamart,37:29.5,20,Grocery,1485,Excellent experience!,5,No,No
ORD001552,CUST1713,JioMart,33:29.5,20,Grocery,1148,Very satisfied with the service.,5,No,No
ORD001553,CUST7338,JioMart,01:29.5,30,Snacks,369,"Fast delivery, great service!",5,No,No
ORD001554,CUST7116,Swiggy Instamart,14:29.5,24,Personal Care,743,Good quality products.,4,No,No
ORD001555,CUST5155,JioMart,34:29.5,20,Beverages,698,Quick and reliable!,5,No,No
ORD001556,CUST1266,Swiggy Instamart,49:29.5,24,Fruits & Vegetables,296,"Horrible experience, never ordering again.",1,No,Yes
ORD001557,CUST6850,JioMart,10:29.5,26,Beverages,757,"Very late delivery, not happy.",2,No,Yes
ORD001558,CUST2106,Blinkit,48:29.5,21,Grocery,771,Very satisfied with the service.,5,No,No
ORD001559,CUST6649,Swiggy Instamart,49:29.5,30,Dairy,113,Excellent experience!,5,No,No
ORD001560,CUST4950,JioMart,10:29.5,39,Personal Care,871,"Fast delivery, great service!",5,No,No
ORD001561,CUST2698,JioMart,24:29.5,23,Beverages,973,Good quality products.,4,No,No
ORD001562,CUST6447,Blinkit,42:29.5,30,Snacks,475,"Not fresh, disappointed.",2,No,Yes
ORD001563,CUST3185,Swiggy Instamart,18:29.5,50,Fruits & Vegetables,419,Quick and reliable!,5,Yes,No
ORD001564,CUST1726,JioMart,34:29.5,32,Beverages,389,"Easy to order, loved it!",5,No,No
ORD001566,CUST9945,JioMart,02:29.5,25,Beverages,386,Delivery person was rude.,2,No,Yes
ORD001570,CUST8840,JioMart,28:29.5,40,Snacks,320,"Horrible experience, never ordering again.",1,No,Yes
ORD001571,CUST3986,JioMart,56:29.5,45,Fruits & Vegetables,446,Delivery person was rude.,2,Yes,Yes
ORD001572,CUST3209,Blinkit,10:29.5,31,Grocery,1446,Very satisfied with the service.,5,No,No
ORD001573,CUST2033,Blinkit,21:29.5,27,Fruits & Vegetables,687,"Fast delivery, great service!",5,No,No
ORD001574,CUST8498,Swiggy Instamart,09:29.5,16,Beverages,831,"Horrible experience, never ordering again.",1,No,Yes
ORD001575,CUST1605,Blinkit,21:29.5,29,Snacks,132,"Not fresh, disappointed.",2,No,Yes
ORD001576,CUST5807,Blinkit,03:29.5,38,Beverages,922,"Easy to order, loved it!",5,No,No
ORD001577,CUST4302,Swiggy Instamart,48:29.5,36,Fruits & Vegetables,136,"Horrible experience, never ordering again.",1,No,Yes
ORD001578,CUST1717,Blinkit,25:29.5,29,Fruits & Vegetables,500,"Very late delivery, not happy.",2,No,Yes
ORD001579,CUST4268,Blinkit,24:29.5,33,Personal Care,1613,"Not fresh, disappointed.",2,No,Yes
ORD001580,CUST1686,Swiggy Instamart,49:29.5,46,Beverages,891,Wrong item delivered.,1,Yes,Yes
ORD001581,CUST6170,Swiggy Instamart,42:29.5,36,Snacks,125,"Very late delivery, not happy.",2,No,Yes
ORD001582,CUST6080,Swiggy Instamart,53:29.5,27,Grocery,413,Delivery person was rude.,2,No,Yes
ORD001583,CUST9444,JioMart,42:29.5,29,Personal Care,548,Quick and reliable!,5,No,No
ORD001584,CUST7524,JioMart,49:29.5,36,Beverages,330,"Fast delivery, great service!",5,No,No
ORD001585,CUST9897,Swiggy Instamart,45:29.5,35,Snacks,301,"Easy to order, loved it!",5,No,No
ORD001586,CUST8756,Swiggy Instamart,12:29.5,52,Beverages,402,Items missing from order.,2,Yes,Yes
ORD001587,CUST5150,Swiggy Instamart,26:29.5,46,Personal Care,1176,"Easy to order, loved it!",5,Yes,No
ORD001588,CUST1599,JioMart,20:29.5,19,Fruits & Vegetables,435,Very satisfied with the service.,5,No,No
ORD001589,CUST4131,JioMart,39:29.5,23,Personal Care,786,Delivery person was rude.,2,No,Yes
ORD001590,CUST5687,Blinkit,16:29.5,42,Beverages,812,"Fast delivery, great service!",5,Yes,No
ORD001591,CUST6848,Blinkit,00:29.5,22,Beverages,484,Wrong item delivered.,1,No,Yes
ORD001592,CUST1783,Swiggy Instamart,23:29.5,31,Dairy,792,"Fast delivery, great service!",5,No,No
ORD001593,CUST6438,JioMart,35:29.5,46,Dairy,277,Good quality products.,4,Yes,No
ORD001594,CUST5476,JioMart,34:29.5,33,Personal Care,1792,Wrong item delivered.,1,No,Yes
ORD001595,CUST3039,JioMart,27:29.5,39,Fruits & Vegetables,178,Packaging could be better.,3,No,No
ORD001596,CUST7029,Swiggy Instamart,53:29.5,32,Snacks,135,"Fast delivery, great service!",5,No,No
ORD001597,CUST8159,Blinkit,06:29.5,29,Dairy,257,Delivery person was rude.,2,No,Yes
ORD001598,CUST7553,Swiggy Instamart,40:29.5,11,Personal Care,1177,Very satisfied with the service.,5,No,No
ORD001599,CUST8204,Blinkit,12:29.5,32,Personal Care,1941,Packaging could be better.,3,No,No
ORD001600,CUST7334,Blinkit,30:29.5,24,Grocery,685,Items missing from order.,2,No,Yes
ORD001601,CUST6554,Swiggy Instamart,54:29.5,43,Fruits & Vegetables,218,Packaging could be better.,3,Yes,No
ORD001602,CUST4060,Blinkit,41:29.5,5,Grocery,1072,Wrong item delivered.,1,No,Yes
ORD001603,CUST9129,Blinkit,45:29.5,24,Dairy,358,"Fast delivery, great service!",5,No,No
ORD001604,CUST9151,JioMart,32:29.5,43,Beverages,508,"Fast delivery, great service!",5,Yes,No
ORD001606,CUST9507,Swiggy Instamart,45:29.5,41,Fruits & Vegetables,146,Delivery person was rude.,2,Yes,Yes
ORD001607,CUST5369,Swiggy Instamart,15:29.5,36,Fruits & Vegetables,670,"Not fresh, disappointed.",2,No,Yes
ORD001608,CUST2353,Blinkit,55:29.5,12,Beverages,558,Wrong item delivered.,1,No,Yes
ORD001609,CUST7955,JioMart,49:29.5,19,Beverages,686,"Very late delivery, not happy.",2,No,Yes
ORD001612,CUST3956,Blinkit,09:29.5,27,Snacks,159,Wrong item delivered.,1,No,Yes
ORD001613,CUST9937,Swiggy Instamart,09:29.5,26,Grocery,988,Excellent experience!,5,No,No
ORD001614,CUST5813,Blinkit,06:29.5,34,Personal Care,1881,Items missing from order.,2,No,Yes
ORD001615,CUST6262,JioMart,05:29.5,36,Fruits & Vegetables,513,"Fast delivery, great service!",5,No,No
ORD001617,CUST2311,Swiggy Instamart,50:29.5,32,Beverages,325,Items missing from order.,2,No,Yes
ORD001618,CUST6372,Swiggy Instamart,57:29.5,23,Grocery,1049,Quick and reliable!,5,No,No
ORD001619,CUST5843,Swiggy Instamart,42:29.5,35,Fruits & Vegetables,264,Excellent experience!,5,No,No
ORD001620,CUST6021,Swiggy Instamart,59:29.5,12,Snacks,250,Delivery person was rude.,2,No,Yes
ORD001622,CUST7981,Blinkit,36:29.5,22,Grocery,600,Very satisfied with the service.,5,No,No
ORD001623,CUST3730,Blinkit,48:29.5,26,Grocery,1252,"Fast delivery, great service!",5,No,No
ORD001624,CUST8272,Blinkit,20:29.5,46,Personal Care,1530,Items missing from order.,2,Yes,Yes
ORD001625,CUST6759,Blinkit,33:29.5,28,Grocery,1377,Quick and reliable!,5,No,No
ORD001626,CUST8325,Swiggy Instamart,09:29.5,39,Fruits & Vegetables,105,"Fast delivery, great service!",5,No,No
ORD001628,CUST6776,Blinkit,52:29.5,46,Personal Care,1001,Delivery person was rude.,2,Yes,Yes
ORD001629,CUST8126,JioMart,50:29.5,33,Grocery,1355,"Fast delivery, great service!",5,No,No
ORD001630,CUST5498,Blinkit,50:29.5,35,Personal Care,1289,Items missing from order.,2,No,Yes
ORD001631,CUST1939,Blinkit,14:29.5,31,Personal Care,1770,"Very late delivery, not happy.",2,No,Yes
ORD001633,CUST7655,Swiggy Instamart,36:29.5,38,Snacks,91,Quick and reliable!,5,No,No
ORD001634,CUST6952,Blinkit,48:29.5,22,Fruits & Vegetables,216,"Horrible experience, never ordering again.",1,No,Yes
ORD001635,CUST9406,Blinkit,12:29.5,37,Grocery,265,Delivery person was rude.,2,No,Yes
ORD001638,CUST3339,Swiggy Instamart,19:29.5,20,Personal Care,1183,Quick and reliable!,5,No,No
ORD001640,CUST1570,JioMart,05:29.5,40,Snacks,403,Good quality products.,4,No,No
ORD001642,CUST2101,JioMart,52:29.5,14,Fruits & Vegetables,432,"Not fresh, disappointed.",2,No,Yes
ORD001643,CUST4866,Swiggy Instamart,35:29.5,38,Snacks,484,Wrong item delivered.,1,No,Yes
ORD001644,CUST7001,Blinkit,49:29.5,23,Personal Care,1539,Excellent experience!,5,No,No
ORD001645,CUST6933,Swiggy Instamart,30:29.5,37,Fruits & Vegetables,643,"Horrible experience, never ordering again.",1,No,Yes
ORD001646,CUST7272,Blinkit,44:29.5,47,Beverages,364,"Horrible experience, never ordering again.",1,Yes,Yes
ORD001647,CUST1530,JioMart,53:29.5,15,Snacks,294,"Very late delivery, not happy.",2,No,Yes
ORD001648,CUST3513,JioMart,11:29.5,14,Dairy,333,Packaging could be better.,3,No,No
ORD001649,CUST8371,Blinkit,02:29.5,38,Snacks,107,Excellent experience!,5,No,No
ORD001650,CUST7077,JioMart,12:29.5,43,Grocery,437,Delivery person was rude.,2,Yes,Yes
ORD001651,CUST7095,Swiggy Instamart,22:29.5,47,Fruits & Vegetables,346,Items missing from order.,2,Yes,Yes
ORD001652,CUST8273,Blinkit,57:29.5,38,Personal Care,1248,Delivery person was rude.,2,No,Yes
ORD001653,CUST2259,JioMart,06:29.5,28,Personal Care,810,"Fast delivery, great service!",5,No,No
ORD001654,CUST3255,Blinkit,28:29.5,30,Fruits & Vegetables,294,"Easy to order, loved it!",5,No,No
ORD001655,CUST9674,Swiggy Instamart,07:29.5,33,Beverages,849,"Easy to order, loved it!",5,No,No
ORD001656,CUST7012,Swiggy Instamart,39:29.5,46,Beverages,458,Excellent experience!,5,Yes,No
ORD001657,CUST7521,JioMart,59:29.5,32,Snacks,434,Excellent experience!,5,No,No
ORD001658,CUST6150,Swiggy Instamart,18:29.5,23,Grocery,568,Excellent experience!,5,No,No
ORD001659,CUST5566,Blinkit,07:29.5,32,Snacks,335,"Fast delivery, great service!",5,No,No
ORD001660,CUST5089,Swiggy Instamart,36:29.5,14,Snacks,385,Very satisfied with the service.,5,No,No
ORD001662,CUST1424,Blinkit,50:29.5,26,Dairy,639,Delivery person was rude.,2,No,Yes
ORD001663,CUST4048,Swiggy Instamart,19:29.5,26,Beverages,867,Delivery person was rude.,2,No,Yes
ORD001664,CUST9176,JioMart,46:29.5,14,Fruits & Vegetables,533,Excellent experience!,5,No,No
ORD001665,CUST9482,Swiggy Instamart,29:29.5,18,Grocery,1306,Packaging could be better.,3,No,No
ORD001666,CUST7340,Blinkit,36:29.5,29,Grocery,270,Items missing from order.,2,No,Yes
ORD001667,CUST2929,Blinkit,26:29.5,38,Personal Care,468,Very satisfied with the service.,5,No,No
ORD001668,CUST5288,Swiggy Instamart,17:29.5,25,Dairy,515,Wrong item delivered.,1,No,Yes
ORD001669,CUST5264,JioMart,04:29.5,30,Snacks,78,Very satisfied with the service.,5,No,No
ORD001670,CUST8311,JioMart,03:29.5,38,Fruits & Vegetables,411,Very satisfied with the service.,5,No,No
ORD001671,CUST4515,Blinkit,21:29.5,56,Fruits & Vegetables,224,Good quality products.,4,Yes,No
ORD001672,CUST5678,Blinkit,29:29.5,26,Dairy,205,Delivery person was rude.,2,No,Yes
ORD001673,CUST9047,JioMart,48:29.5,21,Dairy,784,"Horrible experience, never ordering again.",1,No,Yes
ORD001674,CUST4279,Swiggy Instamart,58:29.5,37,Grocery,1178,"Horrible experience, never ordering again.",1,No,Yes
ORD001675,CUST3009,Blinkit,13:29.5,38,Personal Care,424,"Horrible experience, never ordering again.",1,No,Yes
ORD001678,CUST8406,Swiggy Instamart,26:29.5,16,Grocery,277,Packaging could be better.,3,No,No
ORD001679,CUST3828,JioMart,56:29.5,22,Fruits & Vegetables,223,Excellent experience!,5,No,No
ORD001680,CUST8292,Swiggy Instamart,33:29.5,38,Personal Care,263,"Very late delivery, not happy.",2,No,Yes
ORD001681,CUST2438,Swiggy Instamart,20:29.5,33,Beverages,197,"Not fresh, disappointed.",2,No,Yes
ORD001682,CUST6236,Swiggy Instamart,24:29.5,31,Snacks,186,Very satisfied with the service.,5,No,No
ORD001683,CUST6692,Blinkit,59:29.5,20,Snacks,271,Excellent experience!,5,No,No
ORD001684,CUST2063,JioMart,01:29.5,19,Grocery,335,"Horrible experience, never ordering again.",1,No,Yes
ORD001685,CUST9882,JioMart,46:29.5,30,Beverages,737,Packaging could be better.,3,No,No
ORD001686,CUST5757,Swiggy Instamart,32:29.5,29,Dairy,375,"Easy to order, loved it!",5,No,No
ORD001687,CUST5914,Blinkit,40:29.5,34,Dairy,727,Good quality products.,4,No,No
ORD001688,CUST3580,Blinkit,17:29.5,43,Snacks,85,Wrong item delivered.,1,Yes,Yes
ORD001689,CUST3852,JioMart,02:29.5,18,Snacks,457,"Fast delivery, great service!",5,No,No
ORD001690,CUST6922,Blinkit,31:29.5,28,Snacks,172,"Very late delivery, not happy.",2,No,Yes
ORD001691,CUST9335,Blinkit,17:29.5,31,Dairy,203,Delivery person was rude.,2,No,Yes
ORD001694,CUST4292,Swiggy Instamart,34:29.5,29,Fruits & Vegetables,604,"Easy to order, loved it!",5,No,No
ORD001695,CUST3275,JioMart,01:29.5,31,Dairy,158,Quick and reliable!,5,No,No
ORD001697,CUST9094,JioMart,18:29.5,22,Grocery,1170,Delivery person was rude.,2,No,Yes
ORD001700,CUST7044,Blinkit,55:29.5,32,Personal Care,1061,Good quality products.,4,No,No
ORD001702,CUST3126,Blinkit,55:29.5,32,Personal Care,1932,"Easy to order, loved it!",5,No,No
ORD001703,CUST2412,Swiggy Instamart,14:29.5,33,Personal Care,1298,Delivery person was rude.,2,No,Yes
ORD001704,CUST2077,Swiggy Instamart,04:29.5,20,Dairy,476,"Easy to order, loved it!",5,No,No
ORD001707,CUST8842,Blinkit,28:29.5,31,Grocery,1160,"Horrible experience, never ordering again.",1,No,Yes
ORD001708,CUST9612,Blinkit,12:29.5,9,Beverages,557,"Fast delivery, great service!",5,No,No
ORD001710,CUST7708,JioMart,24:29.5,43,Dairy,674,Delivery person was rude.,2,Yes,Yes
ORD001711,CUST2208,Swiggy Instamart,47:29.5,32,Fruits & Vegetables,121,"Not fresh, disappointed.",2,No,Yes
ORD001712,CUST3053,JioMart,40:29.5,24,Fruits & Vegetables,443,Excellent experience!,5,No,No
ORD001713,CUST6194,Swiggy Instamart,56:29.5,42,Snacks,427,Items missing from order.,2,Yes,Yes
ORD001715,CUST8372,Blinkit,37:29.5,32,Fruits & Vegetables,441,Delivery person was rude.,2,No,Yes
ORD001716,CUST8632,Swiggy Instamart,36:29.5,41,Fruits & Vegetables,289,Wrong item delivered.,1,Yes,Yes
ORD001717,CUST9476,Swiggy Instamart,43:29.5,22,Fruits & Vegetables,670,"Horrible experience, never ordering again.",1,No,Yes
ORD001718,CUST6644,Swiggy Instamart,08:29.5,42,Personal Care,1006,"Horrible experience, never ordering again.",1,Yes,Yes
ORD001719,CUST3102,Blinkit,29:29.5,32,Personal Care,395,Good quality products.,4,No,No
ORD001720,CUST3981,Blinkit,17:29.5,26,Fruits & Vegetables,619,"Horrible experience, never ordering again.",1,No,Yes
ORD001721,CUST3114,Blinkit,10:29.5,31,Beverages,735,Very satisfied with the service.,5,No,No
ORD001722,CUST8088,Blinkit,25:29.5,38,Fruits & Vegetables,664,Packaging could be better.,3,No,No
ORD001724,CUST1907,Swiggy Instamart,33:29.5,48,Fruits & Vegetables,398,Excellent experience!,5,Yes,No
ORD001725,CUST3034,Blinkit,28:29.5,42,Fruits & Vegetables,662,Delivery person was rude.,2,Yes,Yes
ORD001726,CUST9488,Swiggy Instamart,56:29.5,18,Beverages,728,"Not fresh, disappointed.",2,No,Yes
ORD001727,CUST3507,Blinkit,07:29.5,39,Beverages,599,Good quality products.,4,No,No
ORD001730,CUST3653,JioMart,28:29.5,20,Snacks,81,"Not fresh, disappointed.",2,No,Yes
ORD001731,CUST6286,Swiggy Instamart,12:29.5,41,Beverages,610,Good quality products.,4,Yes,No
ORD001732,CUST4694,JioMart,28:29.5,32,Fruits & Vegetables,547,"Fast delivery, great service!",5,No,No
ORD001733,CUST6669,Blinkit,37:29.5,19,Personal Care,1733,"Very late delivery, not happy.",2,No,Yes
ORD001734,CUST9501,Blinkit,52:29.5,33,Snacks,206,"Very late delivery, not happy.",2,No,Yes
ORD001735,CUST5653,Blinkit,41:29.5,41,Dairy,153,Good quality products.,4,Yes,No
ORD001736,CUST2292,Swiggy Instamart,10:29.5,21,Beverages,670,Very satisfied with the service.,5,No,No
ORD001737,CUST5105,JioMart,19:29.5,21,Beverages,450,Very satisfied with the service.,5,No,No
ORD001738,CUST4216,Blinkit,28:29.5,37,Snacks,408,Delivery person was rude.,2,No,Yes
ORD001739,CUST5496,JioMart,21:29.5,33,Snacks,205,Very satisfied with the service.,5,No,No
ORD001740,CUST3050,JioMart,40:29.5,38,Fruits & Vegetables,689,Packaging could be better.,3,No,No
ORD001742,CUST9740,Blinkit,49:29.5,55,Grocery,1011,Quick and reliable!,5,Yes,No
ORD001744,CUST9234,Blinkit,27:29.5,36,Snacks,305,"Fast delivery, great service!",5,No,No
ORD001745,CUST3762,Blinkit,32:29.5,25,Fruits & Vegetables,141,Delivery person was rude.,2,No,Yes
ORD001746,CUST3526,Blinkit,34:29.5,15,Dairy,523,"Horrible experience, never ordering again.",1,No,Yes
ORD001747,CUST3804,Swiggy Instamart,13:29.5,28,Beverages,341,Delivery person was rude.,2,No,Yes
ORD001748,CUST6531,JioMart,51:29.5,27,Grocery,604,"Not fresh, disappointed.",2,No,Yes
ORD001749,CUST1674,JioMart,25:29.5,47,Grocery,271,Quick and reliable!,5,Yes,No
ORD001750,CUST1464,Swiggy Instamart,06:29.5,34,Personal Care,1778,Wrong item delivered.,1,No,Yes
ORD001753,CUST5336,JioMart,53:29.5,21,Dairy,682,Items missing from order.,2,No,Yes
ORD001754,CUST4453,Blinkit,02:29.5,27,Personal Care,1563,Packaging could be better.,3,No,No
ORD001756,CUST1496,Blinkit,43:29.5,34,Snacks,224,Quick and reliable!,5,No,No
ORD001757,CUST9159,JioMart,41:29.5,13,Fruits & Vegetables,273,Very satisfied with the service.,5,No,No
ORD001759,CUST5745,JioMart,11:29.5,21,Beverages,355,"Not fresh, disappointed.",2,No,Yes
ORD001761,CUST8912,Swiggy Instamart,23:29.5,32,Personal Care,219,Good quality products.,4,No,No
ORD001764,CUST5873,Swiggy Instamart,41:29.5,23,Fruits & Vegetables,108,"Easy to order, loved it!",5,No,No
ORD001766,CUST2195,JioMart,17:29.5,33,Beverages,362,Delivery person was rude.,2,No,Yes
ORD001767,CUST1981,Swiggy Instamart,19:29.5,24,Dairy,551,Very satisfied with the service.,5,No,No
ORD001768,CUST3589,Swiggy Instamart,41:29.5,26,Dairy,623,"Fast delivery, great service!",5,No,No
ORD001769,CUST8202,Swiggy Instamart,50:29.5,27,Dairy,563,Packaging could be better.,3,No,No
ORD001770,CUST7809,Blinkit,55:29.5,41,Beverages,197,Excellent experience!,5,Yes,No
ORD001772,CUST8609,JioMart,17:29.5,48,Personal Care,1760,Items missing from order.,2,Yes,Yes
ORD001773,CUST4342,Swiggy Instamart,45:29.5,35,Fruits & Vegetables,403,Very satisfied with the service.,5,No,No
ORD001775,CUST3353,Swiggy Instamart,54:29.5,13,Personal Care,211,"Not fresh, disappointed.",2,No,Yes
ORD001776,CUST6121,JioMart,05:29.5,23,Snacks,362,"Horrible experience, never ordering again.",1,No,Yes
ORD001777,CUST6231,Blinkit,42:29.5,13,Snacks,421,Wrong item delivered.,1,No,Yes
ORD001778,CUST6658,Blinkit,56:29.5,22,Beverages,789,Quick and reliable!,5,No,No
ORD001780,CUST3142,JioMart,11:29.5,17,Personal Care,1504,Good quality products.,4,No,No
ORD001782,CUST9437,Blinkit,50:29.5,24,Personal Care,493,"Fast delivery, great service!",5,No,No
ORD001783,CUST2739,JioMart,14:29.5,38,Fruits & Vegetables,223,"Fast delivery, great service!",5,No,No
ORD001784,CUST6228,Swiggy Instamart,44:29.5,20,Beverages,119,Wrong item delivered.,1,No,Yes
ORD001785,CUST4960,JioMart,45:29.5,37,Beverages,528,Very satisfied with the service.,5,No,No
ORD001786,CUST8642,Swiggy Instamart,17:29.5,24,Grocery,1292,Wrong item delivered.,1,No,Yes
ORD001787,CUST3007,JioMart,08:29.5,27,Grocery,418,"Not fresh, disappointed.",2,No,Yes
ORD001788,CUST5382,Swiggy Instamart,25:29.5,23,Dairy,361,Items missing from order.,2,No,Yes
ORD001789,CUST8366,Blinkit,26:29.5,28,Fruits & Vegetables,201,Packaging could be better.,3,No,No
ORD001791,CUST3308,JioMart,17:29.5,16,Dairy,738,"Easy to order, loved it!",5,No,No
ORD001792,CUST2586,JioMart,59:29.5,52,Grocery,213,Wrong item delivered.,1,Yes,Yes
ORD001793,CUST1829,Swiggy Instamart,33:29.5,52,Grocery,1262,"Not fresh, disappointed.",2,Yes,Yes
ORD001794,CUST5754,Blinkit,55:29.5,24,Grocery,213,"Horrible experience, never ordering again.",1,No,Yes
ORD001795,CUST7293,Blinkit,08:29.5,39,Fruits & Vegetables,379,"Easy to order, loved it!",5,No,No
ORD001796,CUST7850,Swiggy Instamart,44:29.5,18,Snacks,272,"Horrible experience, never ordering again.",1,No,Yes
ORD001797,CUST5067,Swiggy Instamart,41:29.5,13,Snacks,301,Quick and reliable!,5,No,No
ORD001798,CUST3616,JioMart,19:29.5,49,Dairy,518,"Easy to order, loved it!",5,Yes,No
ORD001799,CUST6364,Blinkit,11:29.5,37,Beverages,223,Very satisfied with the service.,5,No,No
ORD001800,CUST6123,Swiggy Instamart,43:29.5,31,Grocery,989,Items missing from order.,2,No,Yes
ORD001801,CUST4110,Blinkit,48:29.5,37,Snacks,340,Very satisfied with the service.,5,No,No
ORD001802,CUST3610,Swiggy Instamart,37:29.5,23,Snacks,335,Delivery person was rude.,2,No,Yes
ORD001803,CUST9163,Swiggy Instamart,41:29.5,31,Dairy,799,Quick and reliable!,5,No,No
ORD001804,CUST9433,Blinkit,34:29.5,32,Fruits & Vegetables,101,Wrong item delivered.,1,No,Yes
ORD001805,CUST8648,Swiggy Instamart,48:29.5,15,Dairy,264,Excellent experience!,5,No,No
ORD001806,CUST9171,Swiggy Instamart,07:29.5,41,Fruits & Vegetables,384,"Very late delivery, not happy.",2,Yes,Yes
ORD001807,CUST6055,JioMart,21:29.5,25,Fruits & Vegetables,660,Wrong item delivered.,1,No,Yes
ORD001808,CUST9148,Swiggy Instamart,04:29.5,18,Beverages,826,"Fast delivery, great service!",5,No,No
ORD001809,CUST1379,Swiggy Instamart,47:29.5,46,Snacks,260,Packaging could be better.,3,Yes,No
ORD001810,CUST2475,Swiggy Instamart,47:29.5,42,Fruits & Vegetables,385,"Fast delivery, great service!",5,Yes,No
ORD001811,CUST7442,JioMart,15:29.5,27,Grocery,720,"Very late delivery, not happy.",2,No,Yes
ORD001812,CUST9281,Blinkit,45:29.5,17,Snacks,396,"Very late delivery, not happy.",2,No,Yes
ORD001814,CUST4944,JioMart,30:29.5,30,Grocery,867,Good quality products.,4,No,No
ORD001816,CUST6781,JioMart,12:29.5,43,Dairy,791,"Fast delivery, great service!",5,Yes,No
ORD001817,CUST1797,Blinkit,35:29.5,25,Grocery,348,Wrong item delivered.,1,No,Yes
ORD001819,CUST5609,Blinkit,24:29.5,43,Grocery,1451,"Horrible experience, never ordering again.",1,Yes,Yes
ORD001820,CUST9108,Swiggy Instamart,24:29.5,12,Snacks,199,Excellent experience!,5,No,No
ORD001821,CUST8710,JioMart,30:29.5,35,Beverages,256,Quick and reliable!,5,No,No
ORD001823,CUST9793,JioMart,04:29.5,26,Grocery,479,Good quality products.,4,No,No
ORD001824,CUST1133,JioMart,52:29.5,17,Fruits & Vegetables,542,Excellent experience!,5,No,No
ORD001825,CUST2761,Swiggy Instamart,55:29.5,60,Snacks,85,"Easy to order, loved it!",5,Yes,No
ORD001826,CUST8060,JioMart,00:29.5,46,Grocery,563,Good quality products.,4,Yes,No
ORD001827,CUST3194,Swiggy Instamart,56:29.5,32,Dairy,725,"Very late delivery, not happy.",2,No,Yes
ORD001830,CUST7606,Swiggy Instamart,20:29.5,50,Beverages,683,Quick and reliable!,5,Yes,No
ORD001831,CUST6995,Blinkit,40:29.5,43,Dairy,295,Good quality products.,4,Yes,No
ORD001832,CUST1741,Blinkit,46:29.5,27,Grocery,400,"Very late delivery, not happy.",2,No,Yes
ORD001833,CUST7563,JioMart,05:29.5,25,Dairy,724,Delivery person was rude.,2,No,Yes
ORD001834,CUST1838,Blinkit,45:29.5,45,Grocery,795,"Not fresh, disappointed.",2,Yes,Yes
ORD001835,CUST4189,Blinkit,31:29.5,28,Dairy,384,Very satisfied with the service.,5,No,No
ORD001836,CUST6939,JioMart,22:29.5,29,Grocery,995,"Fast delivery, great service!",5,No,No
ORD001839,CUST7329,Blinkit,44:29.5,19,Personal Care,986,"Fast delivery, great service!",5,No,No
ORD001840,CUST9261,Blinkit,47:29.5,36,Dairy,574,Items missing from order.,2,No,Yes
ORD001841,CUST8378,JioMart,07:29.5,20,Grocery,820,"Not fresh, disappointed.",2,No,Yes
ORD001842,CUST5582,Swiggy Instamart,42:29.5,43,Dairy,169,Delivery person was rude.,2,Yes,Yes
ORD001843,CUST2946,JioMart,25:29.5,27,Snacks,493,Excellent experience!,5,No,No
ORD001844,CUST3108,Swiggy Instamart,15:29.5,33,Grocery,880,"Not fresh, disappointed.",2,No,Yes
ORD001846,CUST7453,JioMart,32:29.5,38,Grocery,1457,"Very late delivery, not happy.",2,No,Yes
ORD001847,CUST7114,JioMart,52:29.5,40,Dairy,655,"Horrible experience, never ordering again.",1,No,Yes
ORD001848,CUST6555,JioMart,52:29.5,25,Fruits & Vegetables,419,"Easy to order, loved it!",5,No,No
ORD001849,CUST6990,Blinkit,15:29.5,16,Personal Care,1128,"Very late delivery, not happy.",2,No,Yes
ORD001850,CUST3363,Swiggy Instamart,46:29.5,16,Personal Care,1144,Very satisfied with the service.,5,No,No
ORD001851,CUST4261,Blinkit,04:29.5,30,Personal Care,224,"Very late delivery, not happy.",2,No,Yes
ORD001852,CUST9341,Blinkit,34:29.5,19,Beverages,843,Delivery person was rude.,2,No,Yes
ORD001853,CUST7576,JioMart,45:29.5,29,Fruits & Vegetables,563,"Not fresh, disappointed.",2,No,Yes
ORD001854,CUST9193,Blinkit,38:29.5,31,Grocery,696,Excellent experience!,5,No,No
ORD001857,CUST1637,JioMart,35:29.5,43,Beverages,212,"Horrible experience, never ordering again.",1,Yes,Yes
ORD001858,CUST3245,Blinkit,37:29.5,32,Snacks,351,Excellent experience!,5,No,No
ORD001860,CUST8761,JioMart,29:29.5,34,Fruits & Vegetables,373,Excellent experience!,5,No,No
ORD001861,CUST9508,JioMart,21:29.5,45,Personal Care,1951,Packaging could be better.,3,Yes,No
ORD001862,CUST8487,Blinkit,31:29.5,32,Personal Care,1368,"Not fresh, disappointed.",2,No,Yes
ORD001863,CUST3440,Swiggy Instamart,03:29.5,39,Personal Care,813,Items missing from order.,2,No,Yes
ORD001864,CUST9446,Swiggy Instamart,04:29.5,52,Beverages,291,"Very late delivery, not happy.",2,Yes,Yes
ORD001866,CUST6373,Swiggy Instamart,55:29.5,25,Grocery,1390,"Horrible experience, never ordering again.",1,No,Yes
ORD001867,CUST6218,Blinkit,58:29.5,26,Grocery,1307,Packaging could be better.,3,No,No
ORD001869,CUST7438,Blinkit,42:29.5,38,Beverages,697,"Horrible experience, never ordering again.",1,No,Yes
ORD001870,CUST5902,Blinkit,09:29.5,34,Fruits & Vegetables,173,Very satisfied with the service.,5,No,No
ORD001872,CUST9311,JioMart,26:29.5,46,Grocery,778,"Very late delivery, not happy.",2,Yes,Yes
ORD001873,CUST9351,JioMart,15:29.5,26,Beverages,481,Excellent experience!,5,No,No
ORD001874,CUST9721,Swiggy Instamart,45:29.5,31,Snacks,220,Delivery person was rude.,2,No,Yes
ORD001875,CUST9025,Blinkit,36:29.5,22,Personal Care,310,"Horrible experience, never ordering again.",1,No,Yes
ORD001876,CUST5911,Blinkit,04:29.5,29,Personal Care,1073,"Horrible experience, never ordering again.",1,No,Yes
ORD001877,CUST8780,Blinkit,49:29.5,22,Beverages,721,Quick and reliable!,5,No,No
ORD001878,CUST1272,Blinkit,30:29.5,29,Snacks,347,"Not fresh, disappointed.",2,No,Yes
ORD001879,CUST7035,JioMart,25:29.5,20,Fruits & Vegetables,653,Items missing from order.,2,No,Yes
ORD001880,CUST6427,JioMart,42:29.5,25,Fruits & Vegetables,663,"Easy to order, loved it!",5,No,No
ORD001881,CUST2795,Swiggy Instamart,51:29.5,23,Snacks,454,Very satisfied with the service.,5,No,No
ORD001882,CUST7824,Swiggy Instamart,25:29.5,24,Snacks,404,Very satisfied with the service.,5,No,No
ORD001883,CUST6040,JioMart,53:29.5,21,Beverages,229,"Fast delivery, great service!",5,No,No
ORD001885,CUST8775,Blinkit,29:29.5,5,Personal Care,1154,Excellent experience!,5,No,No
ORD001886,CUST5350,Blinkit,52:29.5,37,Beverages,986,"Horrible experience, never ordering again.",1,No,Yes
ORD001889,CUST8871,Swiggy Instamart,53:29.5,28,Snacks,235,Good quality products.,4,No,No
ORD001890,CUST3793,JioMart,14:29.5,43,Beverages,236,Wrong item delivered.,1,Yes,Yes
ORD001891,CUST9589,Blinkit,36:29.5,23,Personal Care,991,Packaging could be better.,3,No,No
ORD001893,CUST3421,Swiggy Instamart,31:29.5,33,Fruits & Vegetables,537,"Easy to order, loved it!",5,No,No
ORD001894,CUST4968,JioMart,50:29.5,49,Personal Care,935,Items missing from order.,2,Yes,Yes
ORD001895,CUST1517,Blinkit,23:29.5,44,Fruits & Vegetables,346,Packaging could be better.,3,Yes,No
ORD001896,CUST2800,Swiggy Instamart,39:29.5,39,Beverages,183,"Horrible experience, never ordering again.",1,No,Yes
ORD001897,CUST4125,Blinkit,35:29.5,53,Beverages,517,Items missing from order.,2,Yes,Yes
ORD001898,CUST1310,Swiggy Instamart,50:29.5,26,Grocery,494,Good quality products.,4,No,No
ORD001899,CUST8225,Blinkit,08:29.5,25,Grocery,1244,Delivery person was rude.,2,No,Yes
ORD001901,CUST7861,Swiggy Instamart,57:29.5,5,Fruits & Vegetables,85,"Horrible experience, never ordering again.",1,No,Yes
ORD001902,CUST3481,Swiggy Instamart,20:29.5,44,Personal Care,1545,Quick and reliable!,5,Yes,No
ORD001903,CUST7765,Blinkit,22:29.5,30,Fruits & Vegetables,534,"Horrible experience, never ordering again.",1,No,Yes
ORD001904,CUST4340,Blinkit,32:29.5,23,Personal Care,935,"Fast delivery, great service!",5,No,No
ORD001905,CUST7723,Swiggy Instamart,20:29.5,28,Dairy,521,Excellent experience!,5,No,No
ORD001907,CUST8726,Blinkit,30:29.5,30,Dairy,475,Items missing from order.,2,No,Yes
ORD001909,CUST3262,Blinkit,18:29.5,25,Grocery,1051,Items missing from order.,2,No,Yes
ORD001910,CUST9498,Swiggy Instamart,27:29.5,21,Snacks,94,"Very late delivery, not happy.",2,No,Yes
ORD001911,CUST4397,Swiggy Instamart,39:29.5,30,Beverages,935,"Horrible experience, never ordering again.",1,No,Yes
ORD001913,CUST8837,Swiggy Instamart,31:29.5,43,Beverages,532,Quick and reliable!,5,Yes,No
ORD001914,CUST9609,JioMart,27:29.5,35,Snacks,310,Excellent experience!,5,No,No
ORD001915,CUST7173,JioMart,10:29.5,16,Dairy,728,Delivery person was rude.,2,No,Yes
ORD001916,CUST6140,Swiggy Instamart,05:29.5,36,Beverages,212,"Horrible experience, never ordering again.",1,No,Yes
ORD001917,CUST3837,JioMart,44:29.5,33,Fruits & Vegetables,557,Excellent experience!,5,No,No
ORD001918,CUST8531,Blinkit,53:29.5,30,Fruits & Vegetables,58,Delivery person was rude.,2,No,Yes
ORD001919,CUST9734,Blinkit,15:29.5,28,Fruits & Vegetables,184,"Very late delivery, not happy.",2,No,Yes
ORD001920,CUST6608,Blinkit,44:29.5,41,Personal Care,1352,Delivery person was rude.,2,Yes,Yes
ORD001921,CUST9950,Swiggy Instamart,30:29.5,18,Grocery,1130,Excellent experience!,5,No,No
ORD001923,CUST5331,JioMart,15:29.5,13,Snacks,116,Wrong item delivered.,1,No,Yes
ORD001924,CUST8932,Swiggy Instamart,22:29.5,35,Fruits & Vegetables,119,Very satisfied with the service.,5,No,No
ORD001926,CUST5038,Blinkit,19:29.5,20,Beverages,243,Quick and reliable!,5,No,No
ORD001927,CUST5571,Blinkit,16:29.5,31,Grocery,1183,Good quality products.,4,No,No
ORD001928,CUST5890,Blinkit,19:29.5,43,Dairy,349,Delivery person was rude.,2,Yes,Yes
ORD001929,CUST4684,Swiggy Instamart,14:29.5,31,Beverages,387,"Easy to order, loved it!",5,No,No
ORD001930,CUST5876,JioMart,21:29.5,14,Fruits & Vegetables,630,"Easy to order, loved it!",5,No,No
ORD001931,CUST5735,Swiggy Instamart,52:29.5,29,Fruits & Vegetables,136,Quick and reliable!,5,No,No
ORD001932,CUST4396,Swiggy Instamart,51:29.5,32,Beverages,767,"Fast delivery, great service!",5,No,No
ORD001933,CUST9011,Blinkit,54:29.5,23,Grocery,657,"Not fresh, disappointed.",2,No,Yes
ORD001935,CUST8861,Swiggy Instamart,53:29.5,15,Grocery,800,Very satisfied with the service.,5,No,No
ORD001936,CUST6714,Blinkit,54:29.5,5,Beverages,438,Good quality products.,4,No,No
ORD001937,CUST5480,Swiggy Instamart,00:29.5,20,Personal Care,1632,Packaging could be better.,3,No,No
ORD001938,CUST5715,Blinkit,52:29.5,10,Dairy,238,"Very late delivery, not happy.",2,No,Yes
ORD001940,CUST9899,Blinkit,01:29.5,40,Snacks,409,"Easy to order, loved it!",5,No,No
ORD001941,CUST7220,Blinkit,06:29.5,13,Grocery,1419,Good quality products.,4,No,No
ORD001945,CUST5758,Swiggy Instamart,19:29.5,34,Snacks,98,"Very late delivery, not happy.",2,No,Yes
ORD001946,CUST1689,Swiggy Instamart,27:29.5,44,Beverages,426,Packaging could be better.,3,Yes,No
ORD001948,CUST2294,Swiggy Instamart,04:29.5,26,Beverages,848,"Horrible experience, never ordering again.",1,No,Yes
ORD001949,CUST6674,Swiggy Instamart,39:29.5,26,Personal Care,331,"Easy to order, loved it!",5,No,No
ORD001950,CUST8247,JioMart,59:29.5,30,Personal Care,159,"Fast delivery, great service!",5,No,No
ORD001951,CUST5201,Swiggy Instamart,12:29.5,31,Personal Care,1697,Quick and reliable!,5,No,No
ORD001952,CUST8849,Swiggy Instamart,46:29.5,28,Grocery,1429,Wrong item delivered.,1,No,Yes
ORD001954,CUST4310,Swiggy Instamart,29:29.5,29,Snacks,450,"Fast delivery, great service!",5,No,No
ORD001956,CUST5442,Swiggy Instamart,46:29.5,31,Fruits & Vegetables,413,Items missing from order.,2,No,Yes
ORD001957,CUST5450,Swiggy Instamart,26:29.5,21,Snacks,128,"Not fresh, disappointed.",2,No,Yes
ORD001958,CUST3249,JioMart,54:29.5,32,Personal Care,909,"Fast delivery, great service!",5,No,No
ORD001959,CUST2789,Blinkit,36:29.5,34,Grocery,1196,Good quality products.,4,No,No
ORD001961,CUST4972,Blinkit,20:29.5,29,Beverages,568,Good quality products.,4,No,No
ORD001962,CUST1831,JioMart,48:29.5,23,Beverages,420,Items missing from order.,2,No,Yes
ORD001963,CUST9700,JioMart,46:29.5,38,Beverages,494,Packaging could be better.,3,No,No
ORD001966,CUST1860,Swiggy Instamart,50:29.5,15,Beverages,981,Delivery person was rude.,2,No,Yes
ORD001967,CUST2641,Blinkit,43:29.5,24,Grocery,1148,Packaging could be better.,3,No,No
ORD001968,CUST7771,JioMart,28:29.5,22,Beverages,156,Wrong item delivered.,1,No,Yes
ORD001969,CUST6411,JioMart,21:29.5,48,Beverages,563,Items missing from order.,2,Yes,Yes
ORD001970,CUST8739,Blinkit,43:29.5,34,Beverages,850,Delivery person was rude.,2,No,Yes
ORD001972,CUST3252,Swiggy Instamart,30:29.5,12,Dairy,200,Excellent experience!,5,No,No
ORD001973,CUST1084,Swiggy Instamart,33:29.5,38,Dairy,357,Items missing from order.,2,No,Yes
ORD001974,CUST3587,Swiggy Instamart,42:29.5,19,Dairy,496,Excellent experience!,5,No,No
ORD001975,CUST7666,JioMart,08:29.5,30,Dairy,660,Good quality products.,4,No,No
ORD001976,CUST8793,JioMart,35:29.5,27,Snacks,217,Wrong item delivered.,1,No,Yes
ORD001977,CUST8822,JioMart,39:29.5,49,Beverages,488,"Very late delivery, not happy.",2,Yes,Yes
ORD001978,CUST4267,JioMart,23:29.5,27,Snacks,345,"Not fresh, disappointed.",2,No,Yes
ORD001979,CUST5706,JioMart,29:29.5,25,Grocery,785,"Horrible experience, never ordering again.",1,No,Yes
ORD001981,CUST5676,Swiggy Instamart,02:29.5,41,Grocery,733,"Easy to order, loved it!",5,Yes,No
ORD001982,CUST1969,Swiggy Instamart,31:29.5,31,Dairy,640,"Fast delivery, great service!",5,No,No
ORD001983,CUST2465,Swiggy Instamart,33:29.5,7,Fruits & Vegetables,275,Items missing from order.,2,No,Yes
ORD001985,CUST9767,JioMart,11:29.5,16,Snacks,99,Very satisfied with the service.,5,No,No
ORD001986,CUST1611,JioMart,02:29.5,14,Beverages,687,"Very late delivery, not happy.",2,No,Yes
ORD001988,CUST7846,Swiggy Instamart,25:29.5,31,Snacks,265,Packaging could be better.,3,No,No
ORD001989,CUST3880,Swiggy Instamart,58:29.5,44,Dairy,462,Very satisfied with the service.,5,Yes,No
ORD001990,CUST1595,JioMart,31:29.5,9,Grocery,1098,Packaging could be better.,3,No,No
ORD001991,CUST7504,Swiggy Instamart,07:29.5,31,Snacks,132,Quick and reliable!,5,No,No
ORD001992,CUST9116,Swiggy Instamart,41:29.5,44,Dairy,649,Items missing from order.,2,Yes,Yes
ORD001993,CUST4052,JioMart,28:29.5,28,Personal Care,1788,"Horrible experience, never ordering again.",1,No,Yes
ORD001995,CUST1613,Blinkit,46:29.5,36,Snacks,210,"Horrible experience, never ordering again.",1,No,Yes
ORD001996,CUST1151,Blinkit,37:29.5,24,Fruits & Vegetables,566,Wrong item delivered.,1,No,Yes
ORD001997,CUST5888,JioMart,17:29.5,36,Snacks,218,"Very late delivery, not happy.",2,No,Yes
ORD001998,CUST2758,Swiggy Instamart,24:29.5,31,Fruits & Vegetables,279,"Not fresh, disappointed.",2,No,Yes
ORD001999,CUST6489,JioMart,36:29.5,26,Grocery,316,Quick and reliable!,5,No,No
ORD002000,CUST5662,JioMart,09:29.5,45,Personal Care,1150,Packaging could be better.,3,Yes,No
ORD002001,CUST8444,Swiggy Instamart,41:29.5,28,Dairy,633,"Fast delivery, great service!",5,No,No
ORD002002,CUST9901,Blinkit,02:29.5,45,Dairy,473,"Not fresh, disappointed.",2,Yes,Yes
ORD002003,CUST9590,Blinkit,57:29.5,26,Beverages,767,"Easy to order, loved it!",5,No,No
ORD002004,CUST9092,JioMart,13:29.5,28,Personal Care,919,Items missing from order.,2,No,Yes
ORD002005,CUST3198,Blinkit,22:29.5,27,Grocery,624,Items missing from order.,2,No,Yes
ORD002008,CUST5470,Swiggy Instamart,35:29.5,34,Snacks,286,Delivery person was rude.,2,No,Yes
ORD002009,CUST4159,Swiggy Instamart,29:29.5,33,Snacks,188,Delivery person was rude.,2,No,Yes
ORD002010,CUST2845,Swiggy Instamart,10:29.5,34,Fruits & Vegetables,410,"Very late delivery, not happy.",2,No,Yes
ORD002011,CUST6417,JioMart,18:29.5,50,Beverages,927,Wrong item delivered.,1,Yes,Yes
ORD002013,CUST8518,Blinkit,14:29.5,57,Fruits & Vegetables,441,"Horrible experience, never ordering again.",1,Yes,Yes
ORD002014,CUST5215,Blinkit,23:29.5,41,Grocery,216,"Fast delivery, great service!",5,Yes,No
ORD002015,CUST4050,JioMart,19:29.5,15,Snacks,482,"Very late delivery, not happy.",2,No,Yes
ORD002016,CUST1230,JioMart,43:29.5,18,Personal Care,1260,Excellent experience!,5,No,No
ORD002017,CUST6523,Swiggy Instamart,07:29.5,40,Personal Care,1845,"Fast delivery, great service!",5,No,No
ORD002018,CUST5833,JioMart,01:29.5,22,Fruits & Vegetables,447,"Very late delivery, not happy.",2,No,Yes
ORD002020,CUST3875,Blinkit,13:29.5,23,Fruits & Vegetables,691,"Very late delivery, not happy.",2,No,Yes
ORD002021,CUST7643,Blinkit,33:29.5,25,Dairy,190,"Fast delivery, great service!",5,No,No
ORD002023,CUST9442,JioMart,16:29.5,39,Fruits & Vegetables,671,Packaging could be better.,3,No,No
ORD002025,CUST2421,Blinkit,06:29.5,44,Snacks,492,Very satisfied with the service.,5,Yes,No
ORD002026,CUST7567,JioMart,55:29.5,20,Dairy,481,"Horrible experience, never ordering again.",1,No,Yes
ORD002027,CUST2562,Blinkit,35:29.5,37,Personal Care,1953,Wrong item delivered.,1,No,Yes
ORD002028,CUST4027,Swiggy Instamart,48:29.5,32,Personal Care,1480,Items missing from order.,2,No,Yes
ORD002029,CUST3303,Blinkit,51:29.5,17,Dairy,204,Quick and reliable!,5,No,No
ORD002031,CUST6301,Swiggy Instamart,39:29.5,28,Snacks,261,Good quality products.,4,No,No
ORD002032,CUST5064,Blinkit,11:29.5,42,Grocery,812,"Horrible experience, never ordering again.",1,Yes,Yes
ORD002033,CUST1111,Blinkit,03:29.5,28,Grocery,1454,Very satisfied with the service.,5,No,No
ORD002036,CUST4858,Blinkit,05:29.5,30,Fruits & Vegetables,597,Excellent experience!,5,No,No
ORD002037,CUST8319,JioMart,50:29.5,43,Grocery,1204,Excellent experience!,5,Yes,No
ORD002040,CUST5947,Blinkit,37:29.5,23,Snacks,294,Delivery person was rude.,2,No,Yes
ORD002041,CUST1187,Swiggy Instamart,07:29.5,27,Dairy,688,Items missing from order.,2,No,Yes
ORD002042,CUST5285,Swiggy Instamart,52:29.5,32,Beverages,957,"Very late delivery, not happy.",2,No,Yes
ORD002043,CUST6890,JioMart,29:29.5,21,Grocery,897,Excellent experience!,5,No,No
ORD002045,CUST2017,Swiggy Instamart,25:29.5,32,Beverages,124,Very satisfied with the service.,5,No,No
ORD002046,CUST2936,JioMart,29:29.5,31,Fruits & Vegetables,575,Delivery person was rude.,2,No,Yes
ORD002047,CUST8625,Swiggy Instamart,31:29.5,24,Beverages,690,Very satisfied with the service.,5,No,No
ORD002048,CUST6026,JioMart,53:29.5,16,Fruits & Vegetables,395,Excellent experience!,5,No,No
ORD002050,CUST7642,Swiggy Instamart,44:29.5,27,Fruits & Vegetables,134,Excellent experience!,5,No,No
ORD002051,CUST9233,Swiggy Instamart,03:29.5,33,Grocery,1322,Very satisfied with the service.,5,No,No
ORD002052,CUST6095,Blinkit,39:29.5,20,Fruits & Vegetables,377,"Not fresh, disappointed.",2,No,Yes
ORD002053,CUST2923,JioMart,07:29.5,38,Personal Care,828,Excellent experience!,5,No,No
ORD002055,CUST7021,Swiggy Instamart,20:29.5,13,Fruits & Vegetables,255,Items missing from order.,2,No,Yes
ORD002056,CUST4618,Blinkit,17:29.5,27,Fruits & Vegetables,185,"Horrible experience, never ordering again.",1,No,Yes
ORD002057,CUST4590,JioMart,28:29.5,37,Fruits & Vegetables,328,Items missing from order.,2,No,Yes
ORD002058,CUST3188,Blinkit,14:29.5,35,Snacks,97,Excellent experience!,5,No,No
ORD002059,CUST8834,JioMart,17:29.5,33,Fruits & Vegetables,309,Delivery person was rude.,2,No,Yes
ORD002060,CUST3509,Swiggy Instamart,29:29.5,29,Fruits & Vegetables,520,"Not fresh, disappointed.",2,No,Yes
ORD002062,CUST7121,JioMart,42:29.5,24,Fruits & Vegetables,146,"Fast delivery, great service!",5,No,No
ORD002063,CUST7813,Swiggy Instamart,25:29.5,41,Personal Care,1758,Excellent experience!,5,Yes,No
ORD002065,CUST8714,Swiggy Instamart,17:29.5,24,Personal Care,245,Excellent experience!,5,No,No
ORD002066,CUST9806,Swiggy Instamart,53:29.5,47,Beverages,295,Very satisfied with the service.,5,Yes,No
ORD002067,CUST4578,JioMart,19:29.5,42,Fruits & Vegetables,677,"Easy to order, loved it!",5,Yes,No
ORD002068,CUST5054,Blinkit,46:29.5,30,Beverages,859,Packaging could be better.,3,No,No
ORD002072,CUST9653,Blinkit,57:29.5,39,Grocery,920,Delivery person was rude.,2,No,Yes
ORD002074,CUST2279,Swiggy Instamart,30:29.5,35,Beverages,532,Packaging could be better.,3,No,No
ORD002075,CUST2838,Blinkit,34:29.5,45,Personal Care,1436,"Horrible experience, never ordering again.",1,Yes,Yes
ORD002076,CUST2011,JioMart,05:29.5,38,Personal Care,1956,Items missing from order.,2,No,Yes
ORD002077,CUST9972,Swiggy Instamart,26:29.5,15,Beverages,353,Very satisfied with the service.,5,No,No
ORD002079,CUST4312,Blinkit,32:29.5,27,Personal Care,903,Items missing from order.,2,No,Yes
ORD002080,CUST9792,Swiggy Instamart,18:29.5,32,Grocery,1171,Quick and reliable!,5,No,No
ORD002081,CUST3455,JioMart,58:29.5,20,Fruits & Vegetables,580,Very satisfied with the service.,5,No,No
ORD002084,CUST9525,JioMart,00:29.5,32,Personal Care,688,"Very late delivery, not happy.",2,No,Yes
ORD002086,CUST2904,Blinkit,57:29.5,37,Personal Care,543,"Horrible experience, never ordering again.",1,No,Yes
ORD002087,CUST4365,Swiggy Instamart,42:29.5,32,Personal Care,1508,"Fast delivery, great service!",5,No,No
ORD002088,CUST9008,JioMart,45:29.5,31,Snacks,428,Items missing from order.,2,No,Yes
ORD002090,CUST9361,Blinkit,16:29.5,50,Personal Care,1965,Packaging could be better.,3,Yes,No
ORD002091,CUST8298,JioMart,08:29.5,49,Beverages,922,"Fast delivery, great service!",5,Yes,No
ORD002092,CUST1911,Blinkit,14:29.5,32,Beverages,292,"Very late delivery, not happy.",2,No,Yes
ORD002093,CUST8429,Blinkit,41:29.5,16,Personal Care,1602,"Very late delivery, not happy.",2,No,Yes
ORD002094,CUST3161,JioMart,05:29.5,33,Fruits & Vegetables,291,Delivery person was rude.,2,No,Yes
ORD002095,CUST9409,JioMart,40:29.5,17,Personal Care,1778,"Fast delivery, great service!",5,No,No
ORD002096,CUST7806,JioMart,17:29.5,16,Personal Care,1774,Very satisfied with the service.,5,No,No
ORD002098,CUST1945,Swiggy Instamart,27:29.5,21,Fruits & Vegetables,391,Good quality products.,4,No,No
ORD002099,CUST8575,JioMart,28:29.5,25,Dairy,636,Excellent experience!,5,No,No
ORD002100,CUST6049,Swiggy Instamart,27:29.5,39,Snacks,82,Good quality products.,4,No,No
ORD002101,CUST1356,Swiggy Instamart,13:29.5,34,Dairy,460,Packaging could be better.,3,No,No
ORD002102,CUST7487,Swiggy Instamart,46:29.5,37,Snacks,385,Wrong item delivered.,1,No,Yes
ORD002103,CUST5169,Blinkit,14:29.5,47,Personal Care,1418,Wrong item delivered.,1,Yes,Yes
ORD002104,CUST1049,Swiggy Instamart,18:29.5,24,Beverages,703,Very satisfied with the service.,5,No,No
ORD002105,CUST4570,Swiggy Instamart,22:29.5,33,Dairy,379,"Very late delivery, not happy.",2,No,Yes
ORD002106,CUST2196,Blinkit,13:29.5,45,Grocery,1232,"Fast delivery, great service!",5,Yes,No
ORD002108,CUST7941,Blinkit,03:29.5,28,Dairy,728,Excellent experience!,5,No,No
ORD002110,CUST2044,Blinkit,51:29.5,17,Personal Care,1011,"Horrible experience, never ordering again.",1,No,Yes
ORD002111,CUST9866,Blinkit,13:29.5,32,Personal Care,167,"Fast delivery, great service!",5,No,No
ORD002112,CUST1987,Swiggy Instamart,29:29.5,27,Grocery,559,Very satisfied with the service.,5,No,No
ORD002113,CUST2130,Blinkit,15:29.5,20,Snacks,146,Good quality products.,4,No,No
ORD002114,CUST8734,JioMart,47:29.5,42,Fruits & Vegetables,532,Quick and reliable!,5,Yes,No
ORD002115,CUST1519,Blinkit,22:29.5,39,Grocery,1030,"Easy to order, loved it!",5,No,No
ORD002117,CUST7698,Blinkit,16:29.5,37,Fruits & Vegetables,677,Very satisfied with the service.,5,No,No
ORD002118,CUST3948,Blinkit,23:29.5,26,Dairy,496,"Easy to order, loved it!",5,No,No
ORD002119,CUST3218,Blinkit,33:29.5,30,Beverages,103,"Easy to order, loved it!",5,No,No
ORD002120,CUST7887,Blinkit,39:29.5,21,Snacks,158,Excellent experience!,5,No,No
ORD002121,CUST7135,JioMart,52:29.5,37,Beverages,770,Items missing from order.,2,No,Yes
ORD002122,CUST7266,JioMart,14:29.5,20,Grocery,1357,Quick and reliable!,5,No,No
ORD002123,CUST8348,Swiggy Instamart,01:29.5,25,Dairy,122,Delivery person was rude.,2,No,Yes
ORD002124,CUST7184,JioMart,33:29.5,19,Personal Care,1889,Excellent experience!,5,No,No
ORD002125,CUST7154,Blinkit,10:29.5,32,Snacks,54,Very satisfied with the service.,5,No,No
ORD002126,CUST2314,Swiggy Instamart,27:29.5,27,Personal Care,892,"Easy to order, loved it!",5,No,No
ORD002128,CUST3178,Swiggy Instamart,03:29.5,23,Grocery,1242,Items missing from order.,2,No,Yes
ORD002129,CUST6697,Blinkit,31:29.5,22,Dairy,177,"Horrible experience, never ordering again.",1,No,Yes
ORD002130,CUST2943,JioMart,22:29.5,34,Grocery,625,Quick and reliable!,5,No,No
ORD002131,CUST3924,Blinkit,03:29.5,28,Dairy,542,"Not fresh, disappointed.",2,No,Yes
ORD002132,CUST9802,Swiggy Instamart,53:29.5,58,Fruits & Vegetables,339,Items missing from order.,2,Yes,Yes
ORD002133,CUST7439,Blinkit,12:29.5,36,Dairy,296,Delivery person was rude.,2,No,Yes
ORD002134,CUST9664,Blinkit,26:29.5,31,Personal Care,1307,Good quality products.,4,No,No
ORD002135,CUST3086,JioMart,38:29.5,42,Fruits & Vegetables,500,Good quality products.,4,Yes,No
ORD002136,CUST4648,JioMart,49:29.5,40,Beverages,939,Quick and reliable!,5,No,No
ORD002137,CUST1056,Swiggy Instamart,44:29.5,31,Beverages,309,Very satisfied with the service.,5,No,No
ORD002138,CUST1372,Blinkit,24:29.5,60,Dairy,473,Excellent experience!,5,Yes,No
ORD002140,CUST8585,JioMart,38:29.5,18,Personal Care,462,Packaging could be better.,3,No,No
ORD002142,CUST7948,Blinkit,15:29.5,12,Fruits & Vegetables,660,Excellent experience!,5,No,No
ORD002143,CUST9715,Blinkit,33:29.5,15,Dairy,270,Excellent experience!,5,No,No
ORD002144,CUST7214,JioMart,43:29.5,59,Snacks,476,Excellent experience!,5,Yes,No
ORD002145,CUST4762,Swiggy Instamart,25:29.5,43,Beverages,230,Good quality products.,4,Yes,No
ORD002146,CUST5055,Swiggy Instamart,40:29.5,13,Dairy,270,"Easy to order, loved it!",5,No,No
ORD002147,CUST8546,Blinkit,24:29.5,29,Beverages,953,"Horrible experience, never ordering again.",1,No,Yes
ORD002148,CUST6671,Swiggy Instamart,24:29.5,26,Personal Care,1826,Delivery person was rude.,2,No,Yes
ORD002149,CUST3541,JioMart,07:29.5,56,Beverages,132,Items missing from order.,2,Yes,Yes
ORD002150,CUST5516,JioMart,04:29.5,6,Snacks,235,"Easy to order, loved it!",5,No,No
ORD002151,CUST4088,Swiggy Instamart,33:29.5,23,Dairy,463,"Horrible experience, never ordering again.",1,No,Yes
ORD002152,CUST2848,Swiggy Instamart,36:29.5,23,Dairy,249,Quick and reliable!,5,No,No
ORD002153,CUST1527,Blinkit,41:29.5,22,Beverages,504,Items missing from order.,2,No,Yes
ORD002155,CUST1256,Blinkit,29:29.5,38,Personal Care,869,Delivery person was rude.,2,No,Yes
ORD002156,CUST4943,Blinkit,15:29.5,24,Snacks,237,Packaging could be better.,3,No,No
ORD002157,CUST4376,JioMart,37:29.5,29,Dairy,404,Very satisfied with the service.,5,No,No
ORD002158,CUST2102,JioMart,58:29.5,20,Personal Care,1411,Very satisfied with the service.,5,No,No
ORD002159,CUST2653,JioMart,51:29.5,21,Personal Care,1665,Wrong item delivered.,1,No,Yes
ORD002160,CUST1550,JioMart,14:29.5,34,Grocery,328,"Horrible experience, never ordering again.",1,No,Yes
ORD002161,CUST8314,Swiggy Instamart,58:29.5,35,Grocery,565,"Not fresh, disappointed.",2,No,Yes
ORD002163,CUST5009,Swiggy Instamart,36:29.5,22,Snacks,234,Packaging could be better.,3,No,No
ORD002164,CUST1724,JioMart,59:29.5,26,Grocery,226,Quick and reliable!,5,No,No
ORD002165,CUST7590,Swiggy Instamart,54:29.5,26,Snacks,479,"Very late delivery, not happy.",2,No,Yes
ORD002166,CUST8191,Blinkit,37:29.5,27,Fruits & Vegetables,192,"Not fresh, disappointed.",2,No,Yes
ORD002167,CUST4839,Swiggy Instamart,21:29.5,5,Snacks,388,Delivery person was rude.,2,No,Yes
ORD002170,CUST1924,Swiggy Instamart,45:29.5,58,Beverages,519,Packaging could be better.,3,Yes,No
ORD002171,CUST3295,Blinkit,55:29.5,36,Personal Care,374,"Easy to order, loved it!",5,No,No
ORD002172,CUST9255,Blinkit,57:29.5,33,Grocery,467,Very satisfied with the service.,5,No,No
ORD002173,CUST5739,JioMart,34:29.5,21,Beverages,744,Excellent experience!,5,No,No
ORD002174,CUST4836,Blinkit,11:29.5,24,Personal Care,1841,Delivery person was rude.,2,No,Yes
ORD002175,CUST6224,Swiggy Instamart,23:29.5,38,Snacks,481,"Horrible experience, never ordering again.",1,No,Yes
ORD002176,CUST6253,Blinkit,31:29.5,27,Grocery,1304,Quick and reliable!,5,No,No
ORD002177,CUST4881,JioMart,45:29.5,23,Snacks,329,Wrong item delivered.,1,No,Yes
ORD002178,CUST5944,Swiggy Instamart,14:29.5,48,Personal Care,1397,Good quality products.,4,Yes,No
ORD002181,CUST4621,Blinkit,44:29.5,26,Dairy,450,"Not fresh, disappointed.",2,No,Yes
ORD002182,CUST7775,JioMart,31:29.5,42,Fruits & Vegetables,456,Items missing from order.,2,Yes,Yes
ORD002183,CUST5923,JioMart,57:29.5,24,Grocery,1435,Packaging could be better.,3,No,No
ORD002184,CUST5508,Swiggy Instamart,41:29.5,41,Fruits & Vegetables,305,Quick and reliable!,5,Yes,No
ORD002186,CUST3869,Swiggy Instamart,33:29.5,46,Dairy,137,Excellent experience!,5,Yes,No
ORD002187,CUST7999,Swiggy Instamart,19:29.5,43,Dairy,341,Wrong item delivered.,1,Yes,Yes
ORD002188,CUST9120,Swiggy Instamart,15:29.5,25,Dairy,573,Very satisfied with the service.,5,No,No
ORD002189,CUST1768,Swiggy Instamart,50:29.5,52,Snacks,371,Delivery person was rude.,2,Yes,Yes
ORD002190,CUST6642,Blinkit,53:29.5,31,Fruits & Vegetables,574,Excellent experience!,5,No,No
ORD002191,CUST7244,Swiggy Instamart,52:29.5,47,Personal Care,166,Quick and reliable!,5,Yes,No
ORD002192,CUST9592,JioMart,48:29.5,18,Beverages,348,Delivery person was rude.,2,No,Yes
ORD002193,CUST6222,Blinkit,48:29.5,37,Snacks,406,"Very late delivery, not happy.",2,No,Yes
ORD002194,CUST7821,JioMart,17:29.5,34,Snacks,199,Quick and reliable!,5,No,No
ORD002195,CUST7688,Blinkit,16:29.5,26,Snacks,479,Items missing from order.,2,No,Yes
ORD002197,CUST5913,Blinkit,00:29.5,43,Beverages,422,Good quality products.,4,Yes,No
ORD002198,CUST7167,Blinkit,38:29.5,35,Snacks,85,Quick and reliable!,5,No,No
ORD002199,CUST4012,JioMart,47:29.5,33,Grocery,1006,"Fast delivery, great service!",5,No,No
ORD002200,CUST9813,JioMart,51:29.5,32,Beverages,411,Delivery person was rude.,2,No,Yes
ORD002202,CUST4948,Blinkit,08:29.5,38,Snacks,169,Packaging could be better.,3,No,No
ORD002203,CUST4692,Blinkit,07:29.5,37,Grocery,599,"Fast delivery, great service!",5,No,No
ORD002204,CUST5927,Blinkit,21:29.5,36,Personal Care,507,Delivery person was rude.,2,No,Yes
ORD002205,CUST3365,Swiggy Instamart,43:29.5,25,Beverages,719,Excellent experience!,5,No,No
ORD002206,CUST8586,Swiggy Instamart,46:29.5,40,Dairy,294,Packaging could be better.,3,No,No
ORD002207,CUST1944,Swiggy Instamart,26:29.5,35,Snacks,436,"Horrible experience, never ordering again.",1,No,Yes
ORD002208,CUST7761,Swiggy Instamart,06:29.5,33,Dairy,662,Packaging could be better.,3,No,No
ORD002210,CUST9683,JioMart,22:29.5,39,Grocery,1277,"Easy to order, loved it!",5,No,No
ORD002211,CUST3196,Blinkit,52:29.5,9,Snacks,205,Packaging could be better.,3,No,No
ORD002212,CUST7363,Blinkit,33:29.5,29,Dairy,240,Very satisfied with the service.,5,No,No
ORD002214,CUST5177,Blinkit,43:29.5,25,Beverages,181,Good quality products.,4,No,No
ORD002215,CUST4331,Blinkit,26:29.5,27,Grocery,694,Excellent experience!,5,No,No
ORD002217,CUST2295,Blinkit,58:29.5,26,Personal Care,1791,"Not fresh, disappointed.",2,No,Yes
ORD002218,CUST8369,Blinkit,17:29.5,18,Dairy,607,Items missing from order.,2,No,Yes
ORD002219,CUST7079,JioMart,55:29.5,34,Grocery,888,"Very late delivery, not happy.",2,No,Yes
ORD002220,CUST2514,Blinkit,20:29.5,39,Snacks,258,Very satisfied with the service.,5,No,No
ORD002221,CUST9775,JioMart,25:29.5,40,Grocery,675,Quick and reliable!,5,No,No
ORD002222,CUST4120,Swiggy Instamart,28:29.5,35,Dairy,255,"Horrible experience, never ordering again.",1,No,Yes
ORD002223,CUST1844,Blinkit,52:29.5,24,Beverages,338,Very satisfied with the service.,5,No,No
ORD002224,CUST5398,Swiggy Instamart,12:29.5,18,Fruits & Vegetables,572,Packaging could be better.,3,No,No
ORD002225,CUST7179,Swiggy Instamart,52:29.5,23,Dairy,328,Very satisfied with the service.,5,No,No
ORD002226,CUST1647,Swiggy Instamart,21:29.5,26,Snacks,471,"Not fresh, disappointed.",2,No,Yes
ORD002227,CUST2192,JioMart,44:29.5,23,Fruits & Vegetables,112,"Horrible experience, never ordering again.",1,No,Yes
ORD002228,CUST4082,Swiggy Instamart,49:29.5,54,Fruits & Vegetables,186,Good quality products.,4,Yes,No
ORD002229,CUST4555,Swiggy Instamart,55:29.5,37,Dairy,621,"Easy to order, loved it!",5,No,No
ORD002230,CUST8854,Swiggy Instamart,19:29.5,35,Snacks,255,Delivery person was rude.,2,No,Yes
ORD002231,CUST4422,Blinkit,46:29.5,33,Snacks,231,Items missing from order.,2,No,Yes
ORD002232,CUST6455,Blinkit,50:29.5,24,Fruits & Vegetables,407,Excellent experience!,5,No,No
ORD002233,CUST5967,JioMart,11:29.5,31,Grocery,428,"Horrible experience, never ordering again.",1,No,Yes
ORD002236,CUST4113,JioMart,43:29.5,32,Personal Care,461,Excellent experience!,5,No,No
ORD002237,CUST2922,Blinkit,34:29.5,37,Beverages,869,"Very late delivery, not happy.",2,No,Yes
ORD002238,CUST8846,Swiggy Instamart,25:29.5,25,Snacks,212,Quick and reliable!,5,No,No
ORD002239,CUST4974,Swiggy Instamart,56:29.5,14,Beverages,564,Delivery person was rude.,2,No,Yes
ORD002240,CUST4350,JioMart,37:29.5,43,Beverages,459,"Fast delivery, great service!",5,Yes,No
ORD002242,CUST4921,Blinkit,06:29.5,24,Beverages,943,"Not fresh, disappointed.",2,No,Yes
ORD002243,CUST6269,JioMart,29:29.5,21,Fruits & Vegetables,629,Delivery person was rude.,2,No,Yes
ORD002244,CUST5637,Blinkit,40:29.5,33,Personal Care,1918,"Easy to order, loved it!",5,No,No
ORD002245,CUST7236,Swiggy Instamart,28:29.5,24,Personal Care,1693,Good quality products.,4,No,No
ORD002246,CUST8639,JioMart,26:29.5,44,Fruits & Vegetables,140,"Fast delivery, great service!",5,Yes,No
ORD002247,CUST9743,JioMart,41:29.5,44,Beverages,398,"Fast delivery, great service!",5,Yes,No
ORD002248,CUST6886,Blinkit,14:29.5,33,Personal Care,1609,Items missing from order.,2,No,Yes
ORD002251,CUST6892,Blinkit,40:29.5,41,Fruits & Vegetables,612,Good quality products.,4,Yes,No
ORD002252,CUST9401,Blinkit,04:29.5,23,Fruits & Vegetables,194,Quick and reliable!,5,No,No
ORD002253,CUST9147,Blinkit,11:29.5,34,Snacks,53,Quick and reliable!,5,No,No
ORD002254,CUST8635,Blinkit,22:29.5,32,Snacks,165,"Very late delivery, not happy.",2,No,Yes
ORD002255,CUST2615,JioMart,19:29.5,35,Dairy,369,Very satisfied with the service.,5,No,No
ORD002257,CUST6246,Swiggy Instamart,52:29.5,30,Snacks,193,Packaging could be better.,3,No,No
ORD002258,CUST4328,JioMart,45:29.5,59,Beverages,551,"Not fresh, disappointed.",2,Yes,Yes
ORD002259,CUST7073,JioMart,50:29.5,35,Beverages,791,Excellent experience!,5,No,No
ORD002260,CUST6126,Swiggy Instamart,22:29.5,23,Grocery,903,Very satisfied with the service.,5,No,No
ORD002261,CUST7781,Swiggy Instamart,03:29.5,26,Dairy,684,Packaging could be better.,3,No,No
ORD002262,CUST1749,Swiggy Instamart,09:29.5,48,Beverages,857,"Fast delivery, great service!",5,Yes,No
ORD002263,CUST4625,Swiggy Instamart,40:29.5,27,Fruits & Vegetables,411,Packaging could be better.,3,No,No
ORD002264,CUST3390,Swiggy Instamart,08:29.5,21,Grocery,274,Items missing from order.,2,No,Yes
ORD002265,CUST1265,Blinkit,57:29.5,31,Beverages,752,"Not fresh, disappointed.",2,No,Yes
ORD002267,CUST7841,Blinkit,13:29.5,44,Personal Care,872,"Easy to order, loved it!",5,Yes,No
ORD002268,CUST5836,Swiggy Instamart,53:29.5,46,Dairy,615,"Fast delivery, great service!",5,Yes,No
ORD002269,CUST3497,Swiggy Instamart,00:29.5,27,Grocery,639,Quick and reliable!,5,No,No
ORD002270,CUST4214,Swiggy Instamart,42:29.5,39,Grocery,756,Wrong item delivered.,1,No,Yes
ORD002271,CUST6404,Blinkit,39:29.5,29,Fruits & Vegetables,179,Delivery person was rude.,2,No,Yes
ORD002272,CUST4768,Blinkit,35:29.5,22,Dairy,473,"Easy to order, loved it!",5,No,No
ORD002273,CUST7223,Swiggy Instamart,53:29.5,48,Snacks,376,Delivery person was rude.,2,Yes,Yes
ORD002274,CUST5026,Blinkit,19:29.5,50,Fruits & Vegetables,353,Items missing from order.,2,Yes,Yes
ORD002275,CUST9180,Blinkit,25:29.5,34,Personal Care,1324,"Not fresh, disappointed.",2,No,Yes
ORD002276,CUST6530,Swiggy Instamart,41:29.5,24,Fruits & Vegetables,684,"Easy to order, loved it!",5,No,No
ORD002277,CUST5216,Blinkit,08:29.5,21,Beverages,436,Delivery person was rude.,2,No,Yes
ORD002279,CUST9037,JioMart,15:29.5,44,Fruits & Vegetables,687,Very satisfied with the service.,5,Yes,No
ORD002280,CUST8550,JioMart,09:29.5,32,Fruits & Vegetables,147,Very satisfied with the service.,5,No,No
ORD002281,CUST3756,JioMart,20:29.5,42,Snacks,461,"Very late delivery, not happy.",2,Yes,Yes
ORD002282,CUST6770,Swiggy Instamart,26:29.5,29,Dairy,443,Delivery person was rude.,2,No,Yes
ORD002283,CUST3773,Swiggy Instamart,33:29.5,25,Beverages,916,Quick and reliable!,5,No,No
ORD002284,CUST3293,Swiggy Instamart,50:29.5,33,Personal Care,920,Good quality products.,4,No,No
ORD002285,CUST9954,JioMart,47:29.5,11,Personal Care,1081,Delivery person was rude.,2,No,Yes
ORD002286,CUST9000,JioMart,46:29.5,26,Personal Care,1187,Delivery person was rude.,2,No,Yes
ORD002287,CUST4015,Blinkit,47:29.5,39,Dairy,725,"Fast delivery, great service!",5,No,No
ORD002289,CUST1962,JioMart,12:29.5,18,Dairy,620,Packaging could be better.,3,No,No
ORD002291,CUST1554,JioMart,21:29.5,19,Dairy,176,"Not fresh, disappointed.",2,No,Yes
ORD002292,CUST2217,JioMart,51:29.5,26,Grocery,372,Packaging could be better.,3,No,No
ORD002293,CUST1794,Blinkit,11:29.5,10,Beverages,687,Packaging could be better.,3,No,No
ORD002294,CUST1104,JioMart,24:29.5,37,Fruits & Vegetables,606,"Horrible experience, never ordering again.",1,No,Yes
ORD002295,CUST7756,Blinkit,03:29.5,42,Fruits & Vegetables,330,"Not fresh, disappointed.",2,Yes,Yes
ORD002297,CUST4791,JioMart,12:29.5,33,Grocery,1314,"Easy to order, loved it!",5,No,No
ORD002299,CUST3474,Blinkit,06:29.5,35,Personal Care,1977,Excellent experience!,5,No,No
ORD002300,CUST1149,Blinkit,25:29.5,46,Dairy,717,"Fast delivery, great service!",5,Yes,No
ORD002301,CUST4583,Swiggy Instamart,00:29.5,19,Beverages,735,"Horrible experience, never ordering again.",1,No,Yes
ORD002302,CUST9285,JioMart,40:29.5,43,Beverages,290,Very satisfied with the service.,5,Yes,No
ORD002303,CUST8471,Swiggy Instamart,24:29.5,48,Fruits & Vegetables,304,Packaging could be better.,3,Yes,No
ORD002305,CUST1990,Blinkit,10:29.5,41,Personal Care,1948,"Easy to order, loved it!",5,Yes,No
ORD002307,CUST8993,Swiggy Instamart,21:29.5,37,Beverages,762,Quick and reliable!,5,No,No
ORD002308,CUST1257,JioMart,32:29.5,23,Fruits & Vegetables,220,Packaging could be better.,3,No,No
ORD002309,CUST1108,Blinkit,18:29.5,25,Dairy,671,"Horrible experience, never ordering again.",1,No,Yes
ORD002310,CUST9719,JioMart,10:29.5,24,Snacks,257,Good quality products.,4,No,No
ORD002311,CUST7739,JioMart,07:29.5,21,Personal Care,1009,Quick and reliable!,5,No,No
ORD002312,CUST1194,Swiggy Instamart,44:29.5,38,Personal Care,293,Items missing from order.,2,No,Yes
ORD002313,CUST1274,Swiggy Instamart,04:29.5,36,Fruits & Vegetables,85,"Horrible experience, never ordering again.",1,No,Yes
ORD002314,CUST9673,Swiggy Instamart,33:29.5,36,Snacks,384,"Horrible experience, never ordering again.",1,No,Yes
ORD002315,CUST5501,Swiggy Instamart,29:29.5,27,Dairy,425,"Horrible experience, never ordering again.",1,No,Yes
ORD002316,CUST9777,Blinkit,36:29.5,28,Beverages,389,Delivery person was rude.,2,No,Yes
ORD002317,CUST5697,Blinkit,34:29.5,35,Beverages,311,"Easy to order, loved it!",5,No,No
ORD002318,CUST1280,Swiggy Instamart,28:29.5,23,Beverages,440,"Horrible experience, never ordering again.",1,No,Yes
ORD002319,CUST9228,Blinkit,30:29.5,26,Grocery,1036,Items missing from order.,2,No,Yes
ORD002320,CUST8054,Swiggy Instamart,21:29.5,40,Fruits & Vegetables,404,Excellent experience!,5,No,No
ORD002321,CUST3937,JioMart,30:29.5,35,Personal Care,1720,Quick and reliable!,5,No,No
ORD002323,CUST2578,JioMart,46:29.5,6,Fruits & Vegetables,649,"Easy to order, loved it!",5,No,No
ORD002324,CUST9591,Swiggy Instamart,13:29.5,46,Personal Care,905,"Easy to order, loved it!",5,Yes,No
ORD002325,CUST3439,JioMart,16:29.5,40,Grocery,1447,Packaging could be better.,3,No,No
ORD002327,CUST4144,JioMart,51:29.5,15,Personal Care,433,"Horrible experience, never ordering again.",1,No,Yes
ORD002328,CUST9625,JioMart,06:29.5,25,Beverages,639,Packaging could be better.,3,No,No
ORD002330,CUST6807,Blinkit,12:29.5,32,Dairy,235,"Not fresh, disappointed.",2,No,Yes
ORD002331,CUST5379,Swiggy Instamart,08:29.5,49,Snacks,433,"Very late delivery, not happy.",2,Yes,Yes
ORD002332,CUST7502,Blinkit,54:29.5,33,Beverages,723,"Fast delivery, great service!",5,No,No
ORD002334,CUST7112,Swiggy Instamart,50:29.5,45,Dairy,105,Packaging could be better.,3,Yes,No
ORD002335,CUST7652,JioMart,35:29.5,38,Personal Care,1118,"Horrible experience, never ordering again.",1,No,Yes
ORD002336,CUST8520,Swiggy Instamart,13:29.5,33,Personal Care,1377,Good quality products.,4,No,No
ORD002337,CUST4984,Blinkit,06:29.5,43,Beverages,811,"Fast delivery, great service!",5,Yes,No
ORD002338,CUST4700,Blinkit,55:29.5,15,Beverages,249,"Horrible experience, never ordering again.",1,No,Yes
ORD002343,CUST7640,JioMart,40:29.5,41,Grocery,236,Wrong item delivered.,1,Yes,Yes
ORD002344,CUST7213,Swiggy Instamart,23:29.5,27,Dairy,158,"Easy to order, loved it!",5,No,No
ORD002346,CUST8798,Blinkit,17:29.5,19,Personal Care,1974,Good quality products.,4,No,No
ORD002348,CUST1154,Blinkit,02:29.5,38,Personal Care,974,Good quality products.,4,No,No
ORD002349,CUST3807,Swiggy Instamart,41:29.5,24,Dairy,609,Packaging could be better.,3,No,No
ORD002350,CUST2354,Blinkit,49:29.5,32,Personal Care,1041,Very satisfied with the service.,5,No,No
ORD002352,CUST8109,Swiggy Instamart,10:29.5,35,Dairy,512,"Very late delivery, not happy.",2,No,Yes
ORD002356,CUST1697,Swiggy Instamart,29:29.5,25,Personal Care,541,Very satisfied with the service.,5,No,No
ORD002357,CUST4764,Blinkit,30:29.5,29,Fruits & Vegetables,137,"Easy to order, loved it!",5,No,No
ORD002358,CUST4463,Swiggy Instamart,14:29.5,24,Fruits & Vegetables,116,"Horrible experience, never ordering again.",1,No,Yes
ORD002359,CUST8790,JioMart,24:29.5,35,Grocery,1243,"Fast delivery, great service!",5,No,No
ORD002360,CUST5441,Blinkit,24:29.5,26,Dairy,664,Items missing from order.,2,No,Yes
ORD002361,CUST1762,Swiggy Instamart,27:29.5,46,Personal Care,1945,Excellent experience!,5,Yes,No
ORD002362,CUST2218,JioMart,52:29.5,22,Fruits & Vegetables,171,Good quality products.,4,No,No
ORD002363,CUST5593,JioMart,13:29.5,16,Personal Care,721,Excellent experience!,5,No,No
ORD002365,CUST1539,Blinkit,02:29.5,41,Personal Care,671,Good quality products.,4,Yes,No
ORD002367,CUST6152,JioMart,55:29.5,16,Grocery,1494,"Easy to order, loved it!",5,No,No
ORD002370,CUST3362,JioMart,03:29.5,51,Snacks,116,"Horrible experience, never ordering again.",1,Yes,Yes
ORD002371,CUST7525,Swiggy Instamart,42:29.5,29,Snacks,474,Items missing from order.,2,No,Yes
ORD002372,CUST2260,Blinkit,02:29.5,5,Beverages,464,"Easy to order, loved it!",5,No,No
ORD002373,CUST5903,JioMart,55:29.5,28,Personal Care,1026,Items missing from order.,2,No,Yes
ORD002374,CUST3661,Blinkit,30:29.5,42,Personal Care,1626,Excellent experience!,5,Yes,No
ORD002375,CUST4939,JioMart,56:29.5,19,Beverages,223,"Easy to order, loved it!",5,No,No
ORD002376,CUST7375,Swiggy Instamart,07:29.5,24,Dairy,309,Wrong item delivered.,1,No,Yes
ORD002378,CUST6435,JioMart,28:29.5,42,Personal Care,1012,"Fast delivery, great service!",5,Yes,No
ORD002379,CUST7288,Blinkit,23:29.5,20,Beverages,688,Good quality products.,4,No,No
ORD002380,CUST3292,Blinkit,02:29.5,41,Fruits & Vegetables,176,"Fast delivery, great service!",5,Yes,No
ORD002381,CUST2284,Swiggy Instamart,39:29.5,37,Personal Care,1854,"Easy to order, loved it!",5,No,No
ORD002382,CUST9204,Blinkit,34:29.5,28,Beverages,376,Good quality products.,4,No,No
ORD002383,CUST6666,JioMart,34:29.5,38,Personal Care,207,Items missing from order.,2,No,Yes
ORD002384,CUST1879,JioMart,01:29.5,40,Grocery,707,Excellent experience!,5,No,No
ORD002385,CUST2600,JioMart,58:29.5,47,Snacks,171,"Horrible experience, never ordering again.",1,Yes,Yes
ORD002386,CUST8161,JioMart,53:29.5,45,Fruits & Vegetables,495,"Easy to order, loved it!",5,Yes,No
ORD002387,CUST4803,Swiggy Instamart,33:29.5,19,Snacks,156,Items missing from order.,2,No,Yes
ORD002389,CUST6580,Swiggy Instamart,28:29.5,30,Beverages,613,Delivery person was rude.,2,No,Yes
ORD002390,CUST7499,Blinkit,29:29.5,34,Fruits & Vegetables,213,Good quality products.,4,No,No
ORD002391,CUST6347,Blinkit,33:29.5,31,Grocery,1253,"Fast delivery, great service!",5,No,No
ORD002392,CUST1485,Blinkit,49:29.5,32,Beverages,504,Wrong item delivered.,1,No,Yes
ORD002393,CUST5478,Swiggy Instamart,13:29.5,30,Fruits & Vegetables,459,"Very late delivery, not happy.",2,No,Yes
ORD002395,CUST9038,Swiggy Instamart,21:29.5,33,Beverages,436,"Fast delivery, great service!",5,No,No
ORD002396,CUST4737,JioMart,21:29.5,39,Dairy,605,Excellent experience!,5,No,No
ORD002397,CUST6829,JioMart,44:29.5,28,Snacks,56,Very satisfied with the service.,5,No,No
ORD002398,CUST7150,Blinkit,59:29.5,25,Snacks,226,Wrong item delivered.,1,No,Yes
ORD002400,CUST4043,JioMart,39:29.5,34,Snacks,64,"Easy to order, loved it!",5,No,No
ORD002402,CUST2404,Swiggy Instamart,26:29.5,26,Personal Care,1534,"Horrible experience, never ordering again.",1,No,Yes
ORD002403,CUST5839,Blinkit,51:29.5,19,Fruits & Vegetables,296,Items missing from order.,2,No,Yes
ORD002404,CUST5037,JioMart,17:29.5,33,Beverages,509,Good quality products.,4,No,No
ORD002406,CUST2344,Blinkit,21:29.5,44,Fruits & Vegetables,367,"Very late delivery, not happy.",2,Yes,Yes
ORD002407,CUST5390,JioMart,37:29.5,35,Dairy,462,Wrong item delivered.,1,No,Yes
ORD002409,CUST7225,Swiggy Instamart,09:29.5,32,Personal Care,193,Excellent experience!,5,No,No
ORD002411,CUST7383,Swiggy Instamart,35:29.5,14,Beverages,971,"Easy to order, loved it!",5,No,No
ORD002413,CUST6909,Swiggy Instamart,10:29.5,27,Personal Care,803,Excellent experience!,5,No,No
ORD002414,CUST2745,JioMart,56:29.5,42,Snacks,106,Quick and reliable!,5,Yes,No
ORD002415,CUST2499,Blinkit,29:29.5,17,Dairy,465,Good quality products.,4,No,No
ORD002416,CUST1085,Swiggy Instamart,26:29.5,32,Snacks,192,"Horrible experience, never ordering again.",1,No,Yes
ORD002418,CUST8286,Blinkit,21:29.5,29,Grocery,750,Packaging could be better.,3,No,No
ORD002419,CUST6896,JioMart,55:29.5,29,Grocery,765,Delivery person was rude.,2,No,Yes
ORD002420,CUST5419,Blinkit,32:29.5,33,Beverages,292,Good quality products.,4,No,No
ORD002423,CUST2430,Swiggy Instamart,48:29.5,41,Dairy,621,Wrong item delivered.,1,Yes,Yes
ORD002424,CUST4070,Blinkit,20:29.5,33,Dairy,351,Wrong item delivered.,1,No,Yes
ORD002425,CUST8061,JioMart,27:29.5,30,Grocery,497,"Fast delivery, great service!",5,No,No
ORD002426,CUST8353,Blinkit,46:29.5,38,Beverages,284,"Easy to order, loved it!",5,No,No
ORD002427,CUST9395,Blinkit,44:29.5,45,Fruits & Vegetables,511,Wrong item delivered.,1,Yes,Yes
ORD002428,CUST7685,Swiggy Instamart,53:29.5,24,Dairy,654,Very satisfied with the service.,5,No,No
ORD002429,CUST2692,Blinkit,53:29.5,49,Dairy,507,"Horrible experience, never ordering again.",1,Yes,Yes
ORD002431,CUST2468,Blinkit,50:29.5,34,Beverages,803,"Not fresh, disappointed.",2,No,Yes
ORD002432,CUST6798,Swiggy Instamart,25:29.5,33,Beverages,767,Delivery person was rude.,2,No,Yes
ORD002434,CUST6315,JioMart,07:29.5,14,Personal Care,970,Good quality products.,4,No,No
ORD002436,CUST1202,Blinkit,31:29.5,26,Beverages,588,Good quality products.,4,No,No
ORD002439,CUST7353,Swiggy Instamart,22:29.5,42,Beverages,1000,"Horrible experience, never ordering again.",1,Yes,Yes
ORD002440,CUST2387,Swiggy Instamart,32:29.5,10,Grocery,339,Packaging could be better.,3,No,No
ORD002441,CUST4977,Swiggy Instamart,03:29.5,19,Snacks,63,Quick and reliable!,5,No,No
ORD002442,CUST9537,JioMart,18:29.5,25,Snacks,319,"Not fresh, disappointed.",2,No,Yes
ORD002443,CUST3778,Swiggy Instamart,22:29.5,19,Snacks,129,Quick and reliable!,5,No,No
ORD002444,CUST7237,Swiggy Instamart,23:29.5,27,Beverages,669,Wrong item delivered.,1,No,Yes
ORD002445,CUST3777,Blinkit,36:29.5,21,Dairy,559,"Not fresh, disappointed.",2,No,Yes
ORD002446,CUST3274,JioMart,44:29.5,35,Grocery,535,Packaging could be better.,3,No,No
ORD002447,CUST5405,Swiggy Instamart,10:29.5,57,Grocery,208,"Horrible experience, never ordering again.",1,Yes,Yes
ORD002448,CUST5933,JioMart,10:29.5,21,Personal Care,555,Delivery person was rude.,2,No,Yes
ORD002450,CUST9079,Swiggy Instamart,38:29.5,56,Grocery,649,"Easy to order, loved it!",5,Yes,No
ORD002452,CUST2036,Blinkit,41:29.5,52,Grocery,1021,"Not fresh, disappointed.",2,Yes,Yes
ORD002453,CUST3739,Blinkit,03:29.5,21,Dairy,655,Wrong item delivered.,1,No,Yes
ORD002454,CUST8121,Blinkit,12:29.5,42,Fruits & Vegetables,307,"Horrible experience, never ordering again.",1,Yes,Yes
ORD002455,CUST5521,JioMart,00:29.5,22,Personal Care,1054,"Not fresh, disappointed.",2,No,Yes
ORD002456,CUST7899,JioMart,44:29.5,11,Beverages,671,Wrong item delivered.,1,No,Yes
ORD002460,CUST6916,Swiggy Instamart,33:29.5,13,Beverages,129,Delivery person was rude.,2,No,Yes
ORD002461,CUST5123,Swiggy Instamart,16:29.5,43,Grocery,902,"Fast delivery, great service!",5,Yes,No
ORD002463,CUST9123,JioMart,58:29.5,12,Snacks,369,Delivery person was rude.,2,No,Yes
ORD002464,CUST4203,Blinkit,26:29.5,32,Snacks,373,Excellent experience!,5,No,No
ORD002465,CUST8501,JioMart,08:29.5,35,Beverages,373,Good quality products.,4,No,No
ORD002466,CUST2752,Swiggy Instamart,20:29.5,18,Personal Care,1497,Very satisfied with the service.,5,No,No
ORD002467,CUST3219,Blinkit,56:29.5,40,Snacks,165,Good quality products.,4,No,No
ORD002468,CUST5991,JioMart,53:29.5,55,Personal Care,1865,Items missing from order.,2,Yes,Yes
ORD002469,CUST1110,JioMart,39:29.5,41,Fruits & Vegetables,507,Items missing from order.,2,Yes,Yes
ORD002470,CUST7483,Swiggy Instamart,48:29.5,47,Dairy,236,"Fast delivery, great service!",5,Yes,No
ORD002471,CUST6443,Blinkit,44:29.5,39,Snacks,320,Packaging could be better.,3,No,No
ORD002473,CUST6399,Blinkit,59:29.5,38,Fruits & Vegetables,698,"Horrible experience, never ordering again.",1,No,Yes
ORD002474,CUST8212,Swiggy Instamart,52:29.5,17,Personal Care,1604,Good quality products.,4,No,No
ORD002475,CUST6484,Blinkit,41:29.5,25,Dairy,300,Quick and reliable!,5,No,No
ORD002477,CUST3230,Swiggy Instamart,05:29.5,26,Grocery,734,Quick and reliable!,5,No,No
ORD002478,CUST5922,Swiggy Instamart,39:29.5,22,Dairy,718,"Very late delivery, not happy.",2,No,Yes
ORD002480,CUST4290,Blinkit,28:29.5,28,Grocery,917,"Easy to order, loved it!",5,No,No
ORD002481,CUST8848,Blinkit,09:29.5,42,Grocery,257,Quick and reliable!,5,Yes,No
ORD002483,CUST3910,Swiggy Instamart,23:29.5,39,Dairy,743,"Fast delivery, great service!",5,No,No
ORD002486,CUST5775,Blinkit,08:29.5,10,Beverages,331,"Fast delivery, great service!",5,No,No
ORD002487,CUST9044,JioMart,51:29.5,17,Personal Care,156,Delivery person was rude.,2,No,Yes
ORD002488,CUST4971,Swiggy Instamart,28:29.5,40,Snacks,451,"Horrible experience, never ordering again.",1,No,Yes
ORD002489,CUST6339,Blinkit,16:29.5,24,Fruits & Vegetables,164,Very satisfied with the service.,5,No,No
ORD002490,CUST7161,Swiggy Instamart,14:29.5,31,Dairy,691,Wrong item delivered.,1,No,Yes
ORD002491,CUST5592,Blinkit,30:29.5,6,Snacks,394,"Not fresh, disappointed.",2,No,Yes
ORD002492,CUST7437,Blinkit,21:29.5,26,Snacks,340,Very satisfied with the service.,5,No,No
ORD002493,CUST6980,Swiggy Instamart,36:29.5,17,Snacks,223,"Fast delivery, great service!",5,No,No
ORD002494,CUST2865,JioMart,02:29.5,23,Dairy,256,Items missing from order.,2,No,Yes
ORD002495,CUST4273,Blinkit,43:29.5,31,Dairy,222,Items missing from order.,2,No,Yes
ORD002496,CUST9939,Blinkit,56:29.5,31,Dairy,246,"Horrible experience, never ordering again.",1,No,Yes
ORD002497,CUST3947,Blinkit,59:29.5,27,Beverages,121,Quick and reliable!,5,No,No
ORD002498,CUST1440,JioMart,36:29.5,39,Grocery,1228,Excellent experience!,5,No,No
ORD002499,CUST8563,JioMart,54:29.5,25,Personal Care,703,"Fast delivery, great service!",5,No,No
ORD002500,CUST4434,Swiggy Instamart,53:29.5,27,Grocery,517,Excellent experience!,5,No,No
ORD002501,CUST8183,JioMart,05:29.5,18,Beverages,218,"Horrible experience, never ordering again.",1,No,Yes
ORD002502,CUST5773,Swiggy Instamart,07:29.5,42,Grocery,270,Quick and reliable!,5,Yes,No
ORD002504,CUST7703,JioMart,40:29.5,15,Grocery,786,"Fast delivery, great service!",5,No,No
ORD002506,CUST3280,JioMart,48:29.5,31,Dairy,171,Quick and reliable!,5,No,No
ORD002508,CUST4965,JioMart,27:29.5,27,Dairy,658,Packaging could be better.,3,No,No
ORD002509,CUST5139,JioMart,44:29.5,40,Beverages,279,Delivery person was rude.,2,No,Yes
ORD002510,CUST3525,Swiggy Instamart,33:29.5,20,Beverages,325,Good quality products.,4,No,No
ORD002512,CUST7176,Swiggy Instamart,52:29.5,30,Snacks,350,Good quality products.,4,No,No
ORD002513,CUST2211,JioMart,22:29.5,34,Personal Care,1543,"Easy to order, loved it!",5,No,No
ORD002514,CUST8357,Blinkit,47:29.5,31,Dairy,737,Items missing from order.,2,No,Yes
ORD002515,CUST8851,Swiggy Instamart,48:29.5,22,Personal Care,455,Delivery person was rude.,2,No,Yes
ORD002517,CUST9755,Swiggy Instamart,49:29.5,38,Snacks,444,"Horrible experience, never ordering again.",1,No,Yes
ORD002518,CUST9300,Blinkit,43:29.5,29,Personal Care,140,Items missing from order.,2,No,Yes
ORD002519,CUST7853,JioMart,46:29.5,31,Beverages,535,Good quality products.,4,No,No
ORD002520,CUST9907,Swiggy Instamart,49:29.5,29,Beverages,100,"Easy to order, loved it!",5,No,No
ORD002521,CUST1602,Swiggy Instamart,52:29.5,15,Dairy,251,"Very late delivery, not happy.",2,No,Yes
ORD002523,CUST9796,Swiggy Instamart,15:29.5,30,Beverages,846,"Easy to order, loved it!",5,No,No
ORD002524,CUST2392,Swiggy Instamart,32:29.5,29,Personal Care,1000,Very satisfied with the service.,5,No,No
ORD002525,CUST2791,JioMart,39:29.5,47,Beverages,866,Delivery person was rude.,2,Yes,Yes
ORD002527,CUST6816,Swiggy Instamart,12:29.5,28,Beverages,653,Quick and reliable!,5,No,No
ORD002529,CUST1725,JioMart,10:29.5,19,Beverages,926,Delivery person was rude.,2,No,Yes
ORD002531,CUST6432,JioMart,18:29.5,32,Grocery,544,"Fast delivery, great service!",5,No,No
ORD002532,CUST8052,Swiggy Instamart,39:29.5,23,Snacks,278,Excellent experience!,5,No,No
ORD002533,CUST2735,JioMart,52:29.5,37,Grocery,480,"Very late delivery, not happy.",2,No,Yes
ORD002534,CUST1172,Swiggy Instamart,04:29.5,34,Personal Care,146,Wrong item delivered.,1,No,Yes
ORD002536,CUST5239,Swiggy Instamart,37:29.5,38,Beverages,506,"Easy to order, loved it!",5,No,No
ORD002538,CUST9366,Swiggy Instamart,47:29.5,37,Dairy,543,Quick and reliable!,5,No,No
ORD002539,CUST9499,Swiggy Instamart,05:29.5,25,Fruits & Vegetables,235,Items missing from order.,2,No,Yes
ORD002541,CUST8303,Swiggy Instamart,06:29.5,24,Personal Care,988,"Fast delivery, great service!",5,No,No
ORD002542,CUST7129,Blinkit,14:29.5,28,Snacks,394,Delivery person was rude.,2,No,Yes
ORD002543,CUST7408,Blinkit,23:29.5,21,Beverages,641,Good quality products.,4,No,No
ORD002546,CUST3469,JioMart,25:29.5,28,Personal Care,610,Packaging could be better.,3,No,No
ORD002547,CUST6651,Swiggy Instamart,48:29.5,16,Beverages,108,"Easy to order, loved it!",5,No,No
ORD002548,CUST1402,Blinkit,11:29.5,35,Snacks,322,Very satisfied with the service.,5,No,No
ORD002549,CUST8909,Swiggy Instamart,36:29.5,35,Snacks,443,Very satisfied with the service.,5,No,No
ORD002550,CUST2712,Swiggy Instamart,36:29.5,31,Personal Care,1797,"Not fresh, disappointed.",2,No,Yes
ORD002551,CUST5840,Swiggy Instamart,02:29.5,24,Dairy,127,"Easy to order, loved it!",5,No,No
ORD002553,CUST2406,JioMart,38:29.5,20,Personal Care,633,Packaging could be better.,3,No,No
ORD002554,CUST2901,JioMart,06:29.5,22,Beverages,435,Good quality products.,4,No,No
ORD002555,CUST3321,Blinkit,11:29.5,36,Beverages,901,Very satisfied with the service.,5,No,No
ORD002556,CUST6707,Swiggy Instamart,41:29.5,35,Grocery,1342,Packaging could be better.,3,No,No
ORD002557,CUST6110,Blinkit,32:29.5,35,Dairy,629,Packaging could be better.,3,No,No
ORD002558,CUST6620,Blinkit,31:29.5,52,Personal Care,752,Items missing from order.,2,Yes,Yes
ORD002560,CUST4389,Swiggy Instamart,08:29.5,26,Beverages,827,"Horrible experience, never ordering again.",1,No,Yes
ORD002563,CUST6706,Blinkit,02:29.5,33,Snacks,221,Wrong item delivered.,1,No,Yes
ORD002564,CUST8801,JioMart,48:29.5,44,Grocery,1343,"Very late delivery, not happy.",2,Yes,Yes
ORD002565,CUST2599,Blinkit,32:29.5,26,Beverages,347,"Fast delivery, great service!",5,No,No
ORD002567,CUST8412,JioMart,39:29.5,20,Fruits & Vegetables,623,"Easy to order, loved it!",5,No,No
ORD002568,CUST6225,Swiggy Instamart,57:29.5,22,Fruits & Vegetables,367,Wrong item delivered.,1,No,Yes
ORD002569,CUST2100,Swiggy Instamart,28:29.5,22,Beverages,742,Excellent experience!,5,No,No
ORD002570,CUST5919,Blinkit,36:29.5,15,Dairy,114,Excellent experience!,5,No,No
ORD002571,CUST1732,JioMart,50:29.5,44,Snacks,85,Packaging could be better.,3,Yes,No
ORD002572,CUST2885,Swiggy Instamart,56:29.5,35,Dairy,524,"Not fresh, disappointed.",2,No,Yes
ORD002573,CUST1370,Blinkit,58:29.5,36,Dairy,288,Excellent experience!,5,No,No
ORD002576,CUST3692,Swiggy Instamart,35:29.5,24,Fruits & Vegetables,302,"Easy to order, loved it!",5,No,No
ORD002577,CUST4996,JioMart,05:29.5,25,Personal Care,1121,Delivery person was rude.,2,No,Yes
ORD002578,CUST9454,JioMart,14:29.5,40,Fruits & Vegetables,533,Very satisfied with the service.,5,No,No
ORD002580,CUST3623,JioMart,09:29.5,20,Dairy,431,Items missing from order.,2,No,Yes
ORD002581,CUST6422,Blinkit,52:29.5,18,Grocery,1224,Very satisfied with the service.,5,No,No
ORD002582,CUST7985,JioMart,07:29.5,28,Fruits & Vegetables,195,Excellent experience!,5,No,No
ORD002583,CUST8570,Swiggy Instamart,29:29.5,50,Fruits & Vegetables,106,Items missing from order.,2,Yes,Yes
ORD002584,CUST4798,Swiggy Instamart,29:29.5,27,Grocery,1222,"Horrible experience, never ordering again.",1,No,Yes
ORD002586,CUST4022,Swiggy Instamart,36:29.5,23,Snacks,372,Excellent experience!,5,No,No
ORD002587,CUST4053,Swiggy Instamart,24:29.5,25,Dairy,384,Delivery person was rude.,2,No,Yes
ORD002588,CUST8080,JioMart,26:29.5,30,Personal Care,450,"Very late delivery, not happy.",2,No,Yes
ORD002589,CUST7481,Swiggy Instamart,28:29.5,33,Grocery,878,Packaging could be better.,3,No,No
ORD002590,CUST1478,Blinkit,42:29.5,9,Snacks,496,Items missing from order.,2,No,Yes
ORD002592,CUST8365,JioMart,29:29.5,17,Fruits & Vegetables,202,Excellent experience!,5,No,No
ORD002593,CUST8037,Blinkit,28:29.5,40,Snacks,469,Items missing from order.,2,No,Yes
ORD002594,CUST7370,JioMart,30:29.5,19,Dairy,333,Delivery person was rude.,2,No,Yes
ORD002595,CUST1072,JioMart,50:29.5,32,Snacks,329,"Fast delivery, great service!",5,No,No
ORD002596,CUST4519,Blinkit,25:29.5,34,Grocery,268,"Very late delivery, not happy.",2,No,Yes
ORD002597,CUST4371,JioMart,04:29.5,24,Dairy,629,Excellent experience!,5,No,No
ORD002598,CUST5560,Blinkit,46:29.5,5,Grocery,1057,Good quality products.,4,No,No
ORD002599,CUST2025,Blinkit,12:29.5,41,Fruits & Vegetables,652,"Not fresh, disappointed.",2,Yes,Yes
ORD002600,CUST2667,Swiggy Instamart,51:29.5,43,Snacks,233,Wrong item delivered.,1,Yes,Yes
ORD002602,CUST4063,JioMart,45:29.5,23,Dairy,482,Good quality products.,4,No,No
ORD002603,CUST6993,JioMart,17:29.5,47,Beverages,374,Items missing from order.,2,Yes,Yes
ORD002604,CUST6340,Blinkit,20:29.5,22,Beverages,528,Items missing from order.,2,No,Yes
ORD002606,CUST8496,Blinkit,59:29.5,15,Beverages,774,Delivery person was rude.,2,No,Yes
ORD002607,CUST2867,Blinkit,46:29.5,34,Personal Care,1767,"Easy to order, loved it!",5,No,No
ORD002608,CUST5298,JioMart,43:29.5,17,Beverages,536,Good quality products.,4,No,No
ORD002609,CUST9019,Blinkit,10:29.5,33,Beverages,440,"Easy to order, loved it!",5,No,No
ORD002610,CUST9646,Swiggy Instamart,10:29.5,30,Snacks,132,"Easy to order, loved it!",5,No,No
ORD002611,CUST6134,JioMart,38:29.5,26,Fruits & Vegetables,447,Very satisfied with the service.,5,No,No
ORD002613,CUST7431,JioMart,50:29.5,40,Fruits & Vegetables,76,Wrong item delivered.,1,No,Yes
ORD002614,CUST2871,Blinkit,19:29.5,29,Snacks,158,"Easy to order, loved it!",5,No,No
ORD002618,CUST3826,JioMart,51:29.5,22,Dairy,231,Items missing from order.,2,No,Yes
ORD002622,CUST6131,Swiggy Instamart,26:29.5,25,Snacks,397,Items missing from order.,2,No,Yes
ORD002623,CUST2931,JioMart,17:29.5,5,Dairy,274,Wrong item delivered.,1,No,Yes
ORD002626,CUST2916,Swiggy Instamart,00:29.5,19,Beverages,378,"Fast delivery, great service!",5,No,No
ORD002627,CUST3999,Blinkit,51:29.5,25,Dairy,587,"Fast delivery, great service!",5,No,No
ORD002629,CUST3316,JioMart,11:29.5,25,Dairy,262,"Not fresh, disappointed.",2,No,Yes
ORD002630,CUST9369,Swiggy Instamart,13:29.5,38,Personal Care,1847,Items missing from order.,2,No,Yes
ORD002631,CUST7364,Swiggy Instamart,45:29.5,29,Personal Care,1970,Excellent experience!,5,No,No
ORD002632,CUST7852,JioMart,13:29.5,30,Beverages,682,"Not fresh, disappointed.",2,No,Yes
ORD002633,CUST3258,Blinkit,29:29.5,28,Dairy,555,Packaging could be better.,3,No,No
ORD002634,CUST7286,Swiggy Instamart,48:29.5,17,Beverages,336,"Easy to order, loved it!",5,No,No
ORD002635,CUST7931,Swiggy Instamart,44:29.5,18,Snacks,425,Delivery person was rude.,2,No,Yes
ORD002638,CUST9804,Swiggy Instamart,51:29.5,35,Snacks,177,Delivery person was rude.,2,No,Yes
ORD002639,CUST3838,JioMart,15:29.5,26,Dairy,746,Very satisfied with the service.,5,No,No
ORD002640,CUST3733,Swiggy Instamart,39:29.5,22,Grocery,973,Quick and reliable!,5,No,No
ORD002642,CUST5732,Blinkit,45:29.5,30,Beverages,297,Delivery person was rude.,2,No,Yes
ORD002643,CUST3298,Blinkit,41:29.5,13,Beverages,226,"Horrible experience, never ordering again.",1,No,Yes
ORD002644,CUST4065,Blinkit,54:29.5,11,Snacks,154,Excellent experience!,5,No,No
ORD002645,CUST6154,Blinkit,22:29.5,35,Dairy,159,Good quality products.,4,No,No
ORD002646,CUST8389,Swiggy Instamart,39:29.5,22,Beverages,437,Excellent experience!,5,No,No
ORD002648,CUST6882,Blinkit,05:29.5,32,Snacks,481,"Easy to order, loved it!",5,No,No
ORD002649,CUST1157,Blinkit,05:29.5,42,Grocery,362,Wrong item delivered.,1,Yes,Yes
ORD002652,CUST4196,Blinkit,52:29.5,28,Grocery,1454,Quick and reliable!,5,No,No
ORD002653,CUST7290,Blinkit,00:29.5,28,Dairy,617,"Very late delivery, not happy.",2,No,Yes
ORD002655,CUST9109,JioMart,55:29.5,15,Dairy,505,Wrong item delivered.,1,No,Yes
ORD002660,CUST9006,JioMart,27:29.5,26,Fruits & Vegetables,246,"Not fresh, disappointed.",2,No,Yes
ORD002661,CUST3740,Blinkit,44:29.5,13,Snacks,421,Items missing from order.,2,No,Yes
ORD002663,CUST1505,Swiggy Instamart,07:29.5,27,Fruits & Vegetables,479,"Very late delivery, not happy.",2,No,Yes
ORD002665,CUST5785,Swiggy Instamart,27:29.5,22,Beverages,992,Wrong item delivered.,1,No,Yes
ORD002666,CUST1535,JioMart,32:29.5,36,Snacks,116,Delivery person was rude.,2,No,Yes
ORD002667,CUST5503,Blinkit,10:29.5,29,Grocery,369,Excellent experience!,5,No,No
ORD002670,CUST5729,Swiggy Instamart,08:29.5,25,Beverages,109,"Very late delivery, not happy.",2,No,Yes
ORD002671,CUST3755,Swiggy Instamart,41:29.5,24,Dairy,132,Very satisfied with the service.,5,No,No
ORD002672,CUST8492,Blinkit,32:29.5,25,Snacks,313,Packaging could be better.,3,No,No
ORD002675,CUST2854,Blinkit,27:29.5,31,Grocery,495,"Very late delivery, not happy.",2,No,Yes
ORD002677,CUST5389,Blinkit,41:29.5,12,Beverages,787,Items missing from order.,2,No,Yes
ORD002678,CUST9898,Blinkit,45:29.5,32,Fruits & Vegetables,626,Packaging could be better.,3,No,No
ORD002679,CUST7010,Blinkit,10:29.5,22,Personal Care,1162,Packaging could be better.,3,No,No
ORD002680,CUST9880,Blinkit,24:29.5,36,Personal Care,701,Excellent experience!,5,No,No
ORD002681,CUST1681,Swiggy Instamart,24:29.5,46,Grocery,212,"Very late delivery, not happy.",2,Yes,Yes
ORD002682,CUST8231,Blinkit,18:29.5,23,Personal Care,605,"Very late delivery, not happy.",2,No,Yes
ORD002683,CUST9951,Blinkit,15:29.5,39,Personal Care,1421,Excellent experience!,5,No,No
ORD002684,CUST4580,Swiggy Instamart,37:29.5,25,Fruits & Vegetables,151,"Easy to order, loved it!",5,No,No
ORD002686,CUST2677,Swiggy Instamart,24:29.5,33,Fruits & Vegetables,139,Items missing from order.,2,No,Yes
ORD002688,CUST5877,JioMart,27:29.5,12,Fruits & Vegetables,635,"Easy to order, loved it!",5,No,No
ORD002689,CUST1528,JioMart,15:29.5,30,Personal Care,1884,"Horrible experience, never ordering again.",1,No,Yes
ORD002691,CUST5305,JioMart,56:29.5,40,Snacks,332,Delivery person was rude.,2,No,Yes
ORD002692,CUST6711,Swiggy Instamart,52:29.5,43,Fruits & Vegetables,207,Delivery person was rude.,2,Yes,Yes
ORD002693,CUST2425,Blinkit,09:29.5,33,Fruits & Vegetables,413,Delivery person was rude.,2,No,Yes
ORD002694,CUST8193,JioMart,05:29.5,28,Fruits & Vegetables,540,Delivery person was rude.,2,No,Yes
ORD002696,CUST4882,JioMart,09:29.5,25,Dairy,581,"Easy to order, loved it!",5,No,No
ORD002697,CUST4438,Blinkit,15:29.5,26,Snacks,65,"Horrible experience, never ordering again.",1,No,Yes
ORD002698,CUST6744,JioMart,36:29.5,28,Beverages,725,Good quality products.,4,No,No
ORD002699,CUST8015,Blinkit,05:29.5,21,Dairy,428,Delivery person was rude.,2,No,Yes
ORD002700,CUST3719,Blinkit,54:29.5,42,Snacks,401,Very satisfied with the service.,5,Yes,No
ORD002701,CUST3281,JioMart,29:29.5,42,Personal Care,1556,Very satisfied with the service.,5,Yes,No
ORD002702,CUST4385,Blinkit,12:29.5,20,Personal Care,1358,"Not fresh, disappointed.",2,No,Yes
ORD002703,CUST4390,Blinkit,24:29.5,22,Dairy,619,Items missing from order.,2,No,Yes
ORD002704,CUST1972,Blinkit,51:29.5,26,Dairy,738,"Not fresh, disappointed.",2,No,Yes
ORD002705,CUST6747,JioMart,25:29.5,42,Fruits & Vegetables,78,Items missing from order.,2,Yes,Yes
ORD002706,CUST9720,JioMart,00:29.5,26,Dairy,584,Wrong item delivered.,1,No,Yes
ORD002707,CUST5605,Blinkit,56:29.5,31,Personal Care,1116,"Horrible experience, never ordering again.",1,No,Yes
ORD002708,CUST9827,Blinkit,20:29.5,19,Dairy,723,"Fast delivery, great service!",5,No,No
ORD002709,CUST3758,JioMart,55:29.5,45,Beverages,453,Items missing from order.,2,Yes,Yes
ORD002710,CUST6302,JioMart,50:29.5,18,Personal Care,2000,Items missing from order.,2,No,Yes
ORD002711,CUST5794,Blinkit,47:29.5,25,Personal Care,1655,Very satisfied with the service.,5,No,No
ORD002712,CUST5740,Blinkit,03:29.5,12,Beverages,913,Items missing from order.,2,No,Yes
ORD002713,CUST5380,Blinkit,28:29.5,42,Grocery,279,Packaging could be better.,3,Yes,No
ORD002714,CUST9428,Swiggy Instamart,11:29.5,29,Personal Care,1614,"Fast delivery, great service!",5,No,No
ORD002715,CUST2560,JioMart,29:29.5,47,Snacks,176,Good quality products.,4,Yes,No
ORD002716,CUST3221,Swiggy Instamart,01:29.5,20,Fruits & Vegetables,692,Quick and reliable!,5,No,No
ORD002717,CUST7743,JioMart,23:29.5,40,Beverages,577,"Easy to order, loved it!",5,No,No
ORD002718,CUST1971,JioMart,19:29.5,33,Dairy,190,Good quality products.,4,No,No
ORD002720,CUST3078,JioMart,54:29.5,23,Beverages,958,"Easy to order, loved it!",5,No,No
ORD002721,CUST3174,JioMart,22:29.5,35,Snacks,435,Delivery person was rude.,2,No,Yes
ORD002722,CUST5090,JioMart,20:29.5,29,Dairy,253,Delivery person was rude.,2,No,Yes
ORD002723,CUST3396,JioMart,55:29.5,23,Personal Care,1343,Delivery person was rude.,2,No,Yes
ORD002726,CUST7434,Blinkit,16:29.5,26,Dairy,713,Good quality products.,4,No,No
ORD002728,CUST3329,Swiggy Instamart,02:29.5,24,Personal Care,887,"Not fresh, disappointed.",2,No,Yes
ORD002729,CUST5402,Swiggy Instamart,29:29.5,8,Snacks,224,"Very late delivery, not happy.",2,No,Yes
ORD002730,CUST7786,Swiggy Instamart,46:29.5,30,Dairy,344,"Not fresh, disappointed.",2,No,Yes
ORD002731,CUST7146,JioMart,25:29.5,37,Dairy,289,Excellent experience!,5,No,No
ORD002733,CUST2237,JioMart,43:29.5,25,Beverages,815,Quick and reliable!,5,No,No
ORD002734,CUST2525,Blinkit,46:29.5,34,Dairy,306,Delivery person was rude.,2,No,Yes
ORD002735,CUST7600,Blinkit,52:29.5,26,Personal Care,1282,"Very late delivery, not happy.",2,No,Yes
ORD002736,CUST9447,Swiggy Instamart,25:29.5,12,Dairy,720,Items missing from order.,2,No,Yes
ORD002740,CUST8996,Blinkit,06:29.5,27,Fruits & Vegetables,609,Excellent experience!,5,No,No
ORD002741,CUST6362,Swiggy Instamart,24:29.5,25,Beverages,883,"Not fresh, disappointed.",2,No,Yes
ORD002742,CUST1040,Swiggy Instamart,51:29.5,12,Beverages,130,Excellent experience!,5,No,No
ORD002743,CUST2526,Blinkit,13:29.5,5,Personal Care,1775,Excellent experience!,5,No,No
ORD002744,CUST8511,Blinkit,01:29.5,22,Grocery,1379,Excellent experience!,5,No,No
ORD002746,CUST2037,Swiggy Instamart,28:29.5,32,Beverages,181,"Very late delivery, not happy.",2,No,Yes
ORD002747,CUST9756,JioMart,48:29.5,22,Beverages,147,"Not fresh, disappointed.",2,No,Yes
ORD002748,CUST7516,Swiggy Instamart,30:29.5,21,Personal Care,286,Very satisfied with the service.,5,No,No
ORD002749,CUST4568,JioMart,22:29.5,33,Dairy,147,"Very late delivery, not happy.",2,No,Yes
ORD002750,CUST8039,Swiggy Instamart,47:29.5,30,Beverages,453,"Fast delivery, great service!",5,No,No
ORD002752,CUST9105,Blinkit,28:29.5,47,Snacks,311,Quick and reliable!,5,Yes,No
ORD002753,CUST5399,JioMart,24:29.5,40,Snacks,208,Packaging could be better.,3,No,No
ORD002754,CUST6289,Swiggy Instamart,45:29.5,40,Beverages,284,Packaging could be better.,3,No,No
ORD002755,CUST5646,Swiggy Instamart,35:29.5,28,Dairy,522,"Horrible experience, never ordering again.",1,No,Yes
ORD002756,CUST6533,Blinkit,13:29.5,7,Snacks,318,"Fast delivery, great service!",5,No,No
ORD002757,CUST9967,Blinkit,45:29.5,8,Dairy,146,Packaging could be better.,3,No,No
ORD002758,CUST3139,JioMart,56:29.5,34,Grocery,231,Items missing from order.,2,No,Yes
ORD002759,CUST8951,Swiggy Instamart,30:29.5,23,Snacks,375,"Fast delivery, great service!",5,No,No
ORD002760,CUST6631,JioMart,56:29.5,46,Snacks,433,Packaging could be better.,3,Yes,No
ORD002761,CUST1793,Swiggy Instamart,30:29.5,44,Snacks,396,"Horrible experience, never ordering again.",1,Yes,Yes
ORD002762,CUST1752,JioMart,50:29.5,30,Dairy,675,"Easy to order, loved it!",5,No,No
ORD002763,CUST2631,Blinkit,09:29.5,24,Snacks,284,Very satisfied with the service.,5,No,No
ORD002766,CUST3035,Blinkit,40:29.5,31,Beverages,747,Very satisfied with the service.,5,No,No
ORD002768,CUST8230,JioMart,44:29.5,28,Beverages,644,"Not fresh, disappointed.",2,No,Yes
ORD002769,CUST8479,Swiggy Instamart,18:29.5,27,Personal Care,1876,"Fast delivery, great service!",5,No,No
ORD002770,CUST1011,Swiggy Instamart,24:29.5,47,Dairy,380,"Very late delivery, not happy.",2,Yes,Yes
ORD002771,CUST8009,Blinkit,37:29.5,31,Dairy,626,"Easy to order, loved it!",5,No,No
ORD002772,CUST4314,Swiggy Instamart,00:29.5,30,Personal Care,514,Very satisfied with the service.,5,No,No
ORD002774,CUST5945,Swiggy Instamart,15:29.5,34,Dairy,499,Excellent experience!,5,No,No
ORD002775,CUST3604,Blinkit,31:29.5,30,Beverages,811,"Horrible experience, never ordering again.",1,No,Yes
ORD002776,CUST5489,JioMart,37:29.5,35,Personal Care,424,Quick and reliable!,5,No,No
ORD002777,CUST2529,Swiggy Instamart,28:29.5,30,Beverages,772,"Very late delivery, not happy.",2,No,Yes
ORD002778,CUST6905,Blinkit,25:29.5,26,Fruits & Vegetables,290,"Not fresh, disappointed.",2,No,Yes
ORD002780,CUST2350,JioMart,53:29.5,22,Personal Care,1780,Packaging could be better.,3,No,No
ORD002781,CUST7092,Swiggy Instamart,50:29.5,31,Snacks,488,Wrong item delivered.,1,No,Yes
ORD002782,CUST3711,Swiggy Instamart,52:29.5,42,Grocery,1026,"Fast delivery, great service!",5,Yes,No
ORD002783,CUST1848,JioMart,19:29.5,38,Fruits & Vegetables,145,Good quality products.,4,No,No
ORD002784,CUST7493,JioMart,38:29.5,27,Beverages,289,Items missing from order.,2,No,Yes
ORD002785,CUST6005,Blinkit,38:29.5,27,Snacks,378,Items missing from order.,2,No,Yes
ORD002789,CUST2559,Blinkit,06:29.5,24,Snacks,304,Items missing from order.,2,No,Yes
ORD002790,CUST1017,Blinkit,38:29.5,21,Beverages,795,Good quality products.,4,No,No
ORD002791,CUST4496,Swiggy Instamart,33:29.5,20,Snacks,302,Excellent experience!,5,No,No
ORD002792,CUST8812,Blinkit,29:29.5,28,Beverages,155,"Fast delivery, great service!",5,No,No
ORD002793,CUST2276,Swiggy Instamart,03:29.5,33,Fruits & Vegetables,53,"Horrible experience, never ordering again.",1,No,Yes
ORD002796,CUST9510,JioMart,28:29.5,19,Personal Care,1133,"Easy to order, loved it!",5,No,No
ORD002797,CUST8291,JioMart,18:29.5,23,Snacks,434,"Fast delivery, great service!",5,No,No
ORD002800,CUST6629,Swiggy Instamart,24:29.5,45,Beverages,837,Excellent experience!,5,Yes,No
ORD002801,CUST2975,JioMart,11:29.5,25,Fruits & Vegetables,123,Wrong item delivered.,1,No,Yes
ORD002802,CUST7919,Blinkit,03:29.5,40,Beverages,568,Packaging could be better.,3,No,No
ORD002804,CUST8826,Blinkit,13:29.5,43,Beverages,869,"Very late delivery, not happy.",2,Yes,Yes
ORD002806,CUST4751,Swiggy Instamart,04:29.5,15,Fruits & Vegetables,408,"Fast delivery, great service!",5,No,No
ORD002807,CUST7276,Swiggy Instamart,19:29.5,22,Beverages,568,"Easy to order, loved it!",5,No,No
ORD002808,CUST2463,Blinkit,02:29.5,30,Dairy,364,Delivery person was rude.,2,No,Yes
ORD002809,CUST2678,Blinkit,45:29.5,27,Personal Care,1222,Very satisfied with the service.,5,No,No
ORD002810,CUST2690,JioMart,39:29.5,19,Dairy,182,"Easy to order, loved it!",5,No,No
ORD002811,CUST6133,JioMart,03:29.5,16,Grocery,1206,Delivery person was rude.,2,No,Yes
ORD002814,CUST3246,JioMart,27:29.5,35,Beverages,507,Packaging could be better.,3,No,No
ORD002815,CUST7270,JioMart,10:29.5,19,Personal Care,259,Wrong item delivered.,1,No,Yes
ORD002816,CUST3181,JioMart,15:29.5,48,Personal Care,1883,"Fast delivery, great service!",5,Yes,No
ORD002818,CUST2120,Swiggy Instamart,39:29.5,8,Beverages,171,Excellent experience!,5,No,No
ORD002820,CUST1138,Blinkit,14:29.5,40,Grocery,1494,Packaging could be better.,3,No,No
ORD002821,CUST3688,Blinkit,29:29.5,51,Dairy,291,"Fast delivery, great service!",5,Yes,No
ORD002822,CUST8210,Blinkit,23:29.5,39,Personal Care,1555,Delivery person was rude.,2,No,Yes
ORD002824,CUST4490,JioMart,23:29.5,20,Beverages,884,"Very late delivery, not happy.",2,No,Yes
ORD002825,CUST3480,Swiggy Instamart,25:29.5,22,Grocery,1166,Very satisfied with the service.,5,No,No
ORD002827,CUST8248,JioMart,26:29.5,25,Grocery,1334,"Easy to order, loved it!",5,No,No
ORD002829,CUST2420,Swiggy Instamart,04:29.5,31,Grocery,339,"Very late delivery, not happy.",2,No,Yes
ORD002832,CUST3017,Blinkit,43:29.5,33,Dairy,490,Quick and reliable!,5,No,No
ORD002835,CUST8035,Swiggy Instamart,45:29.5,40,Dairy,618,Wrong item delivered.,1,No,Yes
ORD002839,CUST5537,JioMart,51:29.5,37,Fruits & Vegetables,575,Quick and reliable!,5,No,No
ORD002840,CUST2380,Blinkit,37:29.5,29,Dairy,502,"Very late delivery, not happy.",2,No,Yes
ORD002843,CUST1439,Swiggy Instamart,41:29.5,27,Fruits & Vegetables,545,"Horrible experience, never ordering again.",1,No,Yes
ORD002844,CUST5942,JioMart,59:29.5,23,Personal Care,1681,Items missing from order.,2,No,Yes
ORD002845,CUST4366,Blinkit,01:29.5,45,Snacks,138,"Fast delivery, great service!",5,Yes,No
ORD002849,CUST7418,JioMart,31:29.5,33,Fruits & Vegetables,137,"Very late delivery, not happy.",2,No,Yes
ORD002850,CUST5842,JioMart,29:29.5,11,Fruits & Vegetables,477,Packaging could be better.,3,No,No
ORD002851,CUST1894,JioMart,20:29.5,39,Snacks,400,"Very late delivery, not happy.",2,No,Yes
ORD002854,CUST7322,Blinkit,14:29.5,35,Grocery,506,Good quality products.,4,No,No
ORD002855,CUST2847,Blinkit,44:29.5,21,Dairy,440,Wrong item delivered.,1,No,Yes
ORD002856,CUST4949,Swiggy Instamart,36:29.5,25,Fruits & Vegetables,586,"Very late delivery, not happy.",2,No,Yes
ORD002857,CUST9185,Swiggy Instamart,17:29.5,31,Personal Care,781,Delivery person was rude.,2,No,Yes
ORD002859,CUST9655,Swiggy Instamart,34:29.5,29,Personal Care,907,Very satisfied with the service.,5,No,No
ORD002860,CUST1197,Swiggy Instamart,54:29.5,13,Personal Care,802,Delivery person was rude.,2,No,Yes
ORD002862,CUST6185,Swiggy Instamart,46:29.5,46,Grocery,881,Quick and reliable!,5,Yes,No
ORD002863,CUST3162,Swiggy Instamart,10:29.5,32,Grocery,762,Very satisfied with the service.,5,No,No
ORD002864,CUST7337,Blinkit,38:29.5,28,Beverages,288,Delivery person was rude.,2,No,Yes
ORD002865,CUST7895,Swiggy Instamart,22:29.5,36,Grocery,1422,"Easy to order, loved it!",5,No,No
ORD002866,CUST6986,Blinkit,49:29.5,31,Dairy,102,Packaging could be better.,3,No,No
ORD002868,CUST3830,JioMart,58:29.5,39,Dairy,644,Quick and reliable!,5,No,No
ORD002869,CUST8717,JioMart,41:29.5,32,Beverages,596,"Very late delivery, not happy.",2,No,Yes
ORD002871,CUST1273,JioMart,57:29.5,28,Personal Care,514,Excellent experience!,5,No,No
ORD002873,CUST1225,JioMart,51:29.5,37,Grocery,219,"Not fresh, disappointed.",2,No,Yes
ORD002875,CUST4534,Swiggy Instamart,32:29.5,53,Fruits & Vegetables,524,Very satisfied with the service.,5,Yes,No
ORD002876,CUST1652,JioMart,58:29.5,24,Grocery,310,Wrong item delivered.,1,No,Yes
ORD002878,CUST7520,Swiggy Instamart,02:29.5,40,Beverages,960,Very satisfied with the service.,5,No,No
ORD002880,CUST5693,JioMart,57:29.5,35,Beverages,623,Excellent experience!,5,No,No
ORD002881,CUST9209,Swiggy Instamart,27:29.5,45,Snacks,176,Items missing from order.,2,Yes,Yes
ORD002888,CUST3501,Swiggy Instamart,18:29.5,25,Snacks,106,"Horrible experience, never ordering again.",1,No,Yes
ORD002889,CUST5546,Swiggy Instamart,07:29.5,22,Grocery,1310,"Fast delivery, great service!",5,No,No
ORD002890,CUST2369,Swiggy Instamart,30:29.5,27,Fruits & Vegetables,401,Delivery person was rude.,2,No,Yes
ORD002891,CUST6077,Blinkit,36:29.5,25,Personal Care,787,Wrong item delivered.,1,No,Yes
ORD002893,CUST9377,Blinkit,42:29.5,16,Snacks,274,"Easy to order, loved it!",5,No,No
ORD002894,CUST4329,JioMart,33:29.5,39,Grocery,250,Very satisfied with the service.,5,No,No
ORD002895,CUST3545,JioMart,17:29.5,36,Fruits & Vegetables,65,Quick and reliable!,5,No,No
ORD002896,CUST9788,Blinkit,38:29.5,20,Dairy,713,Quick and reliable!,5,No,No
ORD002897,CUST6353,Swiggy Instamart,04:29.5,17,Dairy,707,Very satisfied with the service.,5,No,No
ORD002898,CUST7401,JioMart,01:29.5,35,Beverages,807,Items missing from order.,2,No,Yes
ORD002899,CUST2083,Blinkit,12:29.5,35,Fruits & Vegetables,141,"Not fresh, disappointed.",2,No,Yes
ORD002900,CUST6081,Swiggy Instamart,22:29.5,22,Fruits & Vegetables,459,"Fast delivery, great service!",5,No,No
ORD002902,CUST4909,Swiggy Instamart,49:29.5,25,Beverages,708,Wrong item delivered.,1,No,Yes
ORD002903,CUST1948,Swiggy Instamart,18:29.5,5,Personal Care,319,Good quality products.,4,No,No
ORD002904,CUST5005,Swiggy Instamart,25:29.5,35,Snacks,272,"Easy to order, loved it!",5,No,No
ORD002906,CUST8118,JioMart,42:29.5,31,Grocery,964,"Not fresh, disappointed.",2,No,Yes
ORD002907,CUST2900,JioMart,42:29.5,47,Fruits & Vegetables,185,Good quality products.,4,Yes,No
ORD002909,CUST1901,Blinkit,35:29.5,36,Fruits & Vegetables,259,"Fast delivery, great service!",5,No,No
ORD002912,CUST2956,JioMart,45:29.5,45,Personal Care,1749,Packaging could be better.,3,Yes,No
ORD002915,CUST1185,Swiggy Instamart,08:29.5,33,Beverages,828,Quick and reliable!,5,No,No
ORD002916,CUST3684,Swiggy Instamart,34:29.5,34,Grocery,1263,"Horrible experience, never ordering again.",1,No,Yes
ORD002917,CUST9133,Swiggy Instamart,11:29.5,36,Beverages,591,"Horrible experience, never ordering again.",1,No,Yes
ORD002918,CUST6680,Blinkit,12:29.5,35,Snacks,354,"Easy to order, loved it!",5,No,No
ORD002919,CUST9568,JioMart,33:29.5,24,Dairy,598,Good quality products.,4,No,No
ORD002920,CUST9474,JioMart,22:29.5,25,Snacks,388,Excellent experience!,5,No,No
ORD002921,CUST5247,Blinkit,21:29.5,32,Dairy,679,Excellent experience!,5,No,No
ORD002922,CUST3735,Swiggy Instamart,55:29.5,11,Grocery,946,Wrong item delivered.,1,No,Yes
ORD002924,CUST3079,Blinkit,32:29.5,24,Beverages,776,Very satisfied with the service.,5,No,No
ORD002925,CUST5403,JioMart,47:29.5,40,Dairy,217,Wrong item delivered.,1,No,Yes
ORD002926,CUST2934,Blinkit,18:29.5,10,Snacks,475,"Not fresh, disappointed.",2,No,Yes
ORD002927,CUST1480,Swiggy Instamart,12:29.5,34,Personal Care,1704,"Easy to order, loved it!",5,No,No
ORD002928,CUST6488,JioMart,21:29.5,32,Grocery,808,"Easy to order, loved it!",5,No,No
ORD002929,CUST8034,Blinkit,59:29.5,31,Beverages,707,"Easy to order, loved it!",5,No,No
ORD002930,CUST5456,JioMart,26:29.5,43,Snacks,466,Quick and reliable!,5,Yes,No
ORD002931,CUST9582,JioMart,45:29.5,30,Dairy,250,"Horrible experience, never ordering again.",1,No,Yes
ORD002932,CUST2046,JioMart,49:29.5,32,Beverages,872,"Fast delivery, great service!",5,No,No
ORD002933,CUST5308,JioMart,42:29.5,17,Grocery,1439,Quick and reliable!,5,No,No
ORD002934,CUST2262,Blinkit,26:29.5,31,Fruits & Vegetables,130,"Fast delivery, great service!",5,No,No
ORD002935,CUST9128,Swiggy Instamart,01:29.5,27,Beverages,448,"Fast delivery, great service!",5,No,No
ORD002936,CUST8457,Blinkit,47:29.5,27,Personal Care,620,Packaging could be better.,3,No,No
ORD002937,CUST9368,Blinkit,33:29.5,14,Fruits & Vegetables,438,Wrong item delivered.,1,No,Yes
ORD002938,CUST6900,Blinkit,08:29.5,47,Dairy,438,Delivery person was rude.,2,Yes,Yes
ORD002939,CUST1908,Swiggy Instamart,18:29.5,20,Beverages,926,Wrong item delivered.,1,No,Yes
ORD002941,CUST3734,JioMart,50:29.5,15,Beverages,780,Very satisfied with the service.,5,No,No
ORD002942,CUST7024,JioMart,20:29.5,15,Personal Care,1084,Wrong item delivered.,1,No,Yes
ORD002943,CUST3577,Swiggy Instamart,19:29.5,15,Grocery,1251,"Fast delivery, great service!",5,No,No
ORD002944,CUST5179,JioMart,37:29.5,45,Grocery,1261,"Horrible experience, never ordering again.",1,Yes,Yes
ORD002945,CUST2685,Swiggy Instamart,03:29.5,13,Dairy,178,"Not fresh, disappointed.",2,No,Yes
ORD002947,CUST4742,JioMart,49:29.5,25,Beverages,290,"Very late delivery, not happy.",2,No,Yes
ORD002948,CUST9336,Blinkit,39:29.5,22,Personal Care,130,"Easy to order, loved it!",5,No,No
ORD002950,CUST1721,Blinkit,13:29.5,25,Grocery,1251,Wrong item delivered.,1,No,Yes
ORD002951,CUST1201,Blinkit,05:29.5,17,Dairy,755,Excellent experience!,5,No,No
ORD002952,CUST5006,Blinkit,40:29.5,39,Beverages,788,"Horrible experience, never ordering again.",1,No,Yes
ORD002954,CUST8729,Swiggy Instamart,07:29.5,42,Beverages,607,Very satisfied with the service.,5,Yes,No
ORD002955,CUST6963,JioMart,15:29.5,10,Dairy,138,"Very late delivery, not happy.",2,No,Yes
ORD002957,CUST3458,JioMart,53:29.5,14,Snacks,436,"Easy to order, loved it!",5,No,No
ORD002958,CUST3932,Blinkit,11:29.5,35,Grocery,806,"Not fresh, disappointed.",2,No,Yes
ORD002959,CUST1579,Swiggy Instamart,30:29.5,24,Fruits & Vegetables,314,Packaging could be better.,3,No,No
ORD002960,CUST7870,Swiggy Instamart,29:29.5,53,Personal Care,856,"Easy to order, loved it!",5,Yes,No
ORD002964,CUST7819,Blinkit,49:29.5,20,Snacks,149,Excellent experience!,5,No,No
ORD002965,CUST6241,JioMart,24:29.5,21,Grocery,479,"Fast delivery, great service!",5,No,No
ORD002966,CUST5444,Blinkit,52:29.5,45,Beverages,759,Excellent experience!,5,Yes,No
ORD002970,CUST9225,Swiggy Instamart,00:29.5,34,Snacks,235,Very satisfied with the service.,5,No,No
ORD002971,CUST1862,JioMart,50:29.5,26,Personal Care,191,"Fast delivery, great service!",5,No,No
ORD002973,CUST4656,Swiggy Instamart,10:29.5,17,Personal Care,619,Packaging could be better.,3,No,No
ORD002974,CUST9450,JioMart,51:29.5,20,Beverages,115,Items missing from order.,2,No,Yes
ORD002976,CUST7568,Blinkit,53:29.5,32,Beverages,379,Quick and reliable!,5,No,No
ORD002978,CUST8620,Blinkit,10:29.5,36,Dairy,207,Delivery person was rude.,2,No,Yes
ORD002979,CUST5625,Blinkit,28:29.5,25,Dairy,118,Very satisfied with the service.,5,No,No
ORD002980,CUST6090,Swiggy Instamart,09:29.5,19,Snacks,175,Items missing from order.,2,No,Yes
ORD002982,CUST2415,Swiggy Instamart,30:29.5,15,Beverages,907,Quick and reliable!,5,No,No
ORD002984,CUST1130,Swiggy Instamart,26:29.5,36,Fruits & Vegetables,236,Good quality products.,4,No,No
ORD002986,CUST4287,JioMart,07:29.5,24,Personal Care,1087,"Not fresh, disappointed.",2,No,Yes
ORD002987,CUST5777,Swiggy Instamart,21:29.5,29,Dairy,462,Items missing from order.,2,No,Yes
ORD002988,CUST5979,JioMart,11:29.5,25,Grocery,950,Packaging could be better.,3,No,No
ORD002990,CUST8600,Blinkit,13:29.5,39,Beverages,380,Good quality products.,4,No,No
ORD002991,CUST7033,Swiggy Instamart,03:29.5,37,Snacks,303,Packaging could be better.,3,No,No
ORD002992,CUST9083,Blinkit,28:29.5,33,Personal Care,406,Items missing from order.,2,No,Yes
ORD002993,CUST4201,Swiggy Instamart,43:29.5,30,Dairy,762,Delivery person was rude.,2,No,Yes
ORD002995,CUST5016,Blinkit,48:29.5,33,Dairy,151,Wrong item delivered.,1,No,Yes
ORD002996,CUST3466,JioMart,19:29.5,20,Personal Care,791,Delivery person was rude.,2,No,Yes
ORD002998,CUST7718,Blinkit,17:29.5,20,Fruits & Vegetables,608,Excellent experience!,5,No,No
ORD002999,CUST1391,Swiggy Instamart,01:29.5,23,Personal Care,671,"Horrible experience, never ordering again.",1,No,Yes
ORD003001,CUST9872,Swiggy Instamart,05:29.5,37,Snacks,139,Delivery person was rude.,2,No,Yes
ORD003002,CUST6675,Swiggy Instamart,51:29.5,19,Beverages,451,"Not fresh, disappointed.",2,No,Yes
ORD003005,CUST1023,JioMart,22:29.5,42,Fruits & Vegetables,497,Delivery person was rude.,2,Yes,Yes
ORD003006,CUST7164,Swiggy Instamart,10:29.5,33,Snacks,221,Very satisfied with the service.,5,No,No
ORD003008,CUST2703,Swiggy Instamart,52:29.5,27,Snacks,164,"Horrible experience, never ordering again.",1,No,Yes
ORD003009,CUST4361,JioMart,38:29.5,37,Grocery,944,Quick and reliable!,5,No,No
ORD003010,CUST9680,Swiggy Instamart,03:29.5,20,Grocery,897,"Not fresh, disappointed.",2,No,Yes
ORD003011,CUST4902,Blinkit,43:29.5,43,Dairy,667,Delivery person was rude.,2,Yes,Yes
ORD003013,CUST9061,Swiggy Instamart,21:29.5,35,Grocery,1308,"Fast delivery, great service!",5,No,No
ORD003015,CUST3332,Blinkit,23:29.5,42,Fruits & Vegetables,452,Quick and reliable!,5,Yes,No
ORD003016,CUST5584,JioMart,52:29.5,30,Dairy,379,Packaging could be better.,3,No,No
ORD003018,CUST1719,Swiggy Instamart,21:29.5,18,Grocery,1448,Wrong item delivered.,1,No,Yes
ORD003020,CUST9515,Blinkit,04:29.5,33,Personal Care,1372,"Easy to order, loved it!",5,No,No
ORD003021,CUST7767,Blinkit,48:29.5,54,Fruits & Vegetables,164,Very satisfied with the service.,5,Yes,No
ORD003022,CUST7102,Swiggy Instamart,53:29.5,26,Fruits & Vegetables,299,Items missing from order.,2,No,Yes
ORD003025,CUST2565,JioMart,44:29.5,28,Dairy,281,Wrong item delivered.,1,No,Yes
ORD003027,CUST3187,JioMart,57:29.5,26,Grocery,337,Wrong item delivered.,1,No,Yes
ORD003028,CUST7461,JioMart,58:29.5,28,Personal Care,1137,"Very late delivery, not happy.",2,No,Yes
ORD003029,CUST2226,Swiggy Instamart,32:29.5,39,Grocery,1107,Delivery person was rude.,2,No,Yes
ORD003032,CUST3141,JioMart,00:29.5,38,Dairy,217,"Not fresh, disappointed.",2,No,Yes
ORD003033,CUST4879,Blinkit,54:29.5,37,Snacks,489,"Easy to order, loved it!",5,No,No
ORD003034,CUST5778,Swiggy Instamart,31:29.5,39,Grocery,776,Delivery person was rude.,2,No,Yes
ORD003035,CUST5276,Swiggy Instamart,03:29.5,21,Beverages,650,Excellent experience!,5,No,No
ORD003036,CUST6161,Swiggy Instamart,41:29.5,39,Dairy,277,Items missing from order.,2,No,Yes
ORD003038,CUST6345,Blinkit,32:29.5,56,Grocery,479,Quick and reliable!,5,Yes,No
ORD003039,CUST6211,Swiggy Instamart,07:29.5,34,Snacks,359,"Fast delivery, great service!",5,No,No
ORD003040,CUST8417,Blinkit,37:29.5,40,Personal Care,654,Excellent experience!,5,No,No
ORD003041,CUST5455,Swiggy Instamart,02:29.5,34,Fruits & Vegetables,426,"Fast delivery, great service!",5,No,No
ORD003042,CUST4827,Blinkit,03:29.5,36,Fruits & Vegetables,522,Very satisfied with the service.,5,No,No
ORD003043,CUST2223,JioMart,51:29.5,40,Fruits & Vegetables,621,Quick and reliable!,5,No,No
ORD003044,CUST4321,JioMart,39:29.5,13,Snacks,402,"Fast delivery, great service!",5,No,No
ORD003046,CUST2785,Blinkit,31:29.5,33,Snacks,393,Items missing from order.,2,No,Yes
ORD003048,CUST2731,JioMart,42:29.5,14,Beverages,430,"Fast delivery, great service!",5,No,No
ORD003049,CUST3693,JioMart,32:29.5,25,Fruits & Vegetables,536,Quick and reliable!,5,No,No
ORD003052,CUST6145,Blinkit,05:29.5,32,Beverages,951,Good quality products.,4,No,No
ORD003053,CUST7660,Blinkit,58:29.5,20,Fruits & Vegetables,592,Items missing from order.,2,No,Yes
ORD003054,CUST2978,Blinkit,39:29.5,31,Dairy,754,"Horrible experience, never ordering again.",1,No,Yes
ORD003055,CUST9780,Blinkit,25:29.5,33,Beverages,862,"Very late delivery, not happy.",2,No,Yes
ORD003056,CUST6870,Swiggy Instamart,53:29.5,17,Grocery,1241,Wrong item delivered.,1,No,Yes
ORD003057,CUST4401,Blinkit,10:29.5,16,Fruits & Vegetables,327,"Horrible experience, never ordering again.",1,No,Yes
ORD003059,CUST6051,Swiggy Instamart,50:29.5,31,Beverages,532,Wrong item delivered.,1,No,Yes
ORD003060,CUST8591,Blinkit,28:29.5,19,Fruits & Vegetables,89,Quick and reliable!,5,No,No
ORD003061,CUST5341,JioMart,15:29.5,25,Dairy,333,"Horrible experience, never ordering again.",1,No,Yes
ORD003063,CUST2481,JioMart,47:29.5,20,Dairy,625,"Very late delivery, not happy.",2,No,Yes
ORD003064,CUST3582,Blinkit,31:29.5,45,Grocery,756,"Fast delivery, great service!",5,Yes,No
ORD003065,CUST5984,Blinkit,00:29.5,35,Beverages,854,"Fast delivery, great service!",5,No,No
ORD003066,CUST1660,Blinkit,26:29.5,38,Snacks,202,"Very late delivery, not happy.",2,No,Yes
ORD003068,CUST6370,Swiggy Instamart,03:29.5,36,Snacks,111,Delivery person was rude.,2,No,Yes
ORD003072,CUST6828,JioMart,12:29.5,51,Personal Care,1148,Packaging could be better.,3,Yes,No
ORD003073,CUST7492,Swiggy Instamart,52:29.5,43,Personal Care,1057,Packaging could be better.,3,Yes,No
ORD003074,CUST9412,Blinkit,41:29.5,28,Dairy,324,Very satisfied with the service.,5,No,No
ORD003075,CUST1802,Blinkit,22:29.5,22,Fruits & Vegetables,568,Excellent experience!,5,No,No
ORD003076,CUST5896,Swiggy Instamart,21:29.5,25,Dairy,447,"Easy to order, loved it!",5,No,No
ORD003078,CUST3848,Swiggy Instamart,49:29.5,30,Beverages,194,Very satisfied with the service.,5,No,No
ORD003079,CUST1509,Swiggy Instamart,18:29.5,40,Fruits & Vegetables,61,Excellent experience!,5,No,No
ORD003081,CUST8408,Blinkit,44:29.5,33,Beverages,820,"Easy to order, loved it!",5,No,No
ORD003082,CUST5093,Swiggy Instamart,17:29.5,35,Personal Care,134,Quick and reliable!,5,No,No
ORD003083,CUST2551,Blinkit,17:29.5,28,Personal Care,510,"Easy to order, loved it!",5,No,No
ORD003088,CUST1195,Swiggy Instamart,38:29.5,40,Personal Care,1920,"Horrible experience, never ordering again.",1,No,Yes
ORD003089,CUST2010,Swiggy Instamart,20:29.5,35,Personal Care,1234,Items missing from order.,2,No,Yes
ORD003090,CUST4641,Swiggy Instamart,15:29.5,37,Beverages,604,"Horrible experience, never ordering again.",1,No,Yes
ORD003092,CUST4246,Blinkit,35:29.5,32,Grocery,577,Wrong item delivered.,1,No,Yes
ORD003094,CUST7098,Swiggy Instamart,53:29.5,52,Personal Care,860,"Very late delivery, not happy.",2,Yes,Yes
ORD003095,CUST2376,JioMart,25:29.5,41,Fruits & Vegetables,405,Good quality products.,4,Yes,No
ORD003096,CUST5240,Swiggy Instamart,21:29.5,32,Beverages,687,"Very late delivery, not happy.",2,No,Yes
ORD003097,CUST2228,JioMart,20:29.5,35,Dairy,319,Good quality products.,4,No,No
ORD003098,CUST1357,Swiggy Instamart,05:29.5,37,Dairy,656,Excellent experience!,5,No,No
ORD003099,CUST2056,JioMart,19:29.5,9,Snacks,285,Excellent experience!,5,No,No
ORD003100,CUST4239,JioMart,11:29.5,18,Snacks,69,Packaging could be better.,3,No,No
ORD003101,CUST8265,JioMart,58:29.5,31,Dairy,715,Delivery person was rude.,2,No,Yes
ORD003102,CUST3110,Blinkit,14:29.5,29,Grocery,694,"Horrible experience, never ordering again.",1,No,Yes
ORD003103,CUST2506,JioMart,26:29.5,26,Snacks,481,"Easy to order, loved it!",5,No,No
ORD003106,CUST1699,JioMart,45:29.5,14,Beverages,222,Good quality products.,4,No,No
ORD003107,CUST8552,Swiggy Instamart,29:29.5,16,Fruits & Vegetables,62,"Very late delivery, not happy.",2,No,Yes
ORD003109,CUST3752,JioMart,01:29.5,35,Fruits & Vegetables,696,Very satisfied with the service.,5,No,No
ORD003110,CUST8096,Blinkit,54:29.5,27,Fruits & Vegetables,325,"Not fresh, disappointed.",2,No,Yes
ORD003111,CUST7471,JioMart,52:29.5,24,Fruits & Vegetables,492,"Easy to order, loved it!",5,No,No
ORD003113,CUST1483,Swiggy Instamart,21:29.5,36,Snacks,374,Items missing from order.,2,No,Yes
ORD003115,CUST7990,Blinkit,34:29.5,48,Grocery,1487,Quick and reliable!,5,Yes,No
ORD003116,CUST3831,Blinkit,41:29.5,31,Grocery,504,"Very late delivery, not happy.",2,No,Yes
ORD003117,CUST6799,Swiggy Instamart,14:29.5,39,Personal Care,624,"Fast delivery, great service!",5,No,No
ORD003118,CUST4517,Swiggy Instamart,54:29.5,20,Beverages,469,Quick and reliable!,5,No,No
ORD003119,CUST4066,Blinkit,50:29.5,16,Dairy,391,Wrong item delivered.,1,No,Yes
ORD003121,CUST5585,Swiggy Instamart,48:29.5,35,Fruits & Vegetables,700,Quick and reliable!,5,No,No
ORD003122,CUST8307,Blinkit,20:29.5,28,Dairy,205,Very satisfied with the service.,5,No,No
ORD003123,CUST3435,Swiggy Instamart,38:29.5,28,Dairy,523,Delivery person was rude.,2,No,Yes
ORD003124,CUST1567,JioMart,19:29.5,32,Personal Care,1304,Items missing from order.,2,No,Yes
ORD003127,CUST9173,JioMart,48:29.5,24,Personal Care,985,Good quality products.,4,No,No
ORD003128,CUST7750,Swiggy Instamart,57:29.5,15,Personal Care,1092,Very satisfied with the service.,5,No,No
ORD003130,CUST1999,JioMart,33:29.5,25,Fruits & Vegetables,73,"Fast delivery, great service!",5,No,No
ORD003131,CUST2437,Blinkit,16:29.5,42,Dairy,675,"Fast delivery, great service!",5,Yes,No
ORD003137,CUST9614,JioMart,52:29.5,23,Snacks,306,Quick and reliable!,5,No,No
ORD003142,CUST6883,Blinkit,33:29.5,25,Snacks,250,Excellent experience!,5,No,No
ORD003143,CUST8859,JioMart,33:29.5,31,Dairy,758,"Not fresh, disappointed.",2,No,Yes
ORD003144,CUST9921,Blinkit,05:29.5,28,Snacks,470,"Not fresh, disappointed.",2,No,Yes
ORD003145,CUST8940,JioMart,17:29.5,33,Grocery,742,Excellent experience!,5,No,No
ORD003146,CUST6636,JioMart,03:29.5,14,Snacks,447,Quick and reliable!,5,No,No
ORD003147,CUST9231,Swiggy Instamart,24:29.5,29,Dairy,726,"Not fresh, disappointed.",2,No,Yes
ORD003150,CUST5430,Swiggy Instamart,14:29.5,27,Personal Care,848,Very satisfied with the service.,5,No,No
ORD003151,CUST3946,Swiggy Instamart,09:29.5,29,Personal Care,747,Quick and reliable!,5,No,No
ORD003152,CUST1427,JioMart,09:29.5,33,Grocery,1392,Quick and reliable!,5,No,No
ORD003156,CUST5602,JioMart,32:29.5,29,Snacks,439,Good quality products.,4,No,No
ORD003157,CUST1959,Swiggy Instamart,39:29.5,28,Dairy,240,Very satisfied with the service.,5,No,No
ORD003158,CUST8728,JioMart,59:29.5,10,Fruits & Vegetables,73,Packaging could be better.,3,No,No
ORD003160,CUST6856,Blinkit,41:29.5,14,Grocery,961,Delivery person was rude.,2,No,Yes
ORD003161,CUST4813,Blinkit,11:29.5,5,Fruits & Vegetables,539,Excellent experience!,5,No,No
ORD003163,CUST2640,Blinkit,47:29.5,34,Personal Care,661,Very satisfied with the service.,5,No,No
ORD003164,CUST5060,JioMart,49:29.5,13,Personal Care,988,Quick and reliable!,5,No,No
ORD003165,CUST4951,Blinkit,56:29.5,15,Grocery,1341,"Not fresh, disappointed.",2,No,Yes
ORD003166,CUST5366,Swiggy Instamart,56:29.5,22,Snacks,169,"Very late delivery, not happy.",2,No,Yes
ORD003169,CUST4594,Swiggy Instamart,10:29.5,35,Personal Care,1252,"Horrible experience, never ordering again.",1,No,Yes
ORD003172,CUST3846,JioMart,40:29.5,31,Snacks,257,Quick and reliable!,5,No,No
ORD003174,CUST4875,JioMart,57:29.5,30,Beverages,170,Items missing from order.,2,No,Yes
ORD003175,CUST6210,Blinkit,05:29.5,10,Beverages,301,"Very late delivery, not happy.",2,No,Yes
ORD003176,CUST6878,JioMart,46:29.5,32,Snacks,185,"Very late delivery, not happy.",2,No,Yes
ORD003177,CUST1462,Blinkit,14:29.5,24,Grocery,1293,"Horrible experience, never ordering again.",1,No,Yes
ORD003179,CUST3328,Blinkit,43:29.5,22,Grocery,1088,"Easy to order, loved it!",5,No,No
ORD003181,CUST9064,Swiggy Instamart,08:29.5,39,Personal Care,1650,"Fast delivery, great service!",5,No,No
ORD003183,CUST6063,Swiggy Instamart,22:29.5,22,Beverages,389,"Very late delivery, not happy.",2,No,Yes
ORD003184,CUST3876,Swiggy Instamart,11:29.5,16,Dairy,186,"Easy to order, loved it!",5,No,No
ORD003185,CUST9035,Swiggy Instamart,52:29.5,27,Beverages,211,"Very late delivery, not happy.",2,No,Yes
ORD003186,CUST1621,JioMart,13:29.5,31,Dairy,291,"Very late delivery, not happy.",2,No,Yes
ORD003187,CUST2478,JioMart,02:29.5,35,Fruits & Vegetables,248,"Fast delivery, great service!",5,No,No
ORD003190,CUST4584,Blinkit,49:29.5,32,Snacks,121,Excellent experience!,5,No,No
ORD003191,CUST1326,Blinkit,32:29.5,28,Beverages,928,Wrong item delivered.,1,No,Yes
ORD003193,CUST8831,Blinkit,52:29.5,31,Personal Care,634,Quick and reliable!,5,No,No
ORD003196,CUST4300,Swiggy Instamart,24:29.5,31,Snacks,360,"Horrible experience, never ordering again.",1,No,Yes
ORD003197,CUST3137,Swiggy Instamart,43:29.5,19,Snacks,173,Delivery person was rude.,2,No,Yes
ORD003199,CUST3907,Blinkit,22:29.5,18,Grocery,1310,"Fast delivery, great service!",5,No,No
ORD003201,CUST1975,Blinkit,18:29.5,23,Fruits & Vegetables,342,"Very late delivery, not happy.",2,No,Yes
ORD003203,CUST3420,Blinkit,28:29.5,21,Personal Care,1699,Delivery person was rude.,2,No,Yes
ORD003204,CUST3320,Swiggy Instamart,49:29.5,26,Snacks,240,"Very late delivery, not happy.",2,No,Yes
ORD003205,CUST2817,Swiggy Instamart,04:29.5,15,Grocery,1419,Very satisfied with the service.,5,No,No
ORD003206,CUST9622,Swiggy Instamart,43:29.5,27,Fruits & Vegetables,603,Good quality products.,4,No,No
ORD003207,CUST6978,JioMart,14:29.5,19,Grocery,858,"Easy to order, loved it!",5,No,No
ORD003209,CUST7120,JioMart,44:29.5,26,Beverages,885,Good quality products.,4,No,No
ORD003211,CUST2655,JioMart,08:29.5,41,Personal Care,1159,"Very late delivery, not happy.",2,Yes,Yes
ORD003214,CUST6285,Swiggy Instamart,05:29.5,31,Fruits & Vegetables,416,Wrong item delivered.,1,No,Yes
ORD003215,CUST3235,Swiggy Instamart,33:29.5,31,Personal Care,282,Excellent experience!,5,No,No
ORD003217,CUST8157,Swiggy Instamart,38:29.5,37,Beverages,250,"Fast delivery, great service!",5,No,No
ORD003218,CUST8982,Swiggy Instamart,43:29.5,23,Snacks,424,Excellent experience!,5,No,No
ORD003221,CUST6846,Swiggy Instamart,17:29.5,38,Personal Care,779,"Horrible experience, never ordering again.",1,No,Yes
ORD003223,CUST3872,Blinkit,10:29.5,21,Beverages,150,Items missing from order.,2,No,Yes
ORD003224,CUST7199,JioMart,16:29.5,46,Grocery,1094,Quick and reliable!,5,Yes,No
ORD003226,CUST5825,Blinkit,54:29.5,45,Fruits & Vegetables,459,"Horrible experience, never ordering again.",1,Yes,Yes
ORD003228,CUST3911,JioMart,01:29.5,31,Fruits & Vegetables,661,Wrong item delivered.,1,No,Yes
ORD003229,CUST1029,Swiggy Instamart,56:29.5,34,Fruits & Vegetables,71,Very satisfied with the service.,5,No,No
ORD003230,CUST7415,Swiggy Instamart,05:29.5,24,Beverages,166,"Very late delivery, not happy.",2,No,Yes
ORD003232,CUST3983,Blinkit,29:29.5,30,Grocery,1301,Excellent experience!,5,No,No
ORD003234,CUST4619,Swiggy Instamart,30:29.5,14,Personal Care,1674,"Very late delivery, not happy.",2,No,Yes
ORD003235,CUST2705,Blinkit,03:29.5,11,Snacks,447,Excellent experience!,5,No,No
ORD003237,CUST3304,JioMart,40:29.5,6,Dairy,122,Quick and reliable!,5,No,No
ORD003239,CUST2274,JioMart,39:29.5,37,Beverages,465,Wrong item delivered.,1,No,Yes
ORD003241,CUST6682,JioMart,57:29.5,16,Dairy,548,"Not fresh, disappointed.",2,No,Yes
ORD003242,CUST6234,Blinkit,31:29.5,33,Grocery,1307,"Easy to order, loved it!",5,No,No
ORD003243,CUST3750,Blinkit,06:29.5,5,Personal Care,1645,Good quality products.,4,No,No
ORD003244,CUST2453,Swiggy Instamart,22:29.5,29,Dairy,716,"Horrible experience, never ordering again.",1,No,Yes
ORD003245,CUST6500,Swiggy Instamart,18:29.5,25,Dairy,155,Quick and reliable!,5,No,No
ORD003246,CUST8317,JioMart,32:29.5,44,Grocery,849,"Fast delivery, great service!",5,Yes,No
ORD003247,CUST1186,JioMart,13:29.5,45,Personal Care,273,Excellent experience!,5,Yes,No
ORD003249,CUST4435,Swiggy Instamart,21:29.5,22,Fruits & Vegetables,557,Delivery person was rude.,2,No,Yes
ORD003251,CUST2110,Blinkit,26:29.5,38,Dairy,457,"Very late delivery, not happy.",2,No,Yes
ORD003252,CUST6742,JioMart,47:29.5,36,Grocery,1142,Good quality products.,4,No,No
ORD003253,CUST5205,JioMart,21:29.5,6,Fruits & Vegetables,383,Delivery person was rude.,2,No,Yes
ORD003254,CUST2770,JioMart,28:29.5,15,Grocery,774,"Easy to order, loved it!",5,No,No
ORD003255,CUST1020,JioMart,47:29.5,37,Personal Care,1420,Delivery person was rude.,2,No,Yes
ORD003256,CUST1788,Swiggy Instamart,25:29.5,17,Grocery,230,Wrong item delivered.,1,No,Yes
ORD003257,CUST7323,Blinkit,01:29.5,33,Grocery,1017,Items missing from order.,2,No,Yes
ORD003259,CUST7875,Swiggy Instamart,09:29.5,35,Personal Care,692,Items missing from order.,2,No,Yes
ORD003261,CUST7783,JioMart,23:29.5,25,Fruits & Vegetables,68,Good quality products.,4,No,No
ORD003262,CUST9078,Blinkit,42:29.5,16,Dairy,108,"Fast delivery, great service!",5,No,No
ORD003263,CUST7204,JioMart,03:29.5,47,Personal Care,735,"Fast delivery, great service!",5,Yes,No
ORD003264,CUST6754,Blinkit,45:29.5,10,Dairy,471,"Not fresh, disappointed.",2,No,Yes
ORD003265,CUST9946,Blinkit,38:29.5,31,Dairy,628,Good quality products.,4,No,No
ORD003267,CUST2661,Swiggy Instamart,38:29.5,43,Grocery,749,"Horrible experience, never ordering again.",1,Yes,Yes
ORD003268,CUST8855,Swiggy Instamart,09:29.5,30,Snacks,227,Items missing from order.,2,No,Yes
ORD003269,CUST4695,Blinkit,06:29.5,21,Beverages,292,Packaging could be better.,3,No,No
ORD003271,CUST8393,Blinkit,20:29.5,38,Beverages,825,"Not fresh, disappointed.",2,No,Yes
ORD003272,CUST2207,JioMart,58:29.5,40,Beverages,736,Delivery person was rude.,2,No,Yes
ORD003273,CUST1547,Blinkit,21:29.5,36,Beverages,244,"Very late delivery, not happy.",2,No,Yes
ORD003275,CUST1328,Swiggy Instamart,29:29.5,20,Personal Care,1337,Wrong item delivered.,1,No,Yes
ORD003277,CUST5278,Blinkit,12:29.5,34,Beverages,240,"Very late delivery, not happy.",2,No,Yes
ORD003278,CUST2715,Swiggy Instamart,04:29.5,40,Dairy,672,Quick and reliable!,5,No,No
ORD003280,CUST6600,JioMart,21:29.5,12,Dairy,238,Very satisfied with the service.,5,No,No
ORD003281,CUST3787,JioMart,23:29.5,27,Fruits & Vegetables,390,Wrong item delivered.,1,No,Yes
ORD003282,CUST7151,JioMart,27:29.5,32,Grocery,1382,Excellent experience!,5,No,No
ORD003283,CUST3636,JioMart,59:29.5,31,Snacks,443,Quick and reliable!,5,No,No
ORD003285,CUST9962,Swiggy Instamart,42:29.5,24,Grocery,1190,Delivery person was rude.,2,No,Yes
ORD003287,CUST6536,Swiggy Instamart,28:29.5,45,Dairy,285,"Horrible experience, never ordering again.",1,Yes,Yes
ORD003289,CUST1507,Swiggy Instamart,17:29.5,24,Fruits & Vegetables,51,Items missing from order.,2,No,Yes
ORD003291,CUST3703,JioMart,06:29.5,23,Snacks,213,"Not fresh, disappointed.",2,No,Yes
ORD003292,CUST8113,Swiggy Instamart,39:29.5,31,Grocery,253,Quick and reliable!,5,No,No
ORD003294,CUST1877,Swiggy Instamart,33:29.5,26,Beverages,599,Excellent experience!,5,No,No
ORD003295,CUST2659,JioMart,54:29.5,28,Grocery,973,Excellent experience!,5,No,No
ORD003296,CUST6424,Blinkit,01:29.5,46,Dairy,690,Good quality products.,4,Yes,No
ORD003297,CUST4367,Blinkit,37:29.5,18,Grocery,1396,"Easy to order, loved it!",5,No,No
ORD003298,CUST4112,Swiggy Instamart,04:29.5,13,Fruits & Vegetables,53,Packaging could be better.,3,No,No
ORD003299,CUST7705,Swiggy Instamart,54:29.5,5,Dairy,381,"Not fresh, disappointed.",2,No,Yes
ORD003301,CUST5346,JioMart,42:29.5,16,Beverages,563,Excellent experience!,5,No,No
ORD003302,CUST5612,Swiggy Instamart,31:29.5,26,Dairy,514,Wrong item delivered.,1,No,Yes
ORD003303,CUST5872,Blinkit,03:29.5,38,Personal Care,1477,Packaging could be better.,3,No,No
ORD003305,CUST2571,Swiggy Instamart,41:29.5,30,Dairy,204,Packaging could be better.,3,No,No
ORD003306,CUST1813,JioMart,12:29.5,19,Grocery,574,Excellent experience!,5,No,No
ORD003308,CUST9043,Swiggy Instamart,21:29.5,19,Snacks,407,Quick and reliable!,5,No,No
ORD003309,CUST3516,JioMart,54:29.5,29,Beverages,968,Items missing from order.,2,No,Yes
ORD003311,CUST6911,Blinkit,28:29.5,21,Personal Care,826,Packaging could be better.,3,No,No
ORD003312,CUST1062,JioMart,49:29.5,52,Personal Care,880,Quick and reliable!,5,Yes,No
ORD003313,CUST8005,Swiggy Instamart,18:29.5,40,Fruits & Vegetables,642,"Not fresh, disappointed.",2,No,Yes
ORD003314,CUST2435,JioMart,15:29.5,23,Beverages,382,Items missing from order.,2,No,Yes
ORD003316,CUST8869,JioMart,26:29.5,37,Snacks,340,"Easy to order, loved it!",5,No,No
ORD003318,CUST2589,Blinkit,47:29.5,42,Snacks,435,Delivery person was rude.,2,Yes,Yes
ORD003319,CUST1421,JioMart,02:29.5,14,Grocery,1423,Good quality products.,4,No,No
ORD003321,CUST3798,Swiggy Instamart,27:29.5,21,Dairy,616,"Very late delivery, not happy.",2,No,Yes
ORD003323,CUST2342,Blinkit,39:29.5,31,Fruits & Vegetables,275,Items missing from order.,2,No,Yes
ORD003325,CUST2892,Blinkit,41:29.5,34,Beverages,248,Wrong item delivered.,1,No,Yes
ORD003326,CUST6052,Swiggy Instamart,03:29.5,32,Dairy,140,"Horrible experience, never ordering again.",1,No,Yes
ORD003328,CUST8715,Blinkit,23:29.5,28,Dairy,162,Wrong item delivered.,1,No,Yes
ORD003329,CUST9013,Blinkit,35:29.5,28,Grocery,405,Delivery person was rude.,2,No,Yes
ORD003331,CUST2493,JioMart,13:29.5,51,Grocery,241,Quick and reliable!,5,Yes,No
ORD003333,CUST7349,JioMart,12:29.5,46,Grocery,1211,Wrong item delivered.,1,Yes,Yes
ORD003334,CUST4029,Blinkit,46:29.5,10,Personal Care,1546,"Easy to order, loved it!",5,No,No
ORD003336,CUST7249,Swiggy Instamart,15:29.5,27,Snacks,487,Items missing from order.,2,No,Yes
ORD003337,CUST7052,Swiggy Instamart,16:29.5,45,Fruits & Vegetables,240,Delivery person was rude.,2,Yes,Yes
ORD003338,CUST4056,Blinkit,55:29.5,8,Grocery,888,Good quality products.,4,No,No
ORD003340,CUST1731,Swiggy Instamart,31:29.5,35,Grocery,271,Delivery person was rude.,2,No,Yes
ORD003341,CUST5313,Blinkit,26:29.5,35,Personal Care,141,"Very late delivery, not happy.",2,No,Yes
ORD003345,CUST4706,Blinkit,19:29.5,23,Dairy,286,"Fast delivery, great service!",5,No,No
ORD003346,CUST5400,JioMart,10:29.5,38,Grocery,521,"Very late delivery, not happy.",2,No,Yes
ORD003347,CUST2009,JioMart,02:29.5,30,Personal Care,861,Good quality products.,4,No,No
ORD003348,CUST3476,JioMart,58:29.5,22,Beverages,389,Packaging could be better.,3,No,No
ORD003352,CUST9871,Swiggy Instamart,11:29.5,13,Snacks,252,Excellent experience!,5,No,No
ORD003353,CUST7782,JioMart,30:29.5,24,Fruits & Vegetables,147,Delivery person was rude.,2,No,Yes
ORD003356,CUST7342,Swiggy Instamart,34:29.5,26,Snacks,471,Items missing from order.,2,No,Yes
ORD003358,CUST7858,JioMart,32:29.5,14,Fruits & Vegetables,54,"Not fresh, disappointed.",2,No,Yes
ORD003359,CUST9773,Blinkit,36:29.5,17,Dairy,575,Quick and reliable!,5,No,No
ORD003360,CUST8779,Blinkit,45:29.5,24,Fruits & Vegetables,368,"Very late delivery, not happy.",2,No,Yes
ORD003361,CUST4860,Blinkit,21:29.5,33,Grocery,210,"Not fresh, disappointed.",2,No,Yes
ORD003362,CUST8803,JioMart,51:29.5,26,Grocery,689,"Very late delivery, not happy.",2,No,Yes
ORD003365,CUST7468,Blinkit,24:29.5,34,Dairy,325,"Horrible experience, never ordering again.",1,No,Yes
ORD003366,CUST1568,Blinkit,33:29.5,57,Dairy,562,Packaging could be better.,3,Yes,No
ORD003367,CUST9226,Blinkit,41:29.5,19,Beverages,687,Excellent experience!,5,No,No
ORD003368,CUST9467,Blinkit,43:29.5,35,Fruits & Vegetables,141,"Fast delivery, great service!",5,No,No
ORD003369,CUST3415,JioMart,56:29.5,45,Dairy,792,Wrong item delivered.,1,Yes,Yes
ORD003370,CUST2970,Blinkit,31:29.5,31,Beverages,182,Good quality products.,4,No,No
ORD003372,CUST3832,Blinkit,27:29.5,29,Grocery,940,Excellent experience!,5,No,No
ORD003373,CUST3738,Blinkit,05:29.5,47,Grocery,1337,Good quality products.,4,Yes,No
ORD003374,CUST4471,JioMart,07:29.5,37,Beverages,515,"Horrible experience, never ordering again.",1,No,Yes
ORD003375,CUST4157,JioMart,43:29.5,41,Beverages,362,Packaging could be better.,3,Yes,No
ORD003378,CUST7936,JioMart,37:29.5,29,Beverages,630,Excellent experience!,5,No,No
ORD003379,CUST2283,JioMart,27:29.5,37,Grocery,1033,Packaging could be better.,3,No,No
ORD003380,CUST8133,Blinkit,08:29.5,25,Grocery,289,Good quality products.,4,No,No
ORD003381,CUST4308,JioMart,03:29.5,41,Personal Care,786,"Fast delivery, great service!",5,Yes,No
ORD003382,CUST3422,Swiggy Instamart,40:29.5,35,Dairy,464,"Very late delivery, not happy.",2,No,Yes
ORD003383,CUST5225,Blinkit,52:29.5,25,Fruits & Vegetables,262,Delivery person was rude.,2,No,Yes
ORD003385,CUST2097,Blinkit,27:29.5,26,Fruits & Vegetables,256,"Very late delivery, not happy.",2,No,Yes
ORD003387,CUST7358,Swiggy Instamart,29:29.5,27,Grocery,1272,Quick and reliable!,5,No,No
ORD003388,CUST7510,Blinkit,49:29.5,27,Beverages,209,"Easy to order, loved it!",5,No,No
ORD003389,CUST6343,Blinkit,45:29.5,18,Snacks,467,"Very late delivery, not happy.",2,No,Yes
ORD003390,CUST5525,JioMart,21:29.5,34,Snacks,500,"Very late delivery, not happy.",2,No,Yes
ORD003391,CUST9514,JioMart,33:29.5,34,Personal Care,108,Packaging could be better.,3,No,No
ORD003392,CUST8506,JioMart,57:29.5,29,Snacks,375,Packaging could be better.,3,No,No
ORD003395,CUST7874,JioMart,58:29.5,15,Snacks,106,Items missing from order.,2,No,Yes
ORD003396,CUST2843,Swiggy Instamart,14:29.5,23,Beverages,134,"Horrible experience, never ordering again.",1,No,Yes
ORD003398,CUST3451,Swiggy Instamart,58:29.5,26,Fruits & Vegetables,226,Wrong item delivered.,1,No,Yes
ORD003399,CUST3428,JioMart,06:29.5,31,Snacks,368,Packaging could be better.,3,No,No
ORD003401,CUST2730,Blinkit,26:29.5,14,Snacks,428,"Not fresh, disappointed.",2,No,Yes
ORD003405,CUST6633,Swiggy Instamart,29:29.5,23,Dairy,398,Quick and reliable!,5,No,No
ORD003406,CUST7732,Swiggy Instamart,33:29.5,32,Grocery,808,Excellent experience!,5,No,No
ORD003407,CUST5327,Blinkit,46:29.5,46,Snacks,383,"Horrible experience, never ordering again.",1,Yes,Yes
ORD003409,CUST8955,Blinkit,37:29.5,33,Beverages,265,"Fast delivery, great service!",5,No,No
ORD003410,CUST8750,Blinkit,19:29.5,33,Beverages,557,Very satisfied with the service.,5,No,No
ORD003412,CUST3821,Swiggy Instamart,37:29.5,30,Fruits & Vegetables,653,Packaging could be better.,3,No,No
ORD003413,CUST5512,JioMart,41:29.5,64,Grocery,697,Very satisfied with the service.,5,Yes,No
ORD003414,CUST7602,JioMart,38:29.5,41,Beverages,714,"Very late delivery, not happy.",2,Yes,Yes
ORD003415,CUST3356,Swiggy Instamart,55:29.5,36,Snacks,443,Good quality products.,4,No,No
ORD003416,CUST7581,Blinkit,41:29.5,33,Personal Care,1138,Good quality products.,4,No,No
ORD003417,CUST1635,Blinkit,07:29.5,35,Snacks,237,"Fast delivery, great service!",5,No,No
ORD003419,CUST6431,Blinkit,19:29.5,31,Dairy,638,Very satisfied with the service.,5,No,No
ORD003420,CUST4892,Blinkit,43:29.5,14,Personal Care,233,Quick and reliable!,5,No,No
ORD003421,CUST1807,JioMart,06:29.5,35,Personal Care,1084,"Very late delivery, not happy.",2,No,Yes
ORD003422,CUST8785,Swiggy Instamart,26:29.5,35,Dairy,142,Very satisfied with the service.,5,No,No
ORD003425,CUST1331,Blinkit,42:29.5,37,Dairy,637,"Fast delivery, great service!",5,No,No
ORD003426,CUST6535,Blinkit,21:29.5,34,Dairy,478,Delivery person was rude.,2,No,Yes
ORD003427,CUST5965,Blinkit,52:29.5,30,Dairy,326,Excellent experience!,5,No,No
ORD003428,CUST6094,Swiggy Instamart,49:29.5,33,Dairy,472,Packaging could be better.,3,No,No
ORD003430,CUST9054,Swiggy Instamart,35:29.5,44,Snacks,93,"Not fresh, disappointed.",2,Yes,Yes
ORD003431,CUST2609,Blinkit,58:29.5,20,Beverages,956,Packaging could be better.,3,No,No
ORD003432,CUST4734,Swiggy Instamart,48:29.5,26,Personal Care,177,Excellent experience!,5,No,No
ORD003433,CUST3201,JioMart,03:29.5,39,Grocery,1323,Delivery person was rude.,2,No,Yes
ORD003436,CUST6257,JioMart,36:29.5,30,Snacks,424,Delivery person was rude.,2,No,Yes
ORD003437,CUST5414,Blinkit,02:29.5,37,Beverages,237,"Fast delivery, great service!",5,No,No
ORD003438,CUST7828,Blinkit,49:29.5,49,Grocery,234,Delivery person was rude.,2,Yes,Yes
ORD003439,CUST2462,Blinkit,52:29.5,53,Fruits & Vegetables,136,"Not fresh, disappointed.",2,Yes,Yes
ORD003440,CUST4079,Swiggy Instamart,37:29.5,11,Beverages,224,Very satisfied with the service.,5,No,No
ORD003443,CUST7671,Swiggy Instamart,44:29.5,41,Fruits & Vegetables,205,"Very late delivery, not happy.",2,Yes,Yes
ORD003444,CUST8937,Swiggy Instamart,33:29.5,16,Snacks,280,"Easy to order, loved it!",5,No,No
ORD003445,CUST9462,Blinkit,25:29.5,23,Snacks,59,Very satisfied with the service.,5,No,No
ORD003450,CUST2075,Blinkit,54:29.5,12,Dairy,593,Excellent experience!,5,No,No
ORD003451,CUST6097,Blinkit,25:29.5,23,Personal Care,594,Items missing from order.,2,No,Yes
ORD003452,CUST9303,JioMart,19:29.5,36,Grocery,456,Very satisfied with the service.,5,No,No
ORD003453,CUST7609,JioMart,29:29.5,44,Fruits & Vegetables,179,Wrong item delivered.,1,Yes,Yes
ORD003458,CUST4158,Blinkit,00:29.5,31,Fruits & Vegetables,595,"Very late delivery, not happy.",2,No,Yes
ORD003459,CUST4288,JioMart,23:29.5,26,Personal Care,1841,Delivery person was rude.,2,No,Yes
ORD003461,CUST5087,JioMart,00:29.5,9,Personal Care,1796,"Fast delivery, great service!",5,No,No
ORD003462,CUST1541,JioMart,34:29.5,25,Beverages,431,Packaging could be better.,3,No,No
ORD003465,CUST6904,Swiggy Instamart,29:29.5,46,Snacks,59,"Horrible experience, never ordering again.",1,Yes,Yes
ORD003467,CUST5488,Blinkit,26:29.5,31,Beverages,890,Wrong item delivered.,1,No,Yes
ORD003469,CUST8605,Blinkit,55:29.5,27,Grocery,933,"Fast delivery, great service!",5,No,No
ORD003470,CUST9275,Blinkit,37:29.5,17,Beverages,647,Very satisfied with the service.,5,No,No
ORD003471,CUST7503,Blinkit,05:29.5,5,Snacks,265,"Very late delivery, not happy.",2,No,Yes
ORD003472,CUST3029,Blinkit,20:29.5,26,Dairy,775,"Fast delivery, great service!",5,No,No
ORD003473,CUST1500,Blinkit,32:29.5,24,Dairy,275,Good quality products.,4,No,No
ORD003477,CUST8308,Swiggy Instamart,11:29.5,16,Fruits & Vegetables,162,Quick and reliable!,5,No,No
ORD003478,CUST3909,Blinkit,00:29.5,20,Beverages,818,Items missing from order.,2,No,Yes
ORD003480,CUST6730,JioMart,54:29.5,37,Snacks,500,Items missing from order.,2,No,Yes
ORD003481,CUST6640,Swiggy Instamart,33:29.5,26,Grocery,1262,Very satisfied with the service.,5,No,No
ORD003482,CUST3679,JioMart,09:29.5,35,Personal Care,899,"Fast delivery, great service!",5,No,No
ORD003483,CUST5237,Swiggy Instamart,58:29.5,15,Grocery,769,Packaging could be better.,3,No,No
ORD003486,CUST1449,JioMart,07:29.5,45,Beverages,421,Delivery person was rude.,2,Yes,Yes
ORD003489,CUST3669,Swiggy Instamart,33:29.5,20,Fruits & Vegetables,637,"Horrible experience, never ordering again.",1,No,Yes
ORD003490,CUST4511,Swiggy Instamart,21:29.5,6,Personal Care,272,"Very late delivery, not happy.",2,No,Yes
ORD003492,CUST4688,Swiggy Instamart,40:29.5,51,Grocery,927,"Horrible experience, never ordering again.",1,Yes,Yes
ORD003493,CUST4387,Blinkit,00:29.5,11,Fruits & Vegetables,435,Packaging could be better.,3,No,No
ORD003494,CUST5408,JioMart,16:29.5,20,Dairy,499,"Easy to order, loved it!",5,No,No
ORD003495,CUST7709,Swiggy Instamart,11:29.5,31,Snacks,302,Quick and reliable!,5,No,No
ORD003498,CUST1145,JioMart,48:29.5,34,Beverages,783,Quick and reliable!,5,No,No
ORD003499,CUST8767,Blinkit,13:29.5,22,Snacks,318,Packaging could be better.,3,No,No
ORD003503,CUST4666,JioMart,43:29.5,17,Grocery,438,Good quality products.,4,No,No
ORD003505,CUST6004,JioMart,28:29.5,44,Grocery,1220,Wrong item delivered.,1,Yes,Yes
ORD003506,CUST5511,Swiggy Instamart,02:29.5,22,Personal Care,688,Good quality products.,4,No,No
ORD003507,CUST7943,JioMart,33:29.5,37,Beverages,736,Very satisfied with the service.,5,No,No
ORD003508,CUST7168,Blinkit,40:29.5,14,Beverages,639,"Not fresh, disappointed.",2,No,Yes
ORD003509,CUST6713,Blinkit,00:29.5,28,Fruits & Vegetables,604,"Not fresh, disappointed.",2,No,Yes
ORD003512,CUST4575,JioMart,14:29.5,31,Dairy,396,"Horrible experience, never ordering again.",1,No,Yes
ORD003513,CUST8646,JioMart,52:29.5,41,Snacks,91,Delivery person was rude.,2,Yes,Yes
ORD003514,CUST5950,Blinkit,18:29.5,22,Grocery,1086,Delivery person was rude.,2,No,Yes
ORD003515,CUST9530,Swiggy Instamart,24:29.5,30,Snacks,248,"Fast delivery, great service!",5,No,No
ORD003516,CUST7506,Swiggy Instamart,23:29.5,30,Grocery,736,Good quality products.,4,No,No
ORD003517,CUST2676,Swiggy Instamart,34:29.5,34,Fruits & Vegetables,499,Very satisfied with the service.,5,No,No
ORD003518,CUST1120,JioMart,23:29.5,36,Dairy,546,Very satisfied with the service.,5,No,No
ORD003519,CUST9380,Swiggy Instamart,48:29.5,17,Dairy,586,Packaging could be better.,3,No,No
ORD003520,CUST7131,Blinkit,35:29.5,36,Personal Care,232,Delivery person was rude.,2,No,Yes
ORD003521,CUST5631,Blinkit,03:29.5,17,Beverages,795,Quick and reliable!,5,No,No
ORD003524,CUST8892,Swiggy Instamart,54:29.5,24,Beverages,122,Quick and reliable!,5,No,No
ORD003525,CUST2045,JioMart,59:29.5,20,Snacks,234,Delivery person was rude.,2,No,Yes
ORD003526,CUST6509,Blinkit,12:29.5,46,Dairy,170,"Horrible experience, never ordering again.",1,Yes,Yes
ORD003527,CUST5529,Swiggy Instamart,04:29.5,29,Dairy,210,"Very late delivery, not happy.",2,No,Yes
ORD003529,CUST5536,Swiggy Instamart,23:29.5,20,Personal Care,1200,"Fast delivery, great service!",5,No,No
ORD003531,CUST5895,Swiggy Instamart,43:29.5,42,Beverages,538,Good quality products.,4,Yes,No
ORD003532,CUST4086,Swiggy Instamart,55:29.5,19,Snacks,376,Items missing from order.,2,No,Yes
ORD003533,CUST3456,Blinkit,39:29.5,6,Dairy,613,"Very late delivery, not happy.",2,No,Yes
ORD003534,CUST9475,Blinkit,45:29.5,29,Grocery,1313,Delivery person was rude.,2,No,Yes
ORD003536,CUST1930,JioMart,10:29.5,35,Personal Care,1023,Packaging could be better.,3,No,No
ORD003537,CUST7620,JioMart,30:29.5,5,Snacks,394,Delivery person was rude.,2,No,Yes
ORD003540,CUST1417,Blinkit,12:29.5,34,Beverages,430,Excellent experience!,5,No,No
ORD003543,CUST5250,Blinkit,53:29.5,31,Fruits & Vegetables,319,"Fast delivery, great service!",5,No,No
ORD003544,CUST7857,Blinkit,10:29.5,41,Personal Care,610,Wrong item delivered.,1,Yes,Yes
ORD003545,CUST7628,Swiggy Instamart,53:29.5,33,Snacks,98,"Horrible experience, never ordering again.",1,No,Yes
ORD003546,CUST7361,Blinkit,43:29.5,36,Grocery,1092,Quick and reliable!,5,No,No
ORD003547,CUST1578,JioMart,26:29.5,17,Fruits & Vegetables,192,Quick and reliable!,5,No,No
ORD003549,CUST6622,Blinkit,46:29.5,43,Dairy,301,Quick and reliable!,5,Yes,No
ORD003550,CUST4643,JioMart,31:29.5,25,Personal Care,1739,Items missing from order.,2,No,Yes
ORD003551,CUST9759,Blinkit,42:29.5,37,Snacks,193,Quick and reliable!,5,No,No
ORD003552,CUST8794,Swiggy Instamart,45:29.5,20,Dairy,782,Quick and reliable!,5,No,No
ORD003555,CUST5918,JioMart,02:29.5,29,Dairy,165,Quick and reliable!,5,No,No
ORD003557,CUST3967,JioMart,06:29.5,41,Grocery,1013,"Not fresh, disappointed.",2,Yes,Yes
ORD003560,CUST8713,Blinkit,13:29.5,17,Beverages,349,"Horrible experience, never ordering again.",1,No,Yes
ORD003561,CUST3096,Blinkit,08:29.5,39,Beverages,456,"Easy to order, loved it!",5,No,No
ORD003564,CUST6499,Swiggy Instamart,24:29.5,45,Snacks,487,"Horrible experience, never ordering again.",1,Yes,Yes
ORD003568,CUST4659,JioMart,10:29.5,36,Grocery,312,Good quality products.,4,No,No
ORD003569,CUST6031,Blinkit,39:29.5,40,Personal Care,256,Packaging could be better.,3,No,No
ORD003570,CUST7889,JioMart,52:29.5,23,Fruits & Vegetables,642,Items missing from order.,2,No,Yes
ORD003571,CUST6428,JioMart,36:29.5,22,Fruits & Vegetables,51,"Not fresh, disappointed.",2,No,Yes
ORD003572,CUST7089,JioMart,51:29.5,12,Grocery,770,"Very late delivery, not happy.",2,No,Yes
ORD003573,CUST5269,Swiggy Instamart,59:29.5,17,Dairy,514,"Very late delivery, not happy.",2,No,Yes
ORD003574,CUST5817,JioMart,45:29.5,36,Beverages,223,Delivery person was rude.,2,No,Yes
ORD003575,CUST8598,Blinkit,09:29.5,34,Grocery,580,"Very late delivery, not happy.",2,No,Yes
ORD003577,CUST8709,Blinkit,15:29.5,32,Personal Care,1677,"Easy to order, loved it!",5,No,No
ORD003581,CUST4187,JioMart,30:29.5,38,Grocery,1302,Very satisfied with the service.,5,No,No
ORD003583,CUST2963,Blinkit,49:29.5,32,Grocery,1384,Excellent experience!,5,No,No
ORD003584,CUST7253,Blinkit,50:29.5,20,Grocery,1210,"Very late delivery, not happy.",2,No,Yes
ORD003587,CUST7768,Blinkit,03:29.5,26,Beverages,891,Packaging could be better.,3,No,No
ORD003588,CUST1885,Swiggy Instamart,05:29.5,13,Fruits & Vegetables,222,Delivery person was rude.,2,No,Yes
ORD003589,CUST3470,Swiggy Instamart,14:29.5,26,Beverages,161,Wrong item delivered.,1,No,Yes
ORD003590,CUST3250,JioMart,58:29.5,23,Snacks,436,Quick and reliable!,5,No,No
ORD003591,CUST4281,JioMart,40:29.5,29,Snacks,254,Items missing from order.,2,No,Yes
ORD003592,CUST6614,JioMart,04:29.5,22,Snacks,389,Excellent experience!,5,No,No
ORD003593,CUST7704,JioMart,36:29.5,37,Grocery,351,"Not fresh, disappointed.",2,No,Yes
ORD003595,CUST3346,Swiggy Instamart,09:29.5,14,Snacks,336,Delivery person was rude.,2,No,Yes
ORD003597,CUST3954,Blinkit,02:29.5,32,Fruits & Vegetables,50,Delivery person was rude.,2,No,Yes
ORD003598,CUST2324,Blinkit,19:29.5,25,Dairy,295,Items missing from order.,2,No,Yes
ORD003600,CUST6449,Blinkit,09:29.5,30,Fruits & Vegetables,473,Wrong item delivered.,1,No,Yes
ORD003601,CUST3897,Swiggy Instamart,03:29.5,34,Grocery,399,Quick and reliable!,5,No,No
ORD003603,CUST1950,Blinkit,34:29.5,31,Grocery,1499,"Very late delivery, not happy.",2,No,Yes
ORD003604,CUST1077,JioMart,36:29.5,39,Beverages,163,Delivery person was rude.,2,No,Yes
ORD003606,CUST5481,Blinkit,23:29.5,42,Grocery,1332,Packaging could be better.,3,Yes,No
ORD003607,CUST4430,Swiggy Instamart,29:29.5,41,Grocery,245,Packaging could be better.,3,Yes,No
ORD003609,CUST3595,Swiggy Instamart,20:29.5,35,Beverages,174,"Easy to order, loved it!",5,No,No
ORD003610,CUST9021,JioMart,39:29.5,14,Snacks,161,Delivery person was rude.,2,No,Yes
ORD003612,CUST3120,JioMart,17:29.5,43,Snacks,144,"Not fresh, disappointed.",2,Yes,Yes
ORD003613,CUST8105,Blinkit,14:29.5,19,Fruits & Vegetables,234,"Very late delivery, not happy.",2,No,Yes
ORD003616,CUST8029,Swiggy Instamart,42:29.5,26,Personal Care,576,Wrong item delivered.,1,No,Yes
ORD003617,CUST8821,Swiggy Instamart,14:29.5,31,Dairy,673,Good quality products.,4,No,No
ORD003618,CUST7280,JioMart,21:29.5,54,Fruits & Vegetables,122,Delivery person was rude.,2,Yes,Yes
ORD003619,CUST1076,JioMart,55:29.5,25,Grocery,429,Packaging could be better.,3,No,No
ORD003621,CUST9745,JioMart,26:29.5,23,Grocery,1055,Excellent experience!,5,No,No
ORD003628,CUST1293,Swiggy Instamart,49:29.5,26,Personal Care,1244,"Fast delivery, great service!",5,No,No
ORD003629,CUST1067,Swiggy Instamart,39:29.5,17,Dairy,578,Good quality products.,4,No,No
ORD003630,CUST5076,Blinkit,55:29.5,32,Snacks,62,"Fast delivery, great service!",5,No,No
ORD003631,CUST4707,Swiggy Instamart,05:29.5,53,Fruits & Vegetables,274,Items missing from order.,2,Yes,Yes
ORD003632,CUST6641,Blinkit,15:29.5,26,Dairy,313,"Fast delivery, great service!",5,No,No
ORD003633,CUST6113,Blinkit,38:29.5,26,Personal Care,1541,Very satisfied with the service.,5,No,No
ORD003635,CUST2682,Blinkit,00:29.5,25,Beverages,291,"Not fresh, disappointed.",2,No,Yes
ORD003637,CUST9246,JioMart,43:29.5,43,Personal Care,1284,Packaging could be better.,3,Yes,No
ORD003638,CUST6015,Swiggy Instamart,26:29.5,17,Grocery,380,Excellent experience!,5,No,No
ORD003639,CUST3736,Swiggy Instamart,02:29.5,19,Beverages,155,"Fast delivery, great service!",5,No,No
ORD003640,CUST2069,Blinkit,59:29.5,36,Grocery,1119,Good quality products.,4,No,No
ORD003642,CUST5885,Blinkit,41:29.5,19,Dairy,763,"Not fresh, disappointed.",2,No,Yes
ORD003643,CUST5764,Blinkit,10:29.5,32,Fruits & Vegetables,378,Quick and reliable!,5,No,No
ORD003644,CUST8469,JioMart,38:29.5,26,Personal Care,895,Very satisfied with the service.,5,No,No
ORD003645,CUST9524,JioMart,10:29.5,31,Dairy,735,Quick and reliable!,5,No,No
ORD003646,CUST9587,Swiggy Instamart,48:29.5,27,Beverages,605,Packaging could be better.,3,No,No
ORD003649,CUST3192,Swiggy Instamart,48:29.5,46,Snacks,186,Excellent experience!,5,Yes,No
ORD003650,CUST6615,Blinkit,11:29.5,20,Fruits & Vegetables,56,Packaging could be better.,3,No,No
ORD003652,CUST6885,Blinkit,39:29.5,28,Fruits & Vegetables,152,"Very late delivery, not happy.",2,No,Yes
ORD003653,CUST4087,Blinkit,19:29.5,5,Grocery,868,Excellent experience!,5,No,No
ORD003654,CUST3701,Blinkit,16:29.5,34,Snacks,473,Good quality products.,4,No,No
ORD003656,CUST1313,Blinkit,07:29.5,25,Snacks,118,"Not fresh, disappointed.",2,No,Yes
ORD003658,CUST4675,Blinkit,53:29.5,34,Beverages,333,"Not fresh, disappointed.",2,No,Yes
ORD003659,CUST3149,JioMart,45:29.5,22,Beverages,483,Wrong item delivered.,1,No,Yes
ORD003662,CUST9267,JioMart,29:29.5,23,Beverages,444,"Easy to order, loved it!",5,No,No
ORD003663,CUST3768,Swiggy Instamart,11:29.5,26,Snacks,378,"Very late delivery, not happy.",2,No,Yes
ORD003665,CUST7006,Blinkit,11:29.5,18,Dairy,571,Delivery person was rude.,2,No,Yes
ORD003666,CUST1612,JioMart,59:29.5,21,Snacks,56,Items missing from order.,2,No,Yes
ORD003667,CUST7147,Swiggy Instamart,19:29.5,39,Snacks,52,Quick and reliable!,5,No,No
ORD003668,CUST5190,Blinkit,30:29.5,52,Fruits & Vegetables,381,Good quality products.,4,Yes,No
ORD003669,CUST9761,Blinkit,18:29.5,36,Personal Care,1751,"Not fresh, disappointed.",2,No,Yes
ORD003670,CUST1796,Swiggy Instamart,00:29.5,32,Dairy,435,Wrong item delivered.,1,No,Yes
ORD003671,CUST1785,JioMart,58:29.5,48,Personal Care,848,"Easy to order, loved it!",5,Yes,No
ORD003673,CUST1323,JioMart,29:29.5,30,Dairy,139,"Easy to order, loved it!",5,No,No
ORD003674,CUST1790,JioMart,14:29.5,38,Personal Care,238,Quick and reliable!,5,No,No
ORD003675,CUST2897,JioMart,30:29.5,21,Dairy,710,Items missing from order.,2,No,Yes
ORD003677,CUST8279,JioMart,07:29.5,38,Snacks,296,Items missing from order.,2,No,Yes
ORD003678,CUST7230,Blinkit,52:29.5,39,Fruits & Vegetables,82,"Not fresh, disappointed.",2,No,Yes
ORD003680,CUST9966,Blinkit,43:29.5,38,Fruits & Vegetables,603,"Horrible experience, never ordering again.",1,No,Yes
ORD003681,CUST5140,JioMart,44:29.5,30,Snacks,486,Very satisfied with the service.,5,No,No
ORD003682,CUST8772,Swiggy Instamart,11:29.5,31,Personal Care,1737,Excellent experience!,5,No,No
ORD003683,CUST3508,JioMart,03:29.5,32,Dairy,150,"Fast delivery, great service!",5,No,No
ORD003690,CUST5423,Blinkit,53:29.5,43,Personal Care,733,Good quality products.,4,Yes,No
ORD003691,CUST3247,Swiggy Instamart,59:29.5,23,Snacks,105,Wrong item delivered.,1,No,Yes
ORD003692,CUST7862,JioMart,40:29.5,30,Dairy,707,Delivery person was rude.,2,No,Yes
ORD003693,CUST2718,Blinkit,38:29.5,20,Fruits & Vegetables,57,Wrong item delivered.,1,No,Yes
ORD003694,CUST9381,JioMart,51:29.5,27,Dairy,652,Packaging could be better.,3,No,No
ORD003695,CUST2928,Blinkit,39:29.5,35,Fruits & Vegetables,236,Excellent experience!,5,No,No
ORD003698,CUST2741,Blinkit,33:29.5,23,Fruits & Vegetables,618,Excellent experience!,5,No,No
ORD003699,CUST9154,Swiggy Instamart,14:29.5,32,Grocery,567,Very satisfied with the service.,5,No,No
ORD003700,CUST4254,JioMart,30:29.5,40,Personal Care,1492,Good quality products.,4,No,No
ORD003701,CUST4272,JioMart,38:29.5,44,Beverages,244,Items missing from order.,2,Yes,Yes
ORD003703,CUST9571,Blinkit,20:29.5,22,Fruits & Vegetables,287,"Easy to order, loved it!",5,No,No
ORD003704,CUST4304,Swiggy Instamart,52:29.5,22,Snacks,481,Items missing from order.,2,No,Yes
ORD003705,CUST6864,JioMart,21:29.5,28,Beverages,305,"Very late delivery, not happy.",2,No,Yes
ORD003706,CUST7713,Swiggy Instamart,05:29.5,28,Personal Care,1412,Very satisfied with the service.,5,No,No
ORD003708,CUST3627,JioMart,14:29.5,38,Fruits & Vegetables,130,Quick and reliable!,5,No,No
ORD003710,CUST9980,Blinkit,40:29.5,23,Beverages,590,"Not fresh, disappointed.",2,No,Yes
ORD003711,CUST9132,Swiggy Instamart,37:29.5,34,Grocery,1085,Wrong item delivered.,1,No,Yes
ORD003712,CUST4402,JioMart,37:29.5,18,Personal Care,1568,Delivery person was rude.,2,No,Yes
ORD003713,CUST8875,JioMart,47:29.5,27,Grocery,905,Items missing from order.,2,No,Yes
ORD003714,CUST6416,Blinkit,47:29.5,37,Snacks,439,Items missing from order.,2,No,Yes
ORD003715,CUST4842,Blinkit,33:29.5,30,Beverages,496,"Fast delivery, great service!",5,No,No
ORD003716,CUST1044,Blinkit,36:29.5,37,Dairy,203,Quick and reliable!,5,No,No
ORD003717,CUST1208,Swiggy Instamart,44:29.5,39,Snacks,117,"Easy to order, loved it!",5,No,No
ORD003718,CUST2458,Swiggy Instamart,54:29.5,29,Fruits & Vegetables,413,Packaging could be better.,3,No,No
ORD003719,CUST2809,Swiggy Instamart,55:29.5,5,Personal Care,664,"Very late delivery, not happy.",2,No,Yes
ORD003721,CUST3443,JioMart,29:29.5,29,Grocery,944,"Fast delivery, great service!",5,No,No
ORD003723,CUST9383,Swiggy Instamart,48:29.5,43,Dairy,216,Packaging could be better.,3,Yes,No
ORD003726,CUST5192,JioMart,23:29.5,45,Grocery,399,Quick and reliable!,5,Yes,No
ORD003727,CUST4787,Swiggy Instamart,38:29.5,27,Fruits & Vegetables,431,Excellent experience!,5,No,No
ORD003729,CUST5850,JioMart,25:29.5,19,Fruits & Vegetables,343,Very satisfied with the service.,5,No,No
ORD003732,CUST1820,JioMart,06:29.5,39,Dairy,277,Good quality products.,4,No,No
ORD003733,CUST2635,JioMart,53:29.5,25,Dairy,478,Items missing from order.,2,No,Yes
ORD003734,CUST3862,JioMart,03:29.5,44,Snacks,382,Good quality products.,4,Yes,No
ORD003735,CUST1646,JioMart,30:29.5,44,Grocery,1196,Packaging could be better.,3,Yes,No
ORD003736,CUST5760,Blinkit,01:29.5,23,Snacks,228,Excellent experience!,5,No,No
ORD003737,CUST6901,JioMart,59:29.5,46,Personal Care,1207,"Fast delivery, great service!",5,Yes,No
ORD003739,CUST7979,Blinkit,31:29.5,36,Fruits & Vegetables,345,Wrong item delivered.,1,No,Yes
ORD003740,CUST2898,JioMart,52:29.5,29,Fruits & Vegetables,376,Excellent experience!,5,No,No
ORD003741,CUST2556,Blinkit,48:29.5,25,Personal Care,239,Excellent experience!,5,No,No
ORD003742,CUST1751,Swiggy Instamart,00:29.5,38,Grocery,483,Packaging could be better.,3,No,No
ORD003746,CUST6384,JioMart,52:29.5,39,Beverages,213,"Horrible experience, never ordering again.",1,No,Yes
ORD003747,CUST6857,JioMart,15:29.5,32,Beverages,814,Good quality products.,4,No,No
ORD003748,CUST8171,JioMart,08:29.5,26,Fruits & Vegetables,362,"Easy to order, loved it!",5,No,No
ORD003749,CUST5395,JioMart,18:29.5,24,Snacks,244,Very satisfied with the service.,5,No,No
ORD003750,CUST2522,Blinkit,59:29.5,27,Dairy,325,Wrong item delivered.,1,No,Yes
ORD003753,CUST3996,Blinkit,49:29.5,23,Grocery,680,Quick and reliable!,5,No,No
ORD003756,CUST7557,Blinkit,02:29.5,24,Snacks,121,Good quality products.,4,No,No
ORD003758,CUST5453,Blinkit,09:29.5,21,Beverages,247,Good quality products.,4,No,No
ORD003759,CUST7319,JioMart,35:29.5,25,Fruits & Vegetables,543,"Very late delivery, not happy.",2,No,Yes
ORD003760,CUST8835,JioMart,04:29.5,31,Snacks,127,Quick and reliable!,5,No,No
ORD003761,CUST7909,Swiggy Instamart,12:29.5,37,Snacks,188,Very satisfied with the service.,5,No,No
ORD003762,CUST3732,JioMart,21:29.5,22,Beverages,396,"Horrible experience, never ordering again.",1,No,Yes
ORD003763,CUST2852,JioMart,50:29.5,21,Grocery,810,"Not fresh, disappointed.",2,No,Yes
ORD003764,CUST3171,Blinkit,32:29.5,41,Fruits & Vegetables,122,Wrong item delivered.,1,Yes,Yes
ORD003766,CUST3611,JioMart,36:29.5,22,Personal Care,704,Items missing from order.,2,No,Yes
ORD003767,CUST2699,Swiggy Instamart,38:29.5,10,Personal Care,1075,Excellent experience!,5,No,No
ORD003768,CUST7816,Blinkit,27:29.5,41,Grocery,681,"Fast delivery, great service!",5,Yes,No
ORD003769,CUST8908,JioMart,42:29.5,43,Dairy,182,Excellent experience!,5,Yes,No
ORD003771,CUST3969,Swiggy Instamart,08:29.5,31,Beverages,430,Wrong item delivered.,1,No,Yes
ORD003772,CUST7221,Swiggy Instamart,37:29.5,30,Snacks,425,"Easy to order, loved it!",5,No,No
ORD003773,CUST6875,Blinkit,36:29.5,19,Dairy,149,Quick and reliable!,5,No,No
ORD003775,CUST3140,JioMart,32:29.5,43,Dairy,712,Very satisfied with the service.,5,Yes,No
ORD003776,CUST8914,JioMart,32:29.5,29,Personal Care,118,Excellent experience!,5,No,No
ORD003777,CUST8997,Swiggy Instamart,19:29.5,37,Snacks,106,Excellent experience!,5,No,No
ORD003778,CUST2850,Swiggy Instamart,08:29.5,21,Snacks,493,Excellent experience!,5,No,No
ORD003779,CUST7738,Swiggy Instamart,50:29.5,20,Grocery,1121,Packaging could be better.,3,No,No
ORD003780,CUST8220,Swiggy Instamart,56:29.5,34,Personal Care,1668,Wrong item delivered.,1,No,Yes
ORD003783,CUST5286,Blinkit,00:29.5,28,Grocery,1141,"Fast delivery, great service!",5,No,No
ORD003784,CUST6148,JioMart,44:29.5,35,Grocery,1422,Delivery person was rude.,2,No,Yes
ORD003786,CUST9598,Blinkit,19:29.5,34,Beverages,345,Excellent experience!,5,No,No
ORD003787,CUST4669,Swiggy Instamart,16:29.5,20,Grocery,1347,"Fast delivery, great service!",5,No,No
ORD003788,CUST6542,JioMart,47:29.5,34,Beverages,908,Items missing from order.,2,No,Yes
ORD003789,CUST9504,JioMart,15:29.5,27,Personal Care,548,Excellent experience!,5,No,No
ORD003790,CUST9570,JioMart,20:29.5,14,Personal Care,488,"Not fresh, disappointed.",2,No,Yes
ORD003792,CUST8091,Swiggy Instamart,50:29.5,33,Personal Care,1718,Good quality products.,4,No,No
ORD003793,CUST5072,Blinkit,56:29.5,43,Fruits & Vegetables,225,Excellent experience!,5,Yes,No
ORD003794,CUST8895,JioMart,16:29.5,16,Grocery,949,Quick and reliable!,5,No,No
ORD003795,CUST6664,Swiggy Instamart,25:29.5,40,Snacks,183,"Fast delivery, great service!",5,No,No
ORD003796,CUST7305,JioMart,07:29.5,34,Grocery,1045,Good quality products.,4,No,No
ORD003799,CUST1190,Blinkit,41:29.5,36,Personal Care,1383,"Easy to order, loved it!",5,No,No
ORD003800,CUST3571,Blinkit,05:29.5,48,Grocery,337,Packaging could be better.,3,Yes,No
ORD003801,CUST9283,Blinkit,23:29.5,31,Personal Care,1531,Good quality products.,4,No,No
ORD003802,CUST8688,JioMart,11:29.5,20,Fruits & Vegetables,611,Wrong item delivered.,1,No,Yes
ORD003804,CUST3709,Blinkit,58:29.5,35,Fruits & Vegetables,427,"Horrible experience, never ordering again.",1,No,Yes
ORD003806,CUST9055,Blinkit,49:29.5,47,Personal Care,959,"Easy to order, loved it!",5,Yes,No
ORD003811,CUST1824,JioMart,04:29.5,31,Snacks,278,Quick and reliable!,5,No,No
ORD003812,CUST9305,JioMart,44:29.5,29,Fruits & Vegetables,142,"Horrible experience, never ordering again.",1,No,Yes
ORD003814,CUST7203,Swiggy Instamart,32:29.5,28,Personal Care,140,Delivery person was rude.,2,No,Yes
ORD003815,CUST7607,Swiggy Instamart,18:29.5,40,Beverages,367,Wrong item delivered.,1,No,Yes
ORD003816,CUST4850,Swiggy Instamart,40:29.5,32,Grocery,1393,Items missing from order.,2,No,Yes
ORD003818,CUST8521,JioMart,58:29.5,36,Fruits & Vegetables,660,Wrong item delivered.,1,No,Yes
ORD003820,CUST8341,JioMart,02:29.5,29,Beverages,809,Good quality products.,4,No,No
ORD003822,CUST9166,JioMart,53:29.5,28,Snacks,297,"Easy to order, loved it!",5,No,No
ORD003823,CUST8324,Swiggy Instamart,32:29.5,29,Personal Care,629,"Fast delivery, great service!",5,No,No
ORD003824,CUST6178,Blinkit,13:29.5,38,Beverages,101,Delivery person was rude.,2,No,Yes
ORD003825,CUST2944,Blinkit,04:29.5,22,Grocery,889,Excellent experience!,5,No,No
ORD003827,CUST1291,Blinkit,31:29.5,45,Personal Care,1470,"Horrible experience, never ordering again.",1,Yes,Yes
ORD003828,CUST2681,Blinkit,00:29.5,27,Grocery,1034,Delivery person was rude.,2,No,Yes
ORD003831,CUST1587,Swiggy Instamart,41:29.5,21,Snacks,147,Packaging could be better.,3,No,No
ORD003832,CUST9996,Swiggy Instamart,06:29.5,43,Dairy,270,Delivery person was rude.,2,Yes,Yes
ORD003833,CUST1002,Blinkit,53:29.5,26,Fruits & Vegetables,388,Quick and reliable!,5,No,No
ORD003835,CUST5990,Swiggy Instamart,48:29.5,32,Grocery,1481,Packaging could be better.,3,No,No
ORD003836,CUST9328,Swiggy Instamart,10:29.5,27,Dairy,117,"Very late delivery, not happy.",2,No,Yes
ORD003838,CUST8474,Swiggy Instamart,18:29.5,23,Grocery,1468,Packaging could be better.,3,No,No
ORD003839,CUST6584,Swiggy Instamart,05:29.5,27,Fruits & Vegetables,513,"Horrible experience, never ordering again.",1,No,Yes
ORD003840,CUST6953,Swiggy Instamart,08:29.5,22,Grocery,640,Quick and reliable!,5,No,No
ORD003841,CUST1889,Blinkit,34:29.5,29,Snacks,128,Good quality products.,4,No,No
ORD003843,CUST8445,JioMart,28:29.5,21,Grocery,1202,"Horrible experience, never ordering again.",1,No,Yes
ORD003845,CUST8751,JioMart,31:29.5,46,Beverages,943,Items missing from order.,2,Yes,Yes
ORD003847,CUST8414,JioMart,49:29.5,23,Snacks,221,Packaging could be better.,3,No,No
ORD003849,CUST2596,Swiggy Instamart,29:29.5,24,Dairy,218,Quick and reliable!,5,No,No
ORD003850,CUST4633,JioMart,29:29.5,11,Dairy,706,"Very late delivery, not happy.",2,No,Yes
ORD003852,CUST6592,Swiggy Instamart,09:29.5,37,Fruits & Vegetables,493,Packaging could be better.,3,No,No
ORD003853,CUST6818,Blinkit,53:29.5,23,Fruits & Vegetables,397,Quick and reliable!,5,No,No
ORD003854,CUST5783,JioMart,43:29.5,36,Personal Care,651,"Fast delivery, great service!",5,No,No
ORD003855,CUST9973,Blinkit,01:29.5,39,Snacks,325,"Easy to order, loved it!",5,No,No
ORD003856,CUST9552,JioMart,08:29.5,36,Snacks,270,Good quality products.,4,No,No
ORD003857,CUST7125,Blinkit,43:29.5,30,Snacks,364,"Very late delivery, not happy.",2,No,Yes
ORD003860,CUST3689,Swiggy Instamart,07:29.5,22,Grocery,354,"Easy to order, loved it!",5,No,No
ORD003861,CUST9067,Blinkit,15:29.5,21,Fruits & Vegetables,127,Wrong item delivered.,1,No,Yes
ORD003862,CUST3301,Blinkit,32:29.5,25,Fruits & Vegetables,122,Very satisfied with the service.,5,No,No
ORD003865,CUST5166,Blinkit,02:29.5,37,Grocery,897,"Easy to order, loved it!",5,No,No
ORD003866,CUST4209,JioMart,03:29.5,31,Snacks,125,Very satisfied with the service.,5,No,No
ORD003867,CUST4072,Blinkit,26:29.5,31,Personal Care,1955,Delivery person was rude.,2,No,Yes
ORD003870,CUST4532,JioMart,18:29.5,31,Dairy,453,"Fast delivery, great service!",5,No,No
ORD003871,CUST8488,Blinkit,11:29.5,19,Dairy,328,Excellent experience!,5,No,No
ORD003874,CUST2765,Swiggy Instamart,14:29.5,30,Snacks,298,"Horrible experience, never ordering again.",1,No,Yes
ORD003876,CUST1761,Swiggy Instamart,13:29.5,18,Fruits & Vegetables,632,"Very late delivery, not happy.",2,No,Yes
ORD003877,CUST3018,Swiggy Instamart,02:29.5,34,Grocery,403,Quick and reliable!,5,No,No
ORD003879,CUST8493,Swiggy Instamart,57:29.5,12,Beverages,861,"Easy to order, loved it!",5,No,No
ORD003880,CUST9260,Swiggy Instamart,48:29.5,23,Grocery,658,Packaging could be better.,3,No,No
ORD003881,CUST3205,Swiggy Instamart,17:29.5,29,Fruits & Vegetables,432,Wrong item delivered.,1,No,Yes
ORD003882,CUST9172,Blinkit,47:29.5,39,Fruits & Vegetables,138,Delivery person was rude.,2,No,Yes
ORD003883,CUST1071,JioMart,29:29.5,34,Grocery,440,"Not fresh, disappointed.",2,No,Yes
ORD003885,CUST1795,Swiggy Instamart,17:29.5,37,Personal Care,1970,Good quality products.,4,No,No
ORD003889,CUST3903,JioMart,08:29.5,23,Dairy,324,"Horrible experience, never ordering again.",1,No,Yes
ORD003890,CUST3845,Swiggy Instamart,00:29.5,5,Personal Care,154,"Easy to order, loved it!",5,No,No
ORD003892,CUST2696,JioMart,06:29.5,5,Beverages,629,Excellent experience!,5,No,No
ORD003894,CUST6273,Swiggy Instamart,22:29.5,25,Snacks,168,Very satisfied with the service.,5,No,No
ORD003895,CUST9259,Swiggy Instamart,10:29.5,23,Grocery,846,"Not fresh, disappointed.",2,No,Yes
ORD003899,CUST5482,Blinkit,14:29.5,28,Grocery,1493,Items missing from order.,2,No,Yes
ORD003900,CUST7518,Blinkit,43:29.5,15,Beverages,825,Packaging could be better.,3,No,No
ORD003902,CUST5819,Blinkit,09:29.5,31,Beverages,790,Very satisfied with the service.,5,No,No
ORD003903,CUST8419,JioMart,55:29.5,38,Fruits & Vegetables,85,Very satisfied with the service.,5,No,No
ORD003905,CUST3263,Swiggy Instamart,02:29.5,47,Personal Care,1264,Excellent experience!,5,Yes,No
ORD003906,CUST7762,Blinkit,52:29.5,21,Personal Care,1670,Quick and reliable!,5,No,No
ORD003907,CUST9393,Swiggy Instamart,43:29.5,21,Beverages,354,Wrong item delivered.,1,No,Yes
ORD003908,CUST5897,Swiggy Instamart,52:29.5,40,Snacks,339,Quick and reliable!,5,No,No
ORD003909,CUST9975,Swiggy Instamart,35:29.5,27,Dairy,234,Excellent experience!,5,No,No
ORD003911,CUST4560,Blinkit,00:29.5,25,Dairy,126,Quick and reliable!,5,No,No
ORD003912,CUST4291,JioMart,58:29.5,26,Snacks,66,"Easy to order, loved it!",5,No,No
ORD003915,CUST6657,Swiggy Instamart,44:29.5,31,Snacks,89,Quick and reliable!,5,No,No
ORD003916,CUST3173,Blinkit,30:29.5,34,Dairy,117,"Very late delivery, not happy.",2,No,Yes
ORD003917,CUST3913,Blinkit,18:29.5,39,Snacks,269,Packaging could be better.,3,No,No
ORD003919,CUST9888,JioMart,24:29.5,20,Fruits & Vegetables,656,Excellent experience!,5,No,No
ORD003920,CUST6281,Blinkit,36:29.5,19,Beverages,507,"Horrible experience, never ordering again.",1,No,Yes
ORD003921,CUST2890,Blinkit,17:29.5,21,Grocery,756,"Very late delivery, not happy.",2,No,Yes
ORD003922,CUST6771,JioMart,55:29.5,19,Grocery,989,Wrong item delivered.,1,No,Yes
ORD003923,CUST8870,JioMart,10:29.5,40,Snacks,124,"Easy to order, loved it!",5,No,No
ORD003924,CUST7839,Blinkit,58:29.5,11,Fruits & Vegetables,485,Delivery person was rude.,2,No,Yes
ORD003925,CUST9747,JioMart,42:29.5,35,Personal Care,1967,Good quality products.,4,No,No
ORD003926,CUST5684,Swiggy Instamart,27:29.5,17,Personal Care,559,"Very late delivery, not happy.",2,No,Yes
ORD003927,CUST7920,Swiggy Instamart,30:29.5,47,Grocery,1487,"Fast delivery, great service!",5,Yes,No
ORD003928,CUST1209,JioMart,44:29.5,34,Fruits & Vegetables,259,"Not fresh, disappointed.",2,No,Yes
ORD003930,CUST2744,Blinkit,27:29.5,24,Fruits & Vegetables,217,Packaging could be better.,3,No,No
ORD003931,CUST1414,JioMart,51:29.5,29,Dairy,628,Packaging could be better.,3,No,No
ORD003933,CUST3381,Swiggy Instamart,31:29.5,33,Personal Care,1815,"Easy to order, loved it!",5,No,No
ORD003934,CUST1869,JioMart,13:29.5,29,Beverages,470,Good quality products.,4,No,No
ORD003935,CUST1927,Blinkit,14:29.5,22,Personal Care,1360,Very satisfied with the service.,5,No,No
ORD003936,CUST4275,Blinkit,20:29.5,27,Beverages,553,"Easy to order, loved it!",5,No,No
ORD003939,CUST5695,Swiggy Instamart,53:29.5,41,Fruits & Vegetables,470,Very satisfied with the service.,5,Yes,No
ORD003942,CUST2016,JioMart,16:29.5,26,Beverages,714,Wrong item delivered.,1,No,Yes
ORD003946,CUST1529,JioMart,45:29.5,22,Snacks,237,Delivery person was rude.,2,No,Yes
ORD003948,CUST8415,Blinkit,46:29.5,55,Personal Care,1921,"Horrible experience, never ordering again.",1,Yes,Yes
ORD003953,CUST9370,Blinkit,59:29.5,24,Fruits & Vegetables,411,Quick and reliable!,5,No,No
ORD003955,CUST1769,Blinkit,42:29.5,34,Fruits & Vegetables,113,"Not fresh, disappointed.",2,No,Yes
ORD003956,CUST7251,JioMart,10:29.5,32,Beverages,643,Quick and reliable!,5,No,No
ORD003959,CUST6122,Blinkit,23:29.5,56,Fruits & Vegetables,239,Excellent experience!,5,Yes,No
ORD003960,CUST1881,Blinkit,46:29.5,23,Snacks,465,Good quality products.,4,No,No
ORD003961,CUST1212,JioMart,01:29.5,23,Personal Care,493,Packaging could be better.,3,No,No
ORD003962,CUST5117,JioMart,03:29.5,5,Grocery,1458,"Not fresh, disappointed.",2,No,Yes
ORD003963,CUST4327,Blinkit,35:29.5,37,Dairy,287,Quick and reliable!,5,No,No
ORD003966,CUST7025,Blinkit,35:29.5,22,Grocery,954,"Very late delivery, not happy.",2,No,Yes
ORD003968,CUST4218,JioMart,31:29.5,30,Grocery,1423,Items missing from order.,2,No,Yes
ORD003969,CUST4170,Blinkit,01:29.5,47,Beverages,702,Delivery person was rude.,2,Yes,Yes
ORD003972,CUST3906,Swiggy Instamart,15:29.5,49,Personal Care,1831,Quick and reliable!,5,Yes,No
ORD003973,CUST2220,Swiggy Instamart,55:29.5,22,Dairy,437,"Not fresh, disappointed.",2,No,Yes
ORD003976,CUST9418,JioMart,49:29.5,27,Dairy,189,Good quality products.,4,No,No
ORD003977,CUST2955,Blinkit,23:29.5,18,Dairy,161,"Very late delivery, not happy.",2,No,Yes
ORD003979,CUST1665,Swiggy Instamart,34:29.5,23,Snacks,166,"Not fresh, disappointed.",2,No,Yes
ORD003980,CUST8020,Blinkit,50:29.5,19,Dairy,731,Items missing from order.,2,No,Yes
ORD003981,CUST5572,Blinkit,36:29.5,34,Snacks,302,"Horrible experience, never ordering again.",1,No,Yes
ORD003982,CUST5329,JioMart,17:29.5,27,Personal Care,277,"Horrible experience, never ordering again.",1,No,Yes
ORD003985,CUST5178,Blinkit,38:29.5,30,Personal Care,1966,"Fast delivery, great service!",5,No,No
ORD003986,CUST1092,Swiggy Instamart,28:29.5,37,Dairy,212,"Horrible experience, never ordering again.",1,No,Yes
ORD003987,CUST6415,JioMart,34:29.5,27,Fruits & Vegetables,440,"Not fresh, disappointed.",2,No,Yes
ORD003988,CUST8640,Swiggy Instamart,58:29.5,32,Grocery,824,"Easy to order, loved it!",5,No,No
ORD003990,CUST1654,Blinkit,04:29.5,23,Dairy,485,"Horrible experience, never ordering again.",1,No,Yes
ORD003991,CUST3518,Blinkit,44:29.5,20,Fruits & Vegetables,357,Items missing from order.,2,No,Yes
ORD003993,CUST1833,Blinkit,06:29.5,23,Grocery,299,Excellent experience!,5,No,No
ORD003996,CUST6866,Blinkit,23:29.5,20,Fruits & Vegetables,97,"Very late delivery, not happy.",2,No,Yes
ORD003997,CUST2194,JioMart,23:29.5,32,Grocery,268,"Not fresh, disappointed.",2,No,Yes
ORD003998,CUST6207,Swiggy Instamart,26:29.5,31,Grocery,697,Delivery person was rude.,2,No,Yes
ORD003999,CUST9608,JioMart,45:29.5,38,Fruits & Vegetables,655,"Very late delivery, not happy.",2,No,Yes
ORD004000,CUST4603,Swiggy Instamart,29:29.5,18,Personal Care,1009,Packaging could be better.,3,No,No
ORD004002,CUST9529,Swiggy Instamart,15:29.5,42,Dairy,640,Quick and reliable!,5,Yes,No
ORD004003,CUST2117,Swiggy Instamart,46:29.5,16,Beverages,812,"Easy to order, loved it!",5,No,No
ORD004004,CUST9276,Blinkit,26:29.5,38,Grocery,692,Packaging could be better.,3,No,No
ORD004006,CUST7814,JioMart,33:29.5,35,Fruits & Vegetables,65,"Easy to order, loved it!",5,No,No
ORD004008,CUST9798,Blinkit,47:29.5,34,Grocery,1019,"Easy to order, loved it!",5,No,No
ORD004012,CUST4624,Swiggy Instamart,04:29.5,38,Fruits & Vegetables,568,"Horrible experience, never ordering again.",1,No,Yes
ORD004013,CUST4495,Swiggy Instamart,27:29.5,41,Beverages,574,"Very late delivery, not happy.",2,Yes,Yes
ORD004014,CUST6437,Blinkit,46:29.5,42,Grocery,1342,Excellent experience!,5,Yes,No
ORD004017,CUST5809,Swiggy Instamart,03:29.5,27,Dairy,760,Good quality products.,4,No,No
ORD004018,CUST4579,Swiggy Instamart,20:29.5,29,Grocery,611,Excellent experience!,5,No,No
ORD004021,CUST1144,Swiggy Instamart,22:29.5,39,Snacks,454,Packaging could be better.,3,No,No
ORD004022,CUST2879,Swiggy Instamart,06:29.5,33,Beverages,519,Delivery person was rude.,2,No,Yes
ORD004023,CUST6668,Swiggy Instamart,57:29.5,23,Beverages,295,Packaging could be better.,3,No,No
ORD004024,CUST8301,Blinkit,59:29.5,30,Beverages,830,"Horrible experience, never ordering again.",1,No,Yes
ORD004026,CUST4994,Swiggy Instamart,05:29.5,18,Grocery,618,Packaging could be better.,3,No,No
ORD004028,CUST6258,Blinkit,01:29.5,26,Beverages,688,Very satisfied with the service.,5,No,No
ORD004030,CUST2857,JioMart,52:29.5,14,Personal Care,408,Good quality products.,4,No,No
ORD004032,CUST5203,Blinkit,53:29.5,30,Grocery,1485,"Not fresh, disappointed.",2,No,Yes
ORD004033,CUST9851,Swiggy Instamart,16:29.5,27,Grocery,710,Delivery person was rude.,2,No,Yes
ORD004034,CUST5633,Blinkit,07:29.5,22,Grocery,1025,Good quality products.,4,No,No
ORD004035,CUST1404,JioMart,32:29.5,19,Grocery,1303,"Fast delivery, great service!",5,No,No
ORD004036,CUST9468,Blinkit,39:29.5,30,Beverages,310,Items missing from order.,2,No,Yes
ORD004037,CUST7143,Swiggy Instamart,34:29.5,31,Dairy,335,"Horrible experience, never ordering again.",1,No,Yes
ORD004038,CUST9426,Swiggy Instamart,23:29.5,49,Dairy,187,Very satisfied with the service.,5,Yes,No
ORD004040,CUST8300,Blinkit,36:29.5,24,Personal Care,1164,Very satisfied with the service.,5,No,No
ORD004041,CUST8975,JioMart,45:29.5,20,Grocery,1258,"Not fresh, disappointed.",2,No,Yes
ORD004042,CUST1718,JioMart,31:29.5,17,Dairy,348,Packaging could be better.,3,No,No
ORD004043,CUST5856,Blinkit,50:29.5,30,Snacks,96,Quick and reliable!,5,No,No
ORD004044,CUST4154,Swiggy Instamart,19:29.5,17,Beverages,628,Excellent experience!,5,No,No
ORD004045,CUST6248,JioMart,01:29.5,16,Personal Care,1242,Good quality products.,4,No,No
ORD004046,CUST9419,Swiggy Instamart,11:29.5,22,Beverages,197,Excellent experience!,5,No,No
ORD004047,CUST2349,Blinkit,20:29.5,23,Fruits & Vegetables,226,Items missing from order.,2,No,Yes
ORD004048,CUST2572,Swiggy Instamart,02:29.5,22,Beverages,762,"Easy to order, loved it!",5,No,No
ORD004049,CUST3742,JioMart,26:29.5,13,Beverages,500,Very satisfied with the service.,5,No,No
ORD004050,CUST9814,JioMart,53:29.5,29,Beverages,850,Delivery person was rude.,2,No,Yes
ORD004051,CUST9736,Swiggy Instamart,18:29.5,28,Personal Care,1733,Good quality products.,4,No,No
ORD004053,CUST2072,Swiggy Instamart,03:29.5,17,Personal Care,1977,"Horrible experience, never ordering again.",1,No,Yes
ORD004056,CUST7950,JioMart,22:29.5,15,Dairy,222,"Not fresh, disappointed.",2,No,Yes
ORD004057,CUST2702,Blinkit,24:29.5,19,Beverages,566,Excellent experience!,5,No,No
ORD004058,CUST4368,Blinkit,50:29.5,17,Snacks,346,Very satisfied with the service.,5,No,No
ORD004059,CUST9810,Blinkit,15:29.5,34,Dairy,405,Good quality products.,4,No,No
ORD004060,CUST8130,JioMart,34:29.5,34,Grocery,1255,"Easy to order, loved it!",5,No,No
ORD004061,CUST2181,Swiggy Instamart,28:29.5,39,Dairy,593,Good quality products.,4,No,No
ORD004062,CUST3519,JioMart,56:29.5,30,Beverages,935,"Not fresh, disappointed.",2,No,Yes
ORD004063,CUST1389,Blinkit,30:29.5,48,Grocery,1422,Wrong item delivered.,1,Yes,Yes
ORD004064,CUST8523,Swiggy Instamart,48:29.5,35,Fruits & Vegetables,633,Wrong item delivered.,1,No,Yes
ORD004065,CUST6434,JioMart,56:29.5,42,Beverages,469,"Very late delivery, not happy.",2,Yes,Yes
ORD004066,CUST1620,Blinkit,57:29.5,31,Personal Care,1783,Good quality products.,4,No,No
ORD004067,CUST2433,Blinkit,31:29.5,26,Beverages,156,Excellent experience!,5,No,No
ORD004070,CUST3916,JioMart,47:29.5,37,Grocery,1327,Wrong item delivered.,1,No,Yes
ORD004071,CUST5127,Blinkit,52:29.5,37,Snacks,72,Very satisfied with the service.,5,No,No
ORD004072,CUST2154,JioMart,16:29.5,39,Grocery,521,Good quality products.,4,No,No
ORD004073,CUST4729,Blinkit,27:29.5,32,Dairy,598,Items missing from order.,2,No,Yes
ORD004076,CUST7357,Blinkit,34:29.5,31,Dairy,488,Items missing from order.,2,No,Yes
ORD004079,CUST8094,JioMart,59:29.5,12,Grocery,1228,Packaging could be better.,3,No,No
ORD004081,CUST1276,Blinkit,28:29.5,23,Grocery,966,Good quality products.,4,No,No
ORD004083,CUST2938,Swiggy Instamart,53:29.5,40,Dairy,293,Good quality products.,4,No,No
ORD004084,CUST9762,Swiggy Instamart,12:29.5,17,Grocery,585,Delivery person was rude.,2,No,Yes
ORD004088,CUST2189,Swiggy Instamart,12:29.5,32,Personal Care,1604,"Not fresh, disappointed.",2,No,Yes
ORD004089,CUST6860,Swiggy Instamart,52:29.5,31,Beverages,504,Quick and reliable!,5,No,No
ORD004091,CUST2738,JioMart,39:29.5,25,Personal Care,1186,"Not fresh, disappointed.",2,No,Yes
ORD004092,CUST5748,Blinkit,02:29.5,16,Dairy,445,Very satisfied with the service.,5,No,No
ORD004093,CUST5937,Swiggy Instamart,52:29.5,33,Grocery,256,"Very late delivery, not happy.",2,No,Yes
ORD004094,CUST2417,JioMart,35:29.5,20,Fruits & Vegetables,74,Quick and reliable!,5,No,No
ORD004098,CUST7473,Blinkit,09:29.5,25,Grocery,390,Packaging could be better.,3,No,No
ORD004099,CUST1504,JioMart,31:29.5,48,Grocery,754,"Horrible experience, never ordering again.",1,Yes,Yes
ORD004100,CUST8765,Swiggy Instamart,12:29.5,38,Personal Care,393,Wrong item delivered.,1,No,Yes
ORD004101,CUST3561,JioMart,24:29.5,33,Snacks,473,"Easy to order, loved it!",5,No,No
ORD004103,CUST4602,Blinkit,50:29.5,9,Personal Care,231,"Easy to order, loved it!",5,No,No
ORD004104,CUST3234,Swiggy Instamart,18:29.5,21,Grocery,355,Good quality products.,4,No,No
ORD004105,CUST7406,Blinkit,51:29.5,25,Dairy,629,Delivery person was rude.,2,No,Yes
ORD004106,CUST9941,Swiggy Instamart,21:29.5,18,Grocery,556,"Horrible experience, never ordering again.",1,No,Yes
ORD004107,CUST5832,JioMart,46:29.5,31,Beverages,599,"Not fresh, disappointed.",2,No,Yes
ORD004108,CUST3360,Blinkit,01:29.5,9,Fruits & Vegetables,455,Packaging could be better.,3,No,No
ORD004109,CUST5883,JioMart,59:29.5,43,Personal Care,265,"Easy to order, loved it!",5,Yes,No
ORD004110,CUST7113,JioMart,29:29.5,25,Grocery,726,Good quality products.,4,No,No
ORD004111,CUST1182,Blinkit,17:29.5,37,Fruits & Vegetables,155,Very satisfied with the service.,5,No,No
ORD004113,CUST3019,JioMart,55:29.5,17,Personal Care,968,"Not fresh, disappointed.",2,No,Yes
ORD004114,CUST1684,JioMart,12:29.5,12,Fruits & Vegetables,412,"Horrible experience, never ordering again.",1,No,Yes
ORD004115,CUST1082,JioMart,28:29.5,23,Fruits & Vegetables,58,Good quality products.,4,No,No
ORD004116,CUST7456,JioMart,44:29.5,33,Fruits & Vegetables,395,Items missing from order.,2,No,Yes
ORD004117,CUST9800,Blinkit,19:29.5,31,Snacks,376,Packaging could be better.,3,No,No
ORD004118,CUST9970,Blinkit,32:29.5,41,Snacks,117,Good quality products.,4,Yes,No
ORD004119,CUST2394,JioMart,33:29.5,33,Beverages,787,Quick and reliable!,5,No,No
ORD004120,CUST5992,Swiggy Instamart,00:29.5,34,Grocery,1174,"Not fresh, disappointed.",2,No,Yes
ORD004123,CUST4469,JioMart,31:29.5,27,Dairy,747,Items missing from order.,2,No,Yes
ORD004124,CUST7760,JioMart,19:29.5,36,Fruits & Vegetables,195,"Fast delivery, great service!",5,No,No
ORD004125,CUST9397,Blinkit,56:29.5,37,Personal Care,984,"Very late delivery, not happy.",2,No,Yes
ORD004126,CUST3333,Swiggy Instamart,21:29.5,27,Beverages,448,Good quality products.,4,No,No
ORD004127,CUST3637,Swiggy Instamart,53:29.5,28,Fruits & Vegetables,91,"Horrible experience, never ordering again.",1,No,Yes
ORD004128,CUST4014,Swiggy Instamart,57:29.5,33,Beverages,611,Quick and reliable!,5,No,No
ORD004129,CUST4617,Blinkit,00:29.5,49,Personal Care,1781,Quick and reliable!,5,Yes,No
ORD004131,CUST4183,Blinkit,24:29.5,20,Personal Care,1535,Excellent experience!,5,No,No
ORD004132,CUST2877,Blinkit,00:29.5,21,Grocery,942,Items missing from order.,2,No,Yes
ORD004133,CUST3971,JioMart,41:29.5,16,Grocery,1428,"Very late delivery, not happy.",2,No,Yes
ORD004134,CUST1891,Swiggy Instamart,56:29.5,22,Dairy,662,Excellent experience!,5,No,No
ORD004135,CUST9992,Blinkit,11:29.5,33,Fruits & Vegetables,247,Packaging could be better.,3,No,No
ORD004136,CUST8557,Swiggy Instamart,08:29.5,39,Dairy,674,"Fast delivery, great service!",5,No,No
ORD004137,CUST2198,Swiggy Instamart,49:29.5,32,Grocery,848,Very satisfied with the service.,5,No,No
ORD004138,CUST5762,JioMart,35:29.5,32,Grocery,1228,Wrong item delivered.,1,No,Yes
ORD004139,CUST2103,Swiggy Instamart,42:29.5,20,Fruits & Vegetables,290,"Not fresh, disappointed.",2,No,Yes
ORD004140,CUST5107,JioMart,18:29.5,5,Dairy,151,Good quality products.,4,No,No
ORD004141,CUST2608,Blinkit,59:29.5,33,Dairy,162,"Horrible experience, never ordering again.",1,No,Yes
ORD004142,CUST4234,Swiggy Instamart,27:29.5,43,Personal Care,1637,"Not fresh, disappointed.",2,Yes,Yes
ORD004144,CUST6420,Swiggy Instamart,35:29.5,29,Dairy,209,"Fast delivery, great service!",5,No,No
ORD004145,CUST6851,Blinkit,31:29.5,30,Grocery,316,"Easy to order, loved it!",5,No,No
ORD004146,CUST3100,Swiggy Instamart,13:29.5,44,Snacks,121,"Very late delivery, not happy.",2,Yes,Yes
ORD004148,CUST2639,Swiggy Instamart,57:29.5,25,Beverages,493,Delivery person was rude.,2,No,Yes
ORD004149,CUST5671,Swiggy Instamart,40:29.5,11,Snacks,482,Wrong item delivered.,1,No,Yes
ORD004152,CUST6206,Swiggy Instamart,27:29.5,27,Dairy,756,Excellent experience!,5,No,No
ORD004153,CUST8960,Swiggy Instamart,44:29.5,36,Personal Care,733,"Very late delivery, not happy.",2,No,Yes
ORD004154,CUST8383,Swiggy Instamart,27:29.5,22,Dairy,122,Good quality products.,4,No,No
ORD004155,CUST6379,Blinkit,23:29.5,34,Snacks,112,Packaging could be better.,3,No,No
ORD004156,CUST6008,JioMart,44:29.5,35,Snacks,186,"Not fresh, disappointed.",2,No,Yes
ORD004158,CUST6971,JioMart,41:29.5,38,Grocery,677,Quick and reliable!,5,No,No
ORD004159,CUST6182,Swiggy Instamart,11:29.5,28,Personal Care,740,"Easy to order, loved it!",5,No,No
ORD004160,CUST8017,Swiggy Instamart,35:29.5,37,Beverages,269,Very satisfied with the service.,5,No,No
ORD004162,CUST1079,Blinkit,44:29.5,35,Dairy,748,"Fast delivery, great service!",5,No,No
ORD004166,CUST8145,JioMart,37:29.5,26,Fruits & Vegetables,575,Items missing from order.,2,No,Yes
ORD004168,CUST6889,Swiggy Instamart,34:29.5,27,Dairy,201,Wrong item delivered.,1,No,Yes
ORD004171,CUST8863,Swiggy Instamart,24:29.5,32,Dairy,687,"Fast delivery, great service!",5,No,No
ORD004172,CUST8583,Blinkit,50:29.5,5,Snacks,71,Quick and reliable!,5,No,No
ORD004173,CUST8296,JioMart,38:29.5,38,Fruits & Vegetables,341,Very satisfied with the service.,5,No,No
ORD004174,CUST6877,JioMart,37:29.5,34,Fruits & Vegetables,390,Quick and reliable!,5,No,No
ORD004176,CUST8978,Swiggy Instamart,44:29.5,38,Beverages,806,Good quality products.,4,No,No
ORD004177,CUST2783,Blinkit,29:29.5,25,Fruits & Vegetables,554,Packaging could be better.,3,No,No
ORD004178,CUST3879,JioMart,25:29.5,18,Beverages,334,Quick and reliable!,5,No,No
ORD004180,CUST5597,Blinkit,04:29.5,42,Fruits & Vegetables,242,Excellent experience!,5,Yes,No
ORD004184,CUST5312,JioMart,37:29.5,25,Snacks,111,Wrong item delivered.,1,No,Yes
ORD004185,CUST2252,Swiggy Instamart,16:29.5,38,Grocery,596,"Not fresh, disappointed.",2,No,Yes
ORD004187,CUST1305,Swiggy Instamart,27:29.5,22,Beverages,916,"Very late delivery, not happy.",2,No,Yes
ORD004188,CUST9309,Swiggy Instamart,09:29.5,56,Grocery,1327,Delivery person was rude.,2,Yes,Yes
ORD004189,CUST1511,Swiggy Instamart,56:29.5,26,Grocery,484,Items missing from order.,2,No,Yes
ORD004190,CUST7637,JioMart,48:29.5,30,Grocery,738,"Fast delivery, great service!",5,No,No
ORD004192,CUST1600,JioMart,51:29.5,47,Personal Care,1037,"Fast delivery, great service!",5,Yes,No
ORD004194,CUST9904,Swiggy Instamart,26:29.5,12,Personal Care,305,Good quality products.,4,No,No
ORD004195,CUST9842,Blinkit,10:29.5,40,Grocery,675,Excellent experience!,5,No,No
ORD004199,CUST7430,Swiggy Instamart,53:29.5,37,Dairy,278,Items missing from order.,2,No,Yes
ORD004200,CUST4658,Swiggy Instamart,06:29.5,26,Beverages,874,"Very late delivery, not happy.",2,No,Yes
ORD004201,CUST5767,JioMart,04:29.5,41,Grocery,1375,"Very late delivery, not happy.",2,Yes,Yes
ORD004202,CUST3193,Blinkit,09:29.5,39,Grocery,502,"Horrible experience, never ordering again.",1,No,Yes
ORD004204,CUST9210,Swiggy Instamart,06:29.5,31,Fruits & Vegetables,630,Delivery person was rude.,2,No,Yes
ORD004205,CUST9362,JioMart,54:29.5,28,Personal Care,1600,Wrong item delivered.,1,No,Yes
ORD004206,CUST2483,Swiggy Instamart,47:29.5,23,Personal Care,191,"Horrible experience, never ordering again.",1,No,Yes
ORD004207,CUST7500,Blinkit,22:29.5,30,Fruits & Vegetables,424,"Very late delivery, not happy.",2,No,Yes
ORD004208,CUST6961,JioMart,46:29.5,37,Grocery,222,"Horrible experience, never ordering again.",1,No,Yes
ORD004209,CUST9227,JioMart,24:29.5,20,Fruits & Vegetables,419,Delivery person was rude.,2,No,Yes
ORD004210,CUST1173,Blinkit,40:29.5,38,Beverages,754,"Fast delivery, great service!",5,No,No
ORD004211,CUST4913,JioMart,43:29.5,11,Fruits & Vegetables,562,"Not fresh, disappointed.",2,No,Yes
ORD004212,CUST3717,Swiggy Instamart,26:29.5,32,Fruits & Vegetables,435,"Not fresh, disappointed.",2,No,Yes
ORD004214,CUST3299,Blinkit,36:29.5,45,Fruits & Vegetables,677,Wrong item delivered.,1,Yes,Yes
ORD004215,CUST8310,Swiggy Instamart,39:29.5,13,Grocery,233,Packaging could be better.,3,No,No
ORD004217,CUST3935,Blinkit,19:29.5,21,Snacks,387,Packaging could be better.,3,No,No
ORD004218,CUST3395,Swiggy Instamart,10:29.5,24,Dairy,226,"Horrible experience, never ordering again.",1,No,Yes
ORD004221,CUST1662,JioMart,01:29.5,32,Snacks,316,"Fast delivery, great service!",5,No,No
ORD004223,CUST8989,Blinkit,50:29.5,36,Beverages,803,Very satisfied with the service.,5,No,No
ORD004224,CUST4796,Swiggy Instamart,12:29.5,14,Grocery,793,"Horrible experience, never ordering again.",1,No,Yes
ORD004228,CUST4834,Swiggy Instamart,24:29.5,27,Beverages,980,"Fast delivery, great service!",5,No,No
ORD004229,CUST1701,Blinkit,40:29.5,22,Dairy,708,"Very late delivery, not happy.",2,No,Yes
ORD004231,CUST9485,Blinkit,12:29.5,33,Snacks,224,"Fast delivery, great service!",5,No,No
ORD004232,CUST6918,Blinkit,44:29.5,46,Fruits & Vegetables,114,"Horrible experience, never ordering again.",1,Yes,Yes
ORD004234,CUST8695,Blinkit,47:29.5,41,Beverages,650,Excellent experience!,5,Yes,No
ORD004235,CUST8448,Blinkit,57:29.5,22,Snacks,370,"Easy to order, loved it!",5,No,No
ORD004236,CUST1760,Swiggy Instamart,12:29.5,41,Personal Care,1513,"Fast delivery, great service!",5,Yes,No
ORD004238,CUST6309,Swiggy Instamart,57:29.5,42,Snacks,477,Packaging could be better.,3,Yes,No
ORD004239,CUST2691,JioMart,53:29.5,37,Snacks,290,Packaging could be better.,3,No,No
ORD004240,CUST9542,JioMart,08:29.5,36,Snacks,356,Very satisfied with the service.,5,No,No
ORD004242,CUST5314,JioMart,59:29.5,15,Personal Care,1324,Packaging could be better.,3,No,No
ORD004243,CUST9918,Blinkit,39:29.5,36,Dairy,769,"Fast delivery, great service!",5,No,No
ORD004247,CUST6985,Blinkit,33:29.5,24,Snacks,384,Items missing from order.,2,No,Yes
ORD004249,CUST9465,Blinkit,12:29.5,39,Grocery,1101,Delivery person was rude.,2,No,Yes
ORD004250,CUST5121,Swiggy Instamart,46:29.5,16,Personal Care,956,Packaging could be better.,3,No,No
ORD004251,CUST7165,JioMart,16:29.5,20,Beverages,741,Excellent experience!,5,No,No
ORD004252,CUST4651,JioMart,52:29.5,11,Grocery,325,Excellent experience!,5,No,No
ORD004253,CUST9460,Blinkit,42:29.5,33,Personal Care,1710,Quick and reliable!,5,No,No
ORD004254,CUST7649,JioMart,30:29.5,31,Personal Care,661,"Easy to order, loved it!",5,No,No
ORD004256,CUST6653,Swiggy Instamart,14:29.5,25,Grocery,404,"Very late delivery, not happy.",2,No,Yes
ORD004257,CUST8976,Swiggy Instamart,00:29.5,36,Grocery,1111,"Horrible experience, never ordering again.",1,No,Yes
ORD004258,CUST8898,Blinkit,53:29.5,27,Beverages,738,"Not fresh, disappointed.",2,No,Yes
ORD004260,CUST9222,Blinkit,13:29.5,19,Personal Care,792,Good quality products.,4,No,No
ORD004261,CUST3276,Blinkit,57:29.5,38,Beverages,636,Items missing from order.,2,No,Yes
ORD004262,CUST8207,Blinkit,48:29.5,34,Personal Care,1760,"Fast delivery, great service!",5,No,No
ORD004263,CUST3713,JioMart,50:29.5,36,Dairy,645,"Fast delivery, great service!",5,No,No
ORD004265,CUST2263,Blinkit,06:29.5,47,Dairy,336,Good quality products.,4,Yes,No
ORD004266,CUST9430,Swiggy Instamart,05:29.5,22,Dairy,752,"Very late delivery, not happy.",2,No,Yes
ORD004267,CUST5600,Blinkit,33:29.5,52,Beverages,374,Wrong item delivered.,1,Yes,Yes
ORD004268,CUST4465,Swiggy Instamart,23:29.5,34,Dairy,192,"Easy to order, loved it!",5,No,No
ORD004269,CUST3461,Swiggy Instamart,23:29.5,41,Dairy,204,Items missing from order.,2,Yes,Yes
ORD004270,CUST4062,Blinkit,04:29.5,44,Dairy,500,"Horrible experience, never ordering again.",1,Yes,Yes
ORD004274,CUST4773,JioMart,31:29.5,37,Personal Care,1133,Items missing from order.,2,No,Yes
ORD004275,CUST7793,Blinkit,16:29.5,34,Fruits & Vegetables,382,Items missing from order.,2,No,Yes
ORD004276,CUST6410,Blinkit,13:29.5,33,Beverages,502,"Fast delivery, great service!",5,No,No
ORD004277,CUST2856,Blinkit,19:29.5,41,Personal Care,1272,Items missing from order.,2,Yes,Yes
ORD004278,CUST8889,Swiggy Instamart,34:29.5,21,Grocery,302,Packaging could be better.,3,No,No
ORD004279,CUST8844,Blinkit,31:29.5,28,Fruits & Vegetables,535,Quick and reliable!,5,No,No
ORD004281,CUST4452,Swiggy Instamart,39:29.5,22,Personal Care,392,"Easy to order, loved it!",5,No,No
ORD004282,CUST3641,Swiggy Instamart,48:29.5,39,Dairy,641,"Horrible experience, never ordering again.",1,No,Yes
ORD004284,CUST1367,Blinkit,30:29.5,17,Fruits & Vegetables,583,Quick and reliable!,5,No,No
ORD004285,CUST4992,Blinkit,00:29.5,23,Beverages,292,Items missing from order.,2,No,Yes
ORD004286,CUST1706,Blinkit,03:29.5,39,Dairy,220,Items missing from order.,2,No,Yes
ORD004287,CUST3095,JioMart,41:29.5,19,Dairy,605,Packaging could be better.,3,No,No
ORD004288,CUST3639,JioMart,31:29.5,20,Snacks,315,Quick and reliable!,5,No,No
ORD004289,CUST3207,Blinkit,12:29.5,35,Fruits & Vegetables,579,Items missing from order.,2,No,Yes
ORD004290,CUST9399,JioMart,35:29.5,16,Snacks,221,"Very late delivery, not happy.",2,No,Yes
ORD004291,CUST1642,Swiggy Instamart,13:29.5,35,Fruits & Vegetables,375,Delivery person was rude.,2,No,Yes
ORD004292,CUST3406,JioMart,50:29.5,9,Snacks,319,"Very late delivery, not happy.",2,No,Yes
ORD004295,CUST5231,JioMart,37:29.5,46,Fruits & Vegetables,268,"Easy to order, loved it!",5,Yes,No
ORD004296,CUST3949,JioMart,51:29.5,10,Grocery,693,"Fast delivery, great service!",5,No,No
ORD004300,CUST5644,Blinkit,11:29.5,25,Personal Care,567,"Fast delivery, great service!",5,No,No
ORD004302,CUST4548,Swiggy Instamart,37:29.5,34,Dairy,188,Quick and reliable!,5,No,No
ORD004304,CUST8723,Swiggy Instamart,27:29.5,22,Fruits & Vegetables,648,Delivery person was rude.,2,No,Yes
ORD004305,CUST8891,JioMart,14:29.5,30,Snacks,277,"Very late delivery, not happy.",2,No,Yes
ORD004306,CUST3794,Swiggy Instamart,51:29.5,33,Grocery,1364,Very satisfied with the service.,5,No,No
ORD004309,CUST3338,Blinkit,57:29.5,19,Personal Care,1205,Wrong item delivered.,1,No,Yes
ORD004313,CUST3747,Swiggy Instamart,42:29.5,35,Beverages,125,"Not fresh, disappointed.",2,No,Yes
ORD004317,CUST4765,JioMart,35:29.5,23,Dairy,640,Excellent experience!,5,No,No
ORD004318,CUST7196,JioMart,27:29.5,32,Dairy,257,Very satisfied with the service.,5,No,No
ORD004319,CUST7315,Blinkit,00:29.5,21,Fruits & Vegetables,498,Excellent experience!,5,No,No
ORD004320,CUST3166,Blinkit,44:29.5,25,Fruits & Vegetables,513,Excellent experience!,5,No,No
ORD004321,CUST2778,JioMart,02:29.5,9,Snacks,463,Excellent experience!,5,No,No
ORD004322,CUST1271,JioMart,22:29.5,29,Fruits & Vegetables,80,Delivery person was rude.,2,No,Yes
ORD004323,CUST4315,JioMart,44:29.5,30,Grocery,709,"Fast delivery, great service!",5,No,No
ORD004325,CUST9263,Blinkit,58:29.5,19,Fruits & Vegetables,113,"Very late delivery, not happy.",2,No,Yes
ORD004326,CUST7877,Swiggy Instamart,57:29.5,20,Beverages,138,Items missing from order.,2,No,Yes
ORD004327,CUST3450,Blinkit,28:29.5,19,Dairy,483,"Easy to order, loved it!",5,No,No
ORD004328,CUST2577,Swiggy Instamart,31:29.5,25,Personal Care,1106,Quick and reliable!,5,No,No
ORD004330,CUST8796,Swiggy Instamart,56:29.5,44,Personal Care,1720,Packaging could be better.,3,Yes,No
ORD004331,CUST1639,Blinkit,15:29.5,48,Grocery,485,Good quality products.,4,Yes,No
ORD004332,CUST9706,Blinkit,16:29.5,39,Snacks,230,"Horrible experience, never ordering again.",1,No,Yes
ORD004334,CUST2925,Blinkit,45:29.5,26,Fruits & Vegetables,553,"Easy to order, loved it!",5,No,No
ORD004336,CUST8901,Blinkit,20:29.5,30,Fruits & Vegetables,152,Good quality products.,4,No,No
ORD004337,CUST3135,Blinkit,09:29.5,28,Beverages,747,Delivery person was rude.,2,No,Yes
ORD004339,CUST1019,Swiggy Instamart,01:29.5,22,Snacks,87,Good quality products.,4,No,No
ORD004340,CUST8069,Blinkit,01:29.5,10,Dairy,505,"Easy to order, loved it!",5,No,No
ORD004341,CUST9553,Swiggy Instamart,26:29.5,19,Snacks,110,Delivery person was rude.,2,No,Yes
ORD004342,CUST7892,Blinkit,27:29.5,33,Snacks,298,"Easy to order, loved it!",5,No,No
ORD004343,CUST7068,Blinkit,26:29.5,40,Fruits & Vegetables,475,"Very late delivery, not happy.",2,No,Yes
ORD004346,CUST8028,Swiggy Instamart,17:29.5,13,Snacks,479,"Easy to order, loved it!",5,No,No
ORD004347,CUST4759,Swiggy Instamart,00:29.5,18,Beverages,617,Wrong item delivered.,1,No,Yes
ORD004348,CUST8899,Blinkit,07:29.5,34,Snacks,107,Excellent experience!,5,No,No
ORD004354,CUST5170,Blinkit,16:29.5,30,Grocery,526,Quick and reliable!,5,No,No
ORD004355,CUST8817,Blinkit,54:29.5,17,Personal Care,1024,"Fast delivery, great service!",5,No,No
ORD004356,CUST4809,JioMart,01:29.5,18,Grocery,339,Packaging could be better.,3,No,No
ORD004357,CUST2373,JioMart,57:29.5,34,Beverages,756,Delivery person was rude.,2,No,Yes
ORD004358,CUST5641,Swiggy Instamart,28:29.5,46,Personal Care,1572,Items missing from order.,2,Yes,Yes
ORD004359,CUST9908,JioMart,15:29.5,36,Beverages,172,Wrong item delivered.,1,No,Yes
ORD004360,CUST7695,Swiggy Instamart,32:29.5,45,Personal Care,101,"Very late delivery, not happy.",2,Yes,Yes
ORD004361,CUST5223,JioMart,31:29.5,10,Grocery,907,"Horrible experience, never ordering again.",1,No,Yes
ORD004362,CUST4096,JioMart,01:29.5,34,Beverages,683,"Very late delivery, not happy.",2,No,Yes
ORD004363,CUST1089,JioMart,17:29.5,39,Dairy,524,Quick and reliable!,5,No,No
ORD004364,CUST1116,Blinkit,41:29.5,27,Dairy,661,Items missing from order.,2,No,Yes
ORD004366,CUST2930,Blinkit,38:29.5,55,Personal Care,1481,Items missing from order.,2,Yes,Yes
ORD004369,CUST7144,Swiggy Instamart,31:29.5,41,Snacks,198,"Fast delivery, great service!",5,Yes,No
ORD004371,CUST6175,Swiggy Instamart,03:29.5,27,Snacks,244,"Very late delivery, not happy.",2,No,Yes
ORD004373,CUST6935,Blinkit,34:29.5,41,Personal Care,476,Very satisfied with the service.,5,Yes,No
ORD004376,CUST7980,Swiggy Instamart,59:29.5,33,Dairy,668,"Horrible experience, never ordering again.",1,No,Yes
ORD004378,CUST5281,Swiggy Instamart,32:29.5,30,Dairy,599,Good quality products.,4,No,No
ORD004379,CUST9783,JioMart,48:29.5,21,Personal Care,1409,Excellent experience!,5,No,No
ORD004382,CUST5514,JioMart,34:29.5,45,Grocery,1160,"Not fresh, disappointed.",2,Yes,Yes
ORD004384,CUST4337,Blinkit,29:29.5,40,Fruits & Vegetables,464,Quick and reliable!,5,No,No
ORD004386,CUST8904,Blinkit,17:29.5,41,Beverages,877,"Easy to order, loved it!",5,Yes,No
ORD004387,CUST3928,Blinkit,46:29.5,25,Personal Care,875,Good quality products.,4,No,No
ORD004389,CUST8925,JioMart,10:29.5,21,Snacks,195,Items missing from order.,2,No,Yes
ORD004390,CUST5157,JioMart,53:29.5,20,Personal Care,883,Excellent experience!,5,No,No
ORD004391,CUST6024,Swiggy Instamart,50:29.5,21,Grocery,1336,"Very late delivery, not happy.",2,No,Yes
ORD004393,CUST7522,JioMart,05:29.5,28,Grocery,1460,"Horrible experience, never ordering again.",1,No,Yes
ORD004395,CUST2951,JioMart,07:29.5,17,Personal Care,146,"Very late delivery, not happy.",2,No,Yes
ORD004398,CUST3650,Blinkit,48:29.5,14,Dairy,609,Packaging could be better.,3,No,No
ORD004399,CUST2642,JioMart,27:29.5,29,Personal Care,639,"Horrible experience, never ordering again.",1,No,Yes
ORD004400,CUST4513,Swiggy Instamart,48:29.5,35,Fruits & Vegetables,602,Excellent experience!,5,No,No
ORD004402,CUST7562,Blinkit,38:29.5,6,Grocery,982,Excellent experience!,5,No,No
ORD004403,CUST6544,Blinkit,45:29.5,16,Grocery,794,Very satisfied with the service.,5,No,No
ORD004404,CUST1852,JioMart,44:29.5,32,Dairy,444,Very satisfied with the service.,5,No,No
ORD004405,CUST3633,Blinkit,27:29.5,26,Beverages,694,Wrong item delivered.,1,No,Yes
ORD004408,CUST2492,Blinkit,49:29.5,20,Grocery,453,Quick and reliable!,5,No,No
ORD004410,CUST8727,Blinkit,18:29.5,26,Grocery,940,"Fast delivery, great service!",5,No,No
ORD004412,CUST2444,JioMart,28:29.5,21,Dairy,304,Excellent experience!,5,No,No
ORD004414,CUST5310,JioMart,01:29.5,48,Dairy,479,"Fast delivery, great service!",5,Yes,No
ORD004416,CUST7075,Blinkit,25:29.5,31,Dairy,435,"Very late delivery, not happy.",2,No,Yes
ORD004419,CUST7296,JioMart,24:29.5,20,Fruits & Vegetables,518,Excellent experience!,5,No,No
ORD004420,CUST7564,JioMart,40:29.5,36,Fruits & Vegetables,515,Excellent experience!,5,No,No
ORD004421,CUST9536,JioMart,29:29.5,27,Fruits & Vegetables,167,"Easy to order, loved it!",5,No,No
ORD004423,CUST1941,Blinkit,44:29.5,18,Personal Care,1328,"Horrible experience, never ordering again.",1,No,Yes
ORD004424,CUST3871,JioMart,48:29.5,19,Snacks,323,Items missing from order.,2,No,Yes
ORD004426,CUST8192,Swiggy Instamart,38:29.5,25,Fruits & Vegetables,572,Items missing from order.,2,No,Yes
ORD004427,CUST1175,JioMart,16:29.5,30,Grocery,913,Items missing from order.,2,No,Yes
ORD004429,CUST9489,Swiggy Instamart,03:29.5,31,Fruits & Vegetables,468,Packaging could be better.,3,No,No
ORD004430,CUST5685,Blinkit,42:29.5,23,Beverages,777,Very satisfied with the service.,5,No,No
ORD004431,CUST4190,Blinkit,00:29.5,39,Fruits & Vegetables,596,Wrong item delivered.,1,No,Yes
ORD004433,CUST9364,JioMart,47:29.5,43,Fruits & Vegetables,622,Items missing from order.,2,Yes,Yes
ORD004434,CUST9451,Blinkit,01:29.5,22,Beverages,957,Excellent experience!,5,No,No
ORD004435,CUST4795,Blinkit,30:29.5,28,Beverages,567,Excellent experience!,5,No,No
ORD004436,CUST3776,Blinkit,36:29.5,26,Snacks,322,"Fast delivery, great service!",5,No,No
ORD004438,CUST6893,Swiggy Instamart,45:29.5,32,Fruits & Vegetables,675,"Fast delivery, great service!",5,No,No
ORD004440,CUST1004,Blinkit,47:29.5,38,Grocery,1397,Packaging could be better.,3,No,No
ORD004442,CUST2422,Blinkit,36:29.5,54,Beverages,733,"Horrible experience, never ordering again.",1,Yes,Yes
ORD004444,CUST7544,Blinkit,16:29.5,22,Personal Care,793,"Easy to order, loved it!",5,No,No
ORD004445,CUST6785,JioMart,11:29.5,24,Snacks,420,Very satisfied with the service.,5,No,No
ORD004446,CUST7474,Blinkit,06:29.5,17,Dairy,138,Quick and reliable!,5,No,No
ORD004452,CUST2477,JioMart,21:29.5,12,Snacks,218,Very satisfied with the service.,5,No,No
ORD004453,CUST5661,Swiggy Instamart,46:29.5,41,Snacks,353,Quick and reliable!,5,Yes,No
ORD004454,CUST6703,Blinkit,32:29.5,48,Fruits & Vegetables,682,Items missing from order.,2,Yes,Yes
ORD004455,CUST6693,JioMart,33:29.5,36,Beverages,362,Quick and reliable!,5,No,No
ORD004460,CUST7618,Blinkit,26:29.5,38,Snacks,96,Very satisfied with the service.,5,No,No
ORD004462,CUST5277,Swiggy Instamart,17:29.5,41,Grocery,1260,Excellent experience!,5,Yes,No
ORD004463,CUST3867,Blinkit,24:29.5,29,Snacks,81,Delivery person was rude.,2,No,Yes
ORD004464,CUST7670,JioMart,52:29.5,43,Grocery,712,Very satisfied with the service.,5,Yes,No
ORD004465,CUST9294,JioMart,35:29.5,14,Beverages,842,Wrong item delivered.,1,No,Yes
ORD004467,CUST2185,JioMart,28:29.5,27,Dairy,492,"Fast delivery, great service!",5,No,No
ORD004468,CUST9243,Swiggy Instamart,32:29.5,30,Fruits & Vegetables,434,Delivery person was rude.,2,No,Yes
ORD004469,CUST5821,Blinkit,40:29.5,23,Snacks,68,Very satisfied with the service.,5,No,No
ORD004470,CUST6570,Blinkit,10:29.5,35,Grocery,1171,"Easy to order, loved it!",5,No,No
ORD004471,CUST2917,Blinkit,37:29.5,20,Dairy,518,"Easy to order, loved it!",5,No,No
ORD004473,CUST5222,Blinkit,04:29.5,22,Dairy,587,"Not fresh, disappointed.",2,No,Yes
ORD004475,CUST5098,Blinkit,24:29.5,26,Personal Care,435,"Not fresh, disappointed.",2,No,Yes
ORD004476,CUST8254,JioMart,26:29.5,37,Beverages,501,Very satisfied with the service.,5,No,No
ORD004477,CUST7178,Swiggy Instamart,12:29.5,20,Dairy,351,"Very late delivery, not happy.",2,No,Yes
ORD004478,CUST8923,Blinkit,59:29.5,37,Grocery,444,"Not fresh, disappointed.",2,No,Yes
ORD004479,CUST4985,Swiggy Instamart,46:29.5,35,Personal Care,1153,Items missing from order.,2,No,Yes
ORD004480,CUST6565,JioMart,22:29.5,40,Fruits & Vegetables,88,Very satisfied with the service.,5,No,No
ORD004482,CUST8548,JioMart,15:29.5,45,Fruits & Vegetables,105,Excellent experience!,5,Yes,No
ORD004483,CUST1448,JioMart,41:29.5,27,Grocery,295,Items missing from order.,2,No,Yes
ORD004484,CUST8896,Swiggy Instamart,15:29.5,38,Fruits & Vegetables,365,"Fast delivery, great service!",5,No,No
ORD004486,CUST5224,JioMart,29:29.5,42,Dairy,308,Excellent experience!,5,Yes,No
ORD004488,CUST7269,Swiggy Instamart,50:29.5,18,Dairy,411,Packaging could be better.,3,No,No
ORD004489,CUST4610,Swiggy Instamart,12:29.5,20,Beverages,166,Excellent experience!,5,No,No
ORD004490,CUST4767,JioMart,08:29.5,20,Snacks,403,Items missing from order.,2,No,Yes
ORD004491,CUST6172,Blinkit,58:29.5,23,Dairy,285,"Very late delivery, not happy.",2,No,Yes
ORD004492,CUST7757,Blinkit,52:29.5,29,Beverages,246,"Horrible experience, never ordering again.",1,No,Yes
ORD004495,CUST9776,JioMart,29:29.5,39,Dairy,219,Good quality products.,4,No,No
ORD004496,CUST1159,JioMart,21:29.5,39,Fruits & Vegetables,164,"Horrible experience, never ordering again.",1,No,Yes
ORD004500,CUST2523,JioMart,55:29.5,33,Personal Care,1084,"Very late delivery, not happy.",2,No,Yes
ORD004501,CUST7536,Swiggy Instamart,02:29.5,27,Dairy,561,"Easy to order, loved it!",5,No,No
ORD004502,CUST6603,Blinkit,37:29.5,29,Beverages,745,Packaging could be better.,3,No,No
ORD004505,CUST8807,Blinkit,07:29.5,27,Fruits & Vegetables,551,Excellent experience!,5,No,No
ORD004506,CUST6142,JioMart,48:29.5,36,Grocery,774,Quick and reliable!,5,No,No
ORD004507,CUST6792,Blinkit,11:29.5,39,Dairy,138,Items missing from order.,2,No,Yes
ORD004510,CUST3994,Swiggy Instamart,19:29.5,24,Snacks,54,"Easy to order, loved it!",5,No,No
ORD004512,CUST9175,Blinkit,18:29.5,36,Snacks,359,"Horrible experience, never ordering again.",1,No,Yes
ORD004514,CUST4847,Swiggy Instamart,38:29.5,33,Dairy,395,Delivery person was rude.,2,No,Yes
ORD004516,CUST5348,Swiggy Instamart,30:29.5,21,Snacks,324,Quick and reliable!,5,No,No
ORD004518,CUST4755,Blinkit,23:29.5,48,Beverages,699,"Very late delivery, not happy.",2,Yes,Yes
ORD004519,CUST4322,Swiggy Instamart,56:29.5,26,Fruits & Vegetables,183,Quick and reliable!,5,No,No
ORD004520,CUST5091,Swiggy Instamart,55:29.5,40,Beverages,710,"Fast delivery, great service!",5,No,No
ORD004521,CUST6833,Blinkit,33:29.5,32,Personal Care,841,Wrong item delivered.,1,No,Yes
ORD004522,CUST3555,JioMart,34:29.5,33,Beverages,110,"Fast delivery, great service!",5,No,No
ORD004525,CUST2285,JioMart,38:29.5,28,Snacks,464,Good quality products.,4,No,No
ORD004529,CUST1692,JioMart,16:29.5,35,Fruits & Vegetables,586,Quick and reliable!,5,No,No
ORD004532,CUST6167,Swiggy Instamart,22:29.5,25,Fruits & Vegetables,476,"Very late delivery, not happy.",2,No,Yes
ORD004533,CUST9066,JioMart,05:29.5,33,Personal Care,1164,"Horrible experience, never ordering again.",1,No,Yes
ORD004537,CUST9374,JioMart,13:29.5,30,Dairy,577,"Very late delivery, not happy.",2,No,Yes
ORD004538,CUST5591,JioMart,08:29.5,16,Fruits & Vegetables,234,"Not fresh, disappointed.",2,No,Yes
ORD004540,CUST4638,Blinkit,00:29.5,31,Beverages,819,"Horrible experience, never ordering again.",1,No,Yes
ORD004541,CUST3101,Blinkit,50:29.5,40,Snacks,191,Items missing from order.,2,No,Yes
ORD004543,CUST9613,JioMart,39:29.5,48,Personal Care,730,Excellent experience!,5,Yes,No
ORD004544,CUST7933,Swiggy Instamart,56:29.5,31,Fruits & Vegetables,374,Items missing from order.,2,No,Yes
ORD004545,CUST8836,Blinkit,36:29.5,54,Dairy,191,Packaging could be better.,3,Yes,No
ORD004546,CUST9859,Blinkit,20:29.5,29,Snacks,239,"Easy to order, loved it!",5,No,No
ORD004547,CUST1533,Swiggy Instamart,59:29.5,45,Snacks,218,Wrong item delivered.,1,Yes,Yes
ORD004548,CUST9232,Swiggy Instamart,07:29.5,25,Personal Care,696,Items missing from order.,2,No,Yes
ORD004549,CUST6689,Blinkit,24:29.5,40,Dairy,613,"Fast delivery, great service!",5,No,No
ORD004550,CUST7450,Swiggy Instamart,48:29.5,35,Grocery,1063,Wrong item delivered.,1,No,Yes
ORD004551,CUST3863,Blinkit,39:29.5,33,Dairy,598,"Horrible experience, never ordering again.",1,No,Yes
ORD004552,CUST8490,Swiggy Instamart,55:29.5,33,Snacks,197,"Fast delivery, great service!",5,No,No
ORD004553,CUST2972,Swiggy Instamart,03:29.5,44,Fruits & Vegetables,323,"Very late delivery, not happy.",2,Yes,Yes
ORD004554,CUST9490,Swiggy Instamart,36:29.5,28,Personal Care,1351,"Very late delivery, not happy.",2,No,Yes
ORD004555,CUST8537,Blinkit,02:29.5,31,Fruits & Vegetables,467,Good quality products.,4,No,No
ORD004556,CUST6171,Swiggy Instamart,20:29.5,57,Snacks,402,Packaging could be better.,3,Yes,No
ORD004557,CUST1137,Blinkit,09:29.5,35,Grocery,734,"Not fresh, disappointed.",2,No,Yes
ORD004558,CUST1193,Blinkit,43:29.5,42,Dairy,557,Good quality products.,4,Yes,No
ORD004561,CUST2650,Blinkit,37:29.5,37,Personal Care,1807,"Easy to order, loved it!",5,No,No
ORD004562,CUST6331,Blinkit,21:29.5,32,Snacks,454,Good quality products.,4,No,No
ORD004563,CUST6924,JioMart,53:29.5,28,Personal Care,853,Very satisfied with the service.,5,No,No
ORD004564,CUST5254,Blinkit,26:29.5,13,Snacks,282,Quick and reliable!,5,No,No
ORD004566,CUST9987,JioMart,32:29.5,10,Snacks,444,Delivery person was rude.,2,No,Yes
ORD004567,CUST5306,JioMart,00:29.5,33,Grocery,328,Good quality products.,4,No,No
ORD004568,CUST4885,Swiggy Instamart,12:29.5,19,Grocery,1036,Quick and reliable!,5,No,No
ORD004569,CUST5413,Swiggy Instamart,03:29.5,12,Personal Care,1573,Wrong item delivered.,1,No,Yes
ORD004570,CUST8722,Blinkit,06:29.5,21,Fruits & Vegetables,325,Excellent experience!,5,No,No
ORD004571,CUST6621,JioMart,09:29.5,10,Beverages,683,"Fast delivery, great service!",5,No,No
ORD004573,CUST4013,Swiggy Instamart,45:29.5,23,Fruits & Vegetables,590,"Fast delivery, great service!",5,No,No
ORD004575,CUST7945,Swiggy Instamart,09:29.5,31,Dairy,317,Delivery person was rude.,2,No,Yes
ORD004576,CUST4449,Swiggy Instamart,54:29.5,25,Snacks,272,Wrong item delivered.,1,No,Yes
ORD004578,CUST7099,JioMart,27:29.5,17,Beverages,341,Very satisfied with the service.,5,No,No
ORD004579,CUST6981,JioMart,38:29.5,25,Fruits & Vegetables,470,"Horrible experience, never ordering again.",1,No,Yes
ORD004582,CUST8384,JioMart,07:29.5,9,Beverages,999,"Fast delivery, great service!",5,No,No
ORD004584,CUST3148,JioMart,16:29.5,33,Beverages,244,Good quality products.,4,No,No
ORD004585,CUST4744,Blinkit,28:29.5,33,Snacks,142,Good quality products.,4,No,No
ORD004586,CUST2636,Swiggy Instamart,09:29.5,9,Dairy,267,Very satisfied with the service.,5,No,No
ORD004588,CUST4863,JioMart,32:29.5,27,Dairy,722,"Very late delivery, not happy.",2,No,Yes
ORD004589,CUST8081,JioMart,56:29.5,41,Personal Care,1810,"Very late delivery, not happy.",2,Yes,Yes
ORD004591,CUST4212,Swiggy Instamart,15:29.5,26,Snacks,260,Delivery person was rude.,2,No,Yes
ORD004592,CUST3389,Blinkit,04:29.5,29,Grocery,517,"Easy to order, loved it!",5,No,No
ORD004596,CUST3893,Swiggy Instamart,36:29.5,7,Dairy,405,Delivery person was rude.,2,No,Yes
ORD004599,CUST3203,Swiggy Instamart,31:29.5,17,Personal Care,1144,Excellent experience!,5,No,No
ORD004600,CUST9470,Blinkit,13:29.5,15,Grocery,980,"Not fresh, disappointed.",2,No,Yes
ORD004601,CUST9748,Blinkit,23:29.5,39,Snacks,106,"Not fresh, disappointed.",2,No,Yes
ORD004605,CUST5111,JioMart,05:29.5,62,Fruits & Vegetables,688,Wrong item delivered.,1,Yes,Yes
ORD004606,CUST1781,Swiggy Instamart,51:29.5,28,Personal Care,1745,"Fast delivery, great service!",5,No,No
ORD004607,CUST7527,Blinkit,14:29.5,42,Dairy,388,Packaging could be better.,3,Yes,No
ORD004608,CUST2621,Blinkit,46:29.5,34,Snacks,188,Good quality products.,4,No,No
ORD004609,CUST3676,JioMart,46:29.5,25,Dairy,248,"Not fresh, disappointed.",2,No,Yes
ORD004610,CUST1983,Swiggy Instamart,30:29.5,24,Snacks,321,"Not fresh, disappointed.",2,No,Yes
ORD004611,CUST4530,Blinkit,18:29.5,30,Beverages,947,Very satisfied with the service.,5,No,No
ORD004615,CUST8370,JioMart,22:29.5,30,Fruits & Vegetables,445,"Horrible experience, never ordering again.",1,No,Yes
ORD004616,CUST6483,Swiggy Instamart,48:29.5,23,Grocery,1210,"Easy to order, loved it!",5,No,No
ORD004617,CUST5256,JioMart,15:29.5,26,Dairy,743,Wrong item delivered.,1,No,Yes
ORD004618,CUST6914,Blinkit,49:29.5,35,Snacks,175,"Fast delivery, great service!",5,No,No
ORD004619,CUST6903,JioMart,39:29.5,19,Snacks,186,"Easy to order, loved it!",5,No,No
ORD004621,CUST6638,Swiggy Instamart,29:29.5,17,Grocery,1470,Packaging could be better.,3,No,No
ORD004622,CUST1324,Swiggy Instamart,12:29.5,26,Grocery,458,"Very late delivery, not happy.",2,No,Yes
ORD004623,CUST7746,Blinkit,29:29.5,27,Snacks,297,Very satisfied with the service.,5,No,No
ORD004624,CUST2986,Blinkit,13:29.5,18,Personal Care,327,"Not fresh, disappointed.",2,No,Yes
ORD004626,CUST4259,Blinkit,33:29.5,30,Fruits & Vegetables,328,Delivery person was rude.,2,No,Yes
ORD004628,CUST3859,JioMart,54:29.5,38,Snacks,188,Wrong item delivered.,1,No,Yes
ORD004629,CUST5663,Blinkit,59:29.5,9,Grocery,965,Wrong item delivered.,1,No,Yes
ORD004631,CUST6326,JioMart,19:29.5,10,Beverages,549,Delivery person was rude.,2,No,Yes
ORD004633,CUST8987,Swiggy Instamart,43:29.5,35,Beverages,104,"Easy to order, loved it!",5,No,No
ORD004634,CUST8322,Blinkit,22:29.5,19,Personal Care,1272,"Not fresh, disappointed.",2,No,Yes
ORD004636,CUST7243,Swiggy Instamart,17:29.5,19,Grocery,1071,Packaging could be better.,3,No,No
ORD004637,CUST5694,Swiggy Instamart,51:29.5,28,Fruits & Vegetables,386,Very satisfied with the service.,5,No,No
ORD004639,CUST3373,Swiggy Instamart,27:29.5,27,Personal Care,1179,"Easy to order, loved it!",5,No,No
ORD004640,CUST3745,Blinkit,03:29.5,37,Personal Care,1398,Items missing from order.,2,No,Yes
ORD004641,CUST6527,Swiggy Instamart,37:29.5,22,Fruits & Vegetables,417,Items missing from order.,2,No,Yes
ORD004642,CUST7911,Swiggy Instamart,49:29.5,35,Snacks,366,Very satisfied with the service.,5,No,No
ORD004643,CUST7631,JioMart,49:29.5,17,Personal Care,861,Packaging could be better.,3,No,No
ORD004644,CUST2168,Swiggy Instamart,36:29.5,8,Personal Care,1625,"Fast delivery, great service!",5,No,No
ORD004645,CUST2296,Swiggy Instamart,41:29.5,12,Fruits & Vegetables,336,Quick and reliable!,5,No,No
ORD004646,CUST3654,JioMart,49:29.5,20,Dairy,598,Very satisfied with the service.,5,No,No
ORD004648,CUST4739,Blinkit,47:29.5,35,Personal Care,1619,Good quality products.,4,No,No
ORD004649,CUST6136,JioMart,29:29.5,27,Dairy,406,Wrong item delivered.,1,No,Yes
ORD004650,CUST6191,Blinkit,19:29.5,9,Personal Care,594,Delivery person was rude.,2,No,Yes
ORD004653,CUST7479,Blinkit,37:29.5,33,Beverages,223,Packaging could be better.,3,No,No
ORD004655,CUST8289,Blinkit,49:29.5,34,Snacks,341,"Horrible experience, never ordering again.",1,No,Yes
ORD004656,CUST6950,JioMart,35:29.5,43,Dairy,264,Wrong item delivered.,1,Yes,Yes
ORD004657,CUST9535,Swiggy Instamart,17:29.5,31,Dairy,157,Items missing from order.,2,No,Yes
ORD004658,CUST8377,JioMart,34:29.5,37,Grocery,1086,Quick and reliable!,5,No,No
ORD004660,CUST3741,JioMart,59:29.5,40,Personal Care,840,Quick and reliable!,5,No,No
ORD004662,CUST1378,Blinkit,46:29.5,5,Snacks,149,Wrong item delivered.,1,No,Yes
ORD004663,CUST3048,Swiggy Instamart,52:29.5,35,Personal Care,1641,"Very late delivery, not happy.",2,No,Yes
ORD004664,CUST4844,Swiggy Instamart,17:29.5,25,Grocery,1107,Good quality products.,4,No,No
ORD004665,CUST5122,Blinkit,56:29.5,37,Personal Care,288,"Not fresh, disappointed.",2,No,Yes
ORD004670,CUST2687,JioMart,34:29.5,29,Grocery,215,"Not fresh, disappointed.",2,No,Yes
ORD004674,CUST9985,Blinkit,26:29.5,32,Dairy,728,Good quality products.,4,No,No
ORD004676,CUST1431,Blinkit,30:29.5,24,Dairy,658,Packaging could be better.,3,No,No
ORD004679,CUST2363,JioMart,28:29.5,34,Snacks,206,Excellent experience!,5,No,No
ORD004681,CUST5300,Swiggy Instamart,48:29.5,30,Personal Care,375,Delivery person was rude.,2,No,Yes
ORD004682,CUST3544,JioMart,07:29.5,28,Fruits & Vegetables,592,Excellent experience!,5,No,No
ORD004684,CUST7387,Swiggy Instamart,23:29.5,17,Personal Care,757,"Easy to order, loved it!",5,No,No
ORD004685,CUST6068,Blinkit,10:29.5,5,Personal Care,1530,"Not fresh, disappointed.",2,No,Yes
ORD004686,CUST4757,JioMart,57:29.5,31,Beverages,932,"Not fresh, disappointed.",2,No,Yes
ORD004687,CUST5053,Swiggy Instamart,01:29.5,22,Beverages,975,"Fast delivery, great service!",5,No,No
ORD004690,CUST3071,Swiggy Instamart,31:29.5,29,Snacks,305,Wrong item delivered.,1,No,Yes
ORD004691,CUST3150,Swiggy Instamart,14:29.5,32,Dairy,390,Items missing from order.,2,No,Yes
ORD004692,CUST9630,Swiggy Instamart,06:29.5,25,Snacks,299,Delivery person was rude.,2,No,Yes
ORD004693,CUST3795,JioMart,26:29.5,22,Snacks,293,Very satisfied with the service.,5,No,No
ORD004694,CUST1468,JioMart,19:29.5,15,Grocery,1478,Wrong item delivered.,1,No,Yes
ORD004695,CUST1575,JioMart,45:29.5,37,Beverages,534,"Very late delivery, not happy.",2,No,Yes
ORD004697,CUST6328,Blinkit,36:29.5,41,Grocery,240,Delivery person was rude.,2,Yes,Yes
ORD004699,CUST8654,JioMart,11:29.5,42,Grocery,793,Good quality products.,4,Yes,No
ORD004701,CUST5463,Swiggy Instamart,18:29.5,44,Fruits & Vegetables,109,Items missing from order.,2,Yes,Yes
ORD004703,CUST8288,JioMart,24:29.5,33,Dairy,798,"Easy to order, loved it!",5,No,No
ORD004704,CUST3213,JioMart,02:29.5,33,Grocery,526,"Fast delivery, great service!",5,No,No
ORD004707,CUST8480,Swiggy Instamart,38:29.5,23,Snacks,334,Delivery person was rude.,2,No,Yes
ORD004711,CUST6073,Blinkit,41:29.5,24,Dairy,380,"Horrible experience, never ordering again.",1,No,Yes
ORD004714,CUST9841,Blinkit,03:29.5,36,Fruits & Vegetables,419,Excellent experience!,5,No,No
ORD004715,CUST4721,JioMart,23:29.5,22,Dairy,475,Very satisfied with the service.,5,No,No
ORD004716,CUST2467,Blinkit,59:29.5,34,Dairy,176,Quick and reliable!,5,No,No
ORD004718,CUST6044,Swiggy Instamart,29:29.5,27,Snacks,405,Packaging could be better.,3,No,No
ORD004720,CUST7753,Blinkit,58:29.5,49,Grocery,869,Good quality products.,4,Yes,No
ORD004722,CUST3551,JioMart,00:29.5,36,Beverages,223,Very satisfied with the service.,5,No,No
ORD004723,CUST5973,Blinkit,22:29.5,33,Snacks,69,Wrong item delivered.,1,No,Yes
ORD004725,CUST1001,Blinkit,43:29.5,34,Personal Care,806,"Fast delivery, great service!",5,No,No
ORD004726,CUST9574,Swiggy Instamart,43:29.5,17,Personal Care,110,"Easy to order, loved it!",5,No,No
ORD004727,CUST3233,JioMart,08:29.5,43,Grocery,947,Very satisfied with the service.,5,Yes,No
ORD004728,CUST6634,JioMart,45:29.5,30,Beverages,254,Quick and reliable!,5,No,No
ORD004729,CUST5698,Swiggy Instamart,39:29.5,54,Fruits & Vegetables,531,"Fast delivery, great service!",5,Yes,No
ORD004730,CUST8687,Swiggy Instamart,46:29.5,57,Grocery,590,Excellent experience!,5,Yes,No
ORD004732,CUST1136,JioMart,46:29.5,32,Personal Care,1475,Excellent experience!,5,No,No
ORD004733,CUST9059,Blinkit,47:29.5,25,Snacks,352,"Very late delivery, not happy.",2,No,Yes
ORD004734,CUST8816,JioMart,02:29.5,20,Personal Care,765,Quick and reliable!,5,No,No
ORD004735,CUST5908,Swiggy Instamart,39:29.5,29,Snacks,363,Wrong item delivered.,1,No,Yes
ORD004738,CUST5799,Swiggy Instamart,27:29.5,18,Beverages,279,Quick and reliable!,5,No,No
ORD004740,CUST1118,Swiggy Instamart,31:29.5,18,Fruits & Vegetables,292,"Very late delivery, not happy.",2,No,Yes
ORD004741,CUST9981,Blinkit,12:29.5,38,Beverages,984,"Easy to order, loved it!",5,No,No
ORD004743,CUST4089,Swiggy Instamart,26:29.5,10,Fruits & Vegetables,177,"Not fresh, disappointed.",2,No,Yes
ORD004746,CUST7467,JioMart,04:29.5,21,Fruits & Vegetables,443,Items missing from order.,2,No,Yes
ORD004747,CUST5094,Swiggy Instamart,09:29.5,25,Beverages,106,"Not fresh, disappointed.",2,No,Yes
ORD004748,CUST3675,JioMart,41:29.5,23,Snacks,51,"Fast delivery, great service!",5,No,No
ORD004749,CUST7385,Blinkit,07:29.5,39,Snacks,217,"Very late delivery, not happy.",2,No,Yes
ORD004751,CUST4614,JioMart,05:29.5,30,Personal Care,410,Excellent experience!,5,No,No
ORD004753,CUST2297,Swiggy Instamart,03:29.5,27,Beverages,115,Items missing from order.,2,No,Yes
ORD004754,CUST7917,Swiggy Instamart,58:29.5,38,Grocery,510,Quick and reliable!,5,No,No
ORD004755,CUST4924,Blinkit,50:29.5,35,Fruits & Vegetables,304,"Fast delivery, great service!",5,No,No
ORD004757,CUST5454,Swiggy Instamart,52:29.5,29,Fruits & Vegetables,515,Good quality products.,4,No,No
ORD004758,CUST5664,Swiggy Instamart,55:29.5,22,Beverages,366,Excellent experience!,5,No,No
ORD004760,CUST5404,Blinkit,40:29.5,16,Beverages,113,Wrong item delivered.,1,No,Yes
ORD004762,CUST4080,Blinkit,50:29.5,7,Fruits & Vegetables,631,Excellent experience!,5,No,No
ORD004764,CUST3988,Blinkit,07:29.5,29,Personal Care,1820,"Horrible experience, never ordering again.",1,No,Yes
ORD004765,CUST3238,Swiggy Instamart,04:29.5,29,Personal Care,965,"Horrible experience, never ordering again.",1,No,Yes
ORD004766,CUST5744,JioMart,04:29.5,23,Personal Care,1146,"Easy to order, loved it!",5,No,No
ORD004767,CUST2808,JioMart,54:29.5,27,Dairy,145,"Easy to order, loved it!",5,No,No
ORD004769,CUST8418,JioMart,48:29.5,30,Beverages,197,Good quality products.,4,No,No
ORD004771,CUST9060,JioMart,47:29.5,31,Beverages,270,"Very late delivery, not happy.",2,No,Yes
ORD004772,CUST4076,Blinkit,53:29.5,22,Grocery,1473,Excellent experience!,5,No,No
ORD004777,CUST9764,Blinkit,32:29.5,41,Grocery,1280,"Fast delivery, great service!",5,Yes,No
ORD004778,CUST1362,Blinkit,48:29.5,23,Grocery,343,Delivery person was rude.,2,No,Yes
ORD004779,CUST4046,Blinkit,21:29.5,28,Fruits & Vegetables,101,Packaging could be better.,3,No,No
ORD004780,CUST2675,JioMart,22:29.5,27,Fruits & Vegetables,129,Packaging could be better.,3,No,No
ORD004781,CUST5622,Swiggy Instamart,13:29.5,35,Personal Care,1947,Very satisfied with the service.,5,No,No
ORD004782,CUST5410,Blinkit,42:29.5,31,Beverages,323,"Easy to order, loved it!",5,No,No
ORD004785,CUST1134,Swiggy Instamart,40:29.5,23,Grocery,1346,"Very late delivery, not happy.",2,No,Yes
ORD004788,CUST3468,Swiggy Instamart,04:29.5,31,Beverages,938,"Fast delivery, great service!",5,No,No
ORD004790,CUST9086,Blinkit,33:29.5,34,Fruits & Vegetables,601,Very satisfied with the service.,5,No,No
ORD004791,CUST4558,Swiggy Instamart,34:29.5,30,Personal Care,264,Excellent experience!,5,No,No
ORD004792,CUST6601,Swiggy Instamart,04:29.5,26,Fruits & Vegetables,649,Delivery person was rude.,2,No,Yes
ORD004793,CUST7885,JioMart,52:29.5,25,Snacks,103,Wrong item delivered.,1,No,Yes
ORD004794,CUST6104,Blinkit,27:29.5,16,Dairy,309,Quick and reliable!,5,No,No
ORD004796,CUST7084,Blinkit,35:29.5,29,Beverages,366,Quick and reliable!,5,No,No
ORD004797,CUST8597,Blinkit,02:29.5,23,Fruits & Vegetables,314,Items missing from order.,2,No,Yes
ORD004801,CUST3393,Blinkit,52:29.5,41,Fruits & Vegetables,122,Excellent experience!,5,Yes,No
ORD004802,CUST1918,JioMart,43:29.5,30,Grocery,570,Delivery person was rude.,2,No,Yes
ORD004804,CUST7429,Swiggy Instamart,45:29.5,23,Fruits & Vegetables,592,Excellent experience!,5,No,No
ORD004808,CUST3975,Swiggy Instamart,03:29.5,38,Snacks,406,Items missing from order.,2,No,Yes
ORD004809,CUST4148,JioMart,35:29.5,38,Fruits & Vegetables,225,"Horrible experience, never ordering again.",1,No,Yes
ORD004812,CUST1206,JioMart,38:29.5,15,Beverages,185,"Not fresh, disappointed.",2,No,Yes
ORD004813,CUST2998,Swiggy Instamart,54:29.5,27,Dairy,343,Packaging could be better.,3,No,No
ORD004814,CUST5078,Blinkit,48:29.5,23,Beverages,658,Wrong item delivered.,1,No,Yes
ORD004816,CUST8257,Swiggy Instamart,39:29.5,34,Snacks,103,Excellent experience!,5,No,No
ORD004817,CUST5049,Blinkit,53:29.5,33,Beverages,352,"Easy to order, loved it!",5,No,No
ORD004818,CUST1549,Blinkit,27:29.5,24,Personal Care,1775,"Fast delivery, great service!",5,No,No
ORD004821,CUST2539,JioMart,48:29.5,26,Fruits & Vegetables,603,Wrong item delivered.,1,No,Yes
ORD004822,CUST9538,Blinkit,20:29.5,27,Dairy,270,Items missing from order.,2,No,Yes
ORD004823,CUST4415,Swiggy Instamart,05:29.5,33,Personal Care,776,Good quality products.,4,No,No
ORD004824,CUST8746,JioMart,05:29.5,19,Dairy,163,Very satisfied with the service.,5,No,No
ORD004827,CUST6293,Blinkit,37:29.5,39,Beverages,149,Excellent experience!,5,No,No
ORD004828,CUST3598,JioMart,05:29.5,24,Grocery,425,Delivery person was rude.,2,No,Yes
ORD004829,CUST1691,Blinkit,54:29.5,30,Fruits & Vegetables,149,"Horrible experience, never ordering again.",1,No,Yes
ORD004830,CUST9534,Swiggy Instamart,14:29.5,36,Dairy,205,Good quality products.,4,No,No
ORD004833,CUST8884,Swiggy Instamart,57:29.5,39,Beverages,845,Good quality products.,4,No,No
ORD004835,CUST4255,Swiggy Instamart,28:29.5,33,Personal Care,1391,Packaging could be better.,3,No,No
ORD004842,CUST6316,Swiggy Instamart,18:29.5,20,Dairy,113,Good quality products.,4,No,No
ORD004843,CUST1246,JioMart,28:29.5,33,Personal Care,782,Quick and reliable!,5,No,No
ORD004845,CUST5523,Swiggy Instamart,48:29.5,47,Beverages,732,Very satisfied with the service.,5,Yes,No
ORD004846,CUST2960,Swiggy Instamart,03:29.5,37,Personal Care,1683,"Very late delivery, not happy.",2,No,Yes
ORD004848,CUST4982,JioMart,16:29.5,30,Dairy,524,Packaging could be better.,3,No,No
ORD004849,CUST1146,Swiggy Instamart,38:29.5,32,Snacks,165,"Very late delivery, not happy.",2,No,Yes
ORD004850,CUST1688,Blinkit,35:29.5,35,Fruits & Vegetables,438,"Fast delivery, great service!",5,No,No
ORD004851,CUST8786,Swiggy Instamart,44:29.5,9,Grocery,250,"Not fresh, disappointed.",2,No,Yes
ORD004852,CUST3539,JioMart,15:29.5,25,Personal Care,1728,Packaging could be better.,3,No,No
ORD004854,CUST2466,JioMart,07:29.5,33,Grocery,732,"Horrible experience, never ordering again.",1,No,Yes
ORD004855,CUST5075,JioMart,45:29.5,30,Snacks,417,Quick and reliable!,5,No,No
ORD004856,CUST3583,JioMart,37:29.5,24,Fruits & Vegetables,335,Quick and reliable!,5,No,No
ORD004857,CUST9190,Swiggy Instamart,35:29.5,28,Grocery,1117,Delivery person was rude.,2,No,Yes
ORD004858,CUST2497,JioMart,28:29.5,30,Beverages,710,Excellent experience!,5,No,No
ORD004861,CUST1979,JioMart,05:29.5,30,Dairy,782,Delivery person was rude.,2,No,Yes
ORD004862,CUST6824,Swiggy Instamart,13:29.5,25,Grocery,1486,Good quality products.,4,No,No
ORD004863,CUST3521,JioMart,39:29.5,25,Snacks,252,Wrong item delivered.,1,No,Yes
ORD004864,CUST9787,Blinkit,46:29.5,17,Dairy,475,Quick and reliable!,5,No,No
ORD004865,CUST2759,Blinkit,14:29.5,41,Beverages,255,"Horrible experience, never ordering again.",1,Yes,Yes
ORD004866,CUST3061,JioMart,28:29.5,34,Snacks,426,"Horrible experience, never ordering again.",1,No,Yes
ORD004867,CUST8992,Blinkit,30:29.5,32,Snacks,367,Very satisfied with the service.,5,No,No
ORD004868,CUST4812,Swiggy Instamart,33:29.5,35,Grocery,409,"Not fresh, disappointed.",2,No,Yes
ORD004869,CUST6189,Blinkit,50:29.5,5,Grocery,478,Wrong item delivered.,1,No,Yes
ORD004870,CUST6690,JioMart,22:29.5,46,Fruits & Vegetables,554,"Fast delivery, great service!",5,Yes,No
ORD004871,CUST8187,JioMart,14:29.5,5,Grocery,463,Quick and reliable!,5,No,No
ORD004872,CUST4161,Swiggy Instamart,38:29.5,38,Grocery,955,Excellent experience!,5,No,No
ORD004874,CUST7189,Swiggy Instamart,49:29.5,19,Personal Care,350,"Fast delivery, great service!",5,No,No
ORD004875,CUST6868,Blinkit,33:29.5,31,Personal Care,300,Quick and reliable!,5,No,No
ORD004880,CUST8168,Blinkit,36:29.5,19,Personal Care,1849,Delivery person was rude.,2,No,Yes
ORD004881,CUST5828,Swiggy Instamart,09:29.5,17,Dairy,702,Quick and reliable!,5,No,No
ORD004882,CUST9892,Blinkit,47:29.5,15,Personal Care,1343,Delivery person was rude.,2,No,Yes
ORD004883,CUST9029,Swiggy Instamart,33:29.5,31,Snacks,220,Items missing from order.,2,No,Yes
ORD004885,CUST4057,JioMart,27:29.5,38,Personal Care,1018,Delivery person was rude.,2,No,Yes
ORD004886,CUST9906,Blinkit,56:29.5,26,Grocery,1395,Delivery person was rude.,2,No,Yes
ORD004887,CUST6696,Blinkit,19:29.5,43,Dairy,704,Very satisfied with the service.,5,Yes,No
ORD004888,CUST6303,Blinkit,50:29.5,40,Beverages,125,"Horrible experience, never ordering again.",1,No,Yes
ORD004889,CUST8674,Blinkit,09:29.5,23,Snacks,117,"Very late delivery, not happy.",2,No,Yes
ORD004890,CUST5510,Blinkit,37:29.5,27,Dairy,731,"Fast delivery, great service!",5,No,No
ORD004892,CUST2128,Swiggy Instamart,24:29.5,22,Dairy,761,"Very late delivery, not happy.",2,No,Yes
ORD004895,CUST8362,Blinkit,39:29.5,39,Fruits & Vegetables,358,"Not fresh, disappointed.",2,No,Yes
ORD004898,CUST9873,Blinkit,14:29.5,33,Dairy,290,"Very late delivery, not happy.",2,No,Yes
ORD004899,CUST7014,JioMart,09:29.5,18,Beverages,456,"Not fresh, disappointed.",2,No,Yes
ORD004900,CUST8439,JioMart,30:29.5,33,Beverages,708,Good quality products.,4,No,No
ORD004903,CUST7210,JioMart,12:29.5,27,Fruits & Vegetables,224,Wrong item delivered.,1,No,Yes
ORD004904,CUST4039,Blinkit,01:29.5,32,Snacks,446,"Fast delivery, great service!",5,No,No
ORD004905,CUST1306,Blinkit,38:29.5,31,Personal Care,1771,"Horrible experience, never ordering again.",1,No,Yes
ORD004906,CUST6965,Blinkit,39:29.5,30,Personal Care,278,Quick and reliable!,5,No,No
ORD004908,CUST6254,Blinkit,38:29.5,20,Dairy,712,Wrong item delivered.,1,No,Yes
ORD004911,CUST7348,JioMart,43:29.5,39,Snacks,468,Wrong item delivered.,1,No,Yes
ORD004916,CUST5638,Blinkit,43:29.5,8,Beverages,899,Good quality products.,4,No,No
ORD004918,CUST7714,Swiggy Instamart,43:29.5,30,Snacks,256,"Not fresh, disappointed.",2,No,Yes
ORD004919,CUST6276,Blinkit,44:29.5,33,Fruits & Vegetables,698,Packaging could be better.,3,No,No
ORD004922,CUST9572,Blinkit,36:29.5,24,Beverages,591,"Fast delivery, great service!",5,No,No
ORD004923,CUST2092,Blinkit,18:29.5,36,Snacks,99,Delivery person was rude.,2,No,Yes
ORD004926,CUST3926,Blinkit,55:29.5,43,Personal Care,1909,"Horrible experience, never ordering again.",1,Yes,Yes
ORD004927,CUST1512,JioMart,43:29.5,31,Personal Care,1698,"Very late delivery, not happy.",2,No,Yes
ORD004930,CUST8952,Blinkit,08:29.5,19,Beverages,693,Packaging could be better.,3,No,No
ORD004932,CUST2617,Swiggy Instamart,11:29.5,19,Fruits & Vegetables,555,Excellent experience!,5,No,No
ORD004933,CUST1521,Blinkit,49:29.5,18,Fruits & Vegetables,571,"Horrible experience, never ordering again.",1,No,Yes
ORD004934,CUST7366,JioMart,08:29.5,33,Dairy,365,"Fast delivery, great service!",5,No,No
ORD004935,CUST9026,JioMart,12:29.5,50,Fruits & Vegetables,242,Excellent experience!,5,Yes,No
ORD004936,CUST9615,Swiggy Instamart,35:29.5,21,Grocery,1144,Wrong item delivered.,1,No,Yes
ORD004938,CUST1804,Blinkit,00:29.5,39,Grocery,816,Excellent experience!,5,No,No
ORD004939,CUST7002,JioMart,40:29.5,19,Fruits & Vegetables,267,Quick and reliable!,5,No,No
ORD004940,CUST4616,JioMart,31:29.5,15,Snacks,477,"Not fresh, disappointed.",2,No,Yes
ORD004941,CUST2161,JioMart,29:29.5,10,Beverages,923,Items missing from order.,2,No,Yes
ORD004942,CUST1214,Blinkit,03:29.5,30,Snacks,460,Packaging could be better.,3,No,No
ORD004943,CUST4419,Swiggy Instamart,51:29.5,23,Grocery,1394,Very satisfied with the service.,5,No,No
ORD004944,CUST9051,Swiggy Instamart,35:29.5,16,Dairy,658,Delivery person was rude.,2,No,Yes
ORD004945,CUST2310,Blinkit,02:29.5,22,Snacks,81,"Horrible experience, never ordering again.",1,No,Yes
ORD004947,CUST1994,JioMart,19:29.5,25,Fruits & Vegetables,424,Packaging could be better.,3,No,No
ORD004948,CUST6913,Swiggy Instamart,08:29.5,37,Dairy,287,"Fast delivery, great service!",5,No,No
ORD004951,CUST1955,JioMart,33:29.5,29,Grocery,630,Excellent experience!,5,No,No
ORD004952,CUST5355,Blinkit,06:29.5,35,Fruits & Vegetables,174,Very satisfied with the service.,5,No,No
ORD004953,CUST9667,JioMart,00:29.5,32,Grocery,1345,"Easy to order, loved it!",5,No,No
ORD004954,CUST1666,Blinkit,58:29.5,31,Beverages,800,Very satisfied with the service.,5,No,No
ORD004955,CUST2153,Blinkit,07:29.5,9,Grocery,1361,Very satisfied with the service.,5,No,No
ORD004958,CUST4537,Swiggy Instamart,20:29.5,18,Grocery,347,Items missing from order.,2,No,Yes
ORD004959,CUST9511,Blinkit,47:29.5,39,Grocery,1380,Quick and reliable!,5,No,No
ORD004961,CUST2658,Swiggy Instamart,57:29.5,45,Snacks,217,Excellent experience!,5,Yes,No
ORD004962,CUST4784,JioMart,18:29.5,36,Dairy,246,"Not fresh, disappointed.",2,No,Yes
ORD004963,CUST9710,Blinkit,09:29.5,22,Dairy,679,"Easy to order, loved it!",5,No,No
ORD004964,CUST7313,JioMart,39:29.5,25,Beverages,745,"Not fresh, disappointed.",2,No,Yes
ORD004965,CUST4104,Swiggy Instamart,00:29.5,35,Fruits & Vegetables,191,Packaging could be better.,3,No,No
ORD004967,CUST9621,JioMart,37:29.5,38,Beverages,290,Packaging could be better.,3,No,No
ORD004969,CUST3931,JioMart,12:29.5,13,Grocery,270,Items missing from order.,2,No,Yes
ORD004970,CUST7802,Swiggy Instamart,23:29.5,23,Grocery,1284,Items missing from order.,2,No,Yes
ORD004971,CUST2728,Swiggy Instamart,36:29.5,35,Snacks,226,Delivery person was rude.,2,No,Yes
ORD004973,CUST8515,JioMart,30:29.5,5,Beverages,778,"Very late delivery, not happy.",2,No,Yes
ORD004974,CUST7997,Swiggy Instamart,02:29.5,20,Beverages,271,Items missing from order.,2,No,Yes
ORD004978,CUST7579,JioMart,16:29.5,33,Beverages,439,Delivery person was rude.,2,No,Yes
ORD004979,CUST9268,JioMart,52:29.5,24,Snacks,325,"Horrible experience, never ordering again.",1,No,Yes
ORD004983,CUST8258,Swiggy Instamart,22:29.5,27,Personal Care,794,"Not fresh, disappointed.",2,No,Yes
ORD004985,CUST6163,Blinkit,43:29.5,35,Personal Care,382,Items missing from order.,2,No,Yes
ORD004986,CUST6319,Blinkit,02:29.5,29,Snacks,447,Good quality products.,4,No,No
ORD004987,CUST7090,JioMart,14:29.5,35,Fruits & Vegetables,304,Excellent experience!,5,No,No
ORD004990,CUST6299,JioMart,53:29.5,24,Fruits & Vegetables,588,Very satisfied with the service.,5,No,No
ORD004993,CUST4504,Swiggy Instamart,17:29.5,44,Beverages,140,Very satisfied with the service.,5,Yes,No
ORD004994,CUST7145,Swiggy Instamart,17:29.5,28,Dairy,589,"Very late delivery, not happy.",2,No,Yes
ORD004995,CUST5162,Blinkit,58:29.5,17,Snacks,276,Packaging could be better.,3,No,No
ORD004996,CUST6898,Blinkit,51:29.5,19,Personal Care,1343,"Horrible experience, never ordering again.",1,No,Yes
ORD004998,CUST8331,JioMart,44:29.5,42,Snacks,384,Delivery person was rude.,2,Yes,Yes
ORD005000,CUST1003,Blinkit,00:29.5,24,Snacks,382,"Not fresh, disappointed.",2,No,Yes
ORD005002,CUST5660,Blinkit,43:29.5,49,Fruits & Vegetables,57,Items missing from order.,2,Yes,Yes
ORD005003,CUST1267,JioMart,01:29.5,33,Dairy,706,Good quality products.,4,No,No
ORD005004,CUST9480,Blinkit,47:29.5,20,Dairy,234,Packaging could be better.,3,No,No
ORD005007,CUST1107,Blinkit,56:29.5,36,Beverages,761,Good quality products.,4,No,No
ORD005009,CUST4635,Swiggy Instamart,05:29.5,25,Fruits & Vegetables,541,Packaging could be better.,3,No,No
ORD005011,CUST6159,Swiggy Instamart,33:29.5,15,Beverages,459,"Easy to order, loved it!",5,No,No
ORD005012,CUST1355,Blinkit,07:29.5,22,Fruits & Vegetables,210,Excellent experience!,5,No,No
ORD005014,CUST9376,JioMart,08:29.5,28,Snacks,419,Packaging could be better.,3,No,No
ORD005015,CUST3534,JioMart,12:29.5,28,Fruits & Vegetables,97,Items missing from order.,2,No,Yes
ORD005016,CUST2544,Blinkit,16:29.5,39,Dairy,795,Excellent experience!,5,No,No
ORD005018,CUST8542,Swiggy Instamart,59:29.5,43,Fruits & Vegetables,109,Packaging could be better.,3,Yes,No
ORD005019,CUST6827,Blinkit,15:29.5,28,Personal Care,369,"Horrible experience, never ordering again.",1,No,Yes
ORD005020,CUST3557,Blinkit,40:29.5,33,Dairy,660,Very satisfied with the service.,5,No,No
ORD005028,CUST2505,Swiggy Instamart,41:29.5,31,Beverages,734,Wrong item delivered.,1,No,Yes
ORD005029,CUST7550,JioMart,43:29.5,37,Personal Care,1194,Delivery person was rude.,2,No,Yes
ORD005030,CUST4562,Blinkit,00:29.5,21,Dairy,528,Very satisfied with the service.,5,No,No
ORD005037,CUST5921,JioMart,19:29.5,33,Grocery,1436,"Not fresh, disappointed.",2,No,Yes
ORD005042,CUST6478,Swiggy Instamart,03:29.5,44,Grocery,932,"Easy to order, loved it!",5,Yes,No
ORD005044,CUST8115,Swiggy Instamart,22:29.5,40,Snacks,83,Excellent experience!,5,No,No
ORD005046,CUST2974,Swiggy Instamart,29:29.5,25,Personal Care,916,Wrong item delivered.,1,No,Yes
ORD005047,CUST4714,Swiggy Instamart,50:29.5,27,Dairy,140,Packaging could be better.,3,No,No
ORD005050,CUST1886,Swiggy Instamart,39:29.5,33,Dairy,457,Packaging could be better.,3,No,No
ORD005051,CUST5993,Blinkit,39:29.5,20,Beverages,119,"Very late delivery, not happy.",2,No,Yes
ORD005055,CUST9846,JioMart,33:29.5,26,Beverages,633,Good quality products.,4,No,No
ORD005057,CUST6354,Blinkit,04:29.5,27,Snacks,336,Packaging could be better.,3,No,No
ORD005061,CUST1827,Blinkit,28:29.5,37,Beverages,715,Quick and reliable!,5,No,No
ORD005062,CUST7436,Swiggy Instamart,24:29.5,20,Dairy,118,Items missing from order.,2,No,Yes
ORD005064,CUST9269,Blinkit,49:29.5,17,Personal Care,1224,"Easy to order, loved it!",5,No,No
ORD005067,CUST8076,Swiggy Instamart,30:29.5,32,Beverages,904,"Fast delivery, great service!",5,No,No
ORD005068,CUST5747,Swiggy Instamart,41:29.5,31,Dairy,624,"Fast delivery, great service!",5,No,No
ORD005069,CUST7460,JioMart,09:29.5,43,Fruits & Vegetables,447,"Horrible experience, never ordering again.",1,Yes,Yes
ORD005070,CUST3425,Blinkit,25:29.5,23,Fruits & Vegetables,307,Packaging could be better.,3,No,No
ORD005073,CUST2352,JioMart,49:29.5,39,Personal Care,1444,Items missing from order.,2,No,Yes
ORD005077,CUST7540,Blinkit,05:29.5,37,Grocery,403,"Easy to order, loved it!",5,No,No
ORD005078,CUST5301,Blinkit,47:29.5,30,Fruits & Vegetables,155,Packaging could be better.,3,No,No
ORD005079,CUST2393,Blinkit,24:29.5,29,Personal Care,836,"Horrible experience, never ordering again.",1,No,Yes
ORD005080,CUST7529,Blinkit,12:29.5,21,Dairy,299,"Fast delivery, great service!",5,No,No
ORD005083,CUST3136,Swiggy Instamart,43:29.5,28,Beverages,876,Items missing from order.,2,No,Yes
ORD005085,CUST8879,Blinkit,31:29.5,38,Grocery,1094,"Very late delivery, not happy.",2,No,Yes
ORD005086,CUST4245,JioMart,27:29.5,28,Snacks,291,Packaging could be better.,3,No,No
ORD005088,CUST7476,Blinkit,47:29.5,30,Dairy,274,Excellent experience!,5,No,No
ORD005091,CUST5034,Swiggy Instamart,42:29.5,31,Beverages,508,Delivery person was rude.,2,No,Yes
ORD005092,CUST4970,Blinkit,25:29.5,15,Personal Care,1815,Good quality products.,4,No,No
ORD005093,CUST2173,Swiggy Instamart,21:29.5,22,Beverages,305,"Very late delivery, not happy.",2,No,Yes
ORD005094,CUST5362,JioMart,40:29.5,41,Fruits & Vegetables,470,"Easy to order, loved it!",5,Yes,No
ORD005096,CUST6298,Blinkit,17:29.5,19,Grocery,924,"Horrible experience, never ordering again.",1,No,Yes
ORD005099,CUST7776,Swiggy Instamart,37:29.5,35,Fruits & Vegetables,469,"Not fresh, disappointed.",2,No,Yes
ORD005101,CUST6984,Swiggy Instamart,54:29.5,39,Dairy,794,Quick and reliable!,5,No,No
ORD005106,CUST1396,Swiggy Instamart,33:29.5,26,Beverages,404,Excellent experience!,5,No,No
ORD005107,CUST5994,JioMart,28:29.5,17,Snacks,254,Wrong item delivered.,1,No,Yes
ORD005109,CUST6729,Blinkit,28:29.5,40,Grocery,1144,Very satisfied with the service.,5,No,No
ORD005113,CUST1735,Swiggy Instamart,10:29.5,33,Fruits & Vegetables,335,Good quality products.,4,No,No
ORD005114,CUST4825,JioMart,28:29.5,36,Dairy,625,Delivery person was rude.,2,No,Yes
ORD005116,CUST7124,JioMart,17:29.5,24,Dairy,722,Good quality products.,4,No,No
ORD005118,CUST2405,JioMart,32:29.5,26,Beverages,216,"Easy to order, loved it!",5,No,No
ORD005119,CUST2841,JioMart,24:29.5,32,Dairy,336,"Easy to order, loved it!",5,No,No
ORD005123,CUST5713,JioMart,35:29.5,28,Personal Care,651,Quick and reliable!,5,No,No
ORD005125,CUST6624,JioMart,26:29.5,28,Dairy,545,"Easy to order, loved it!",5,No,No
ORD005126,CUST2823,Blinkit,41:29.5,25,Beverages,324,"Easy to order, loved it!",5,No,No
ORD005127,CUST5999,JioMart,01:29.5,23,Fruits & Vegetables,341,Good quality products.,4,No,No
ORD005129,CUST8719,JioMart,30:29.5,14,Snacks,52,Packaging could be better.,3,No,No
ORD005132,CUST4424,Blinkit,11:29.5,21,Snacks,368,Packaging could be better.,3,No,No
ORD005135,CUST4339,Swiggy Instamart,38:29.5,34,Dairy,789,"Very late delivery, not happy.",2,No,Yes
ORD005136,CUST9952,JioMart,24:29.5,34,Beverages,837,"Not fresh, disappointed.",2,No,Yes
ORD005137,CUST9573,Swiggy Instamart,29:29.5,20,Fruits & Vegetables,460,Packaging could be better.,3,No,No
ORD005140,CUST8913,JioMart,39:29.5,41,Personal Care,1239,Excellent experience!,5,Yes,No
ORD005141,CUST3315,JioMart,20:29.5,26,Snacks,313,Quick and reliable!,5,No,No
ORD005142,CUST1301,JioMart,02:29.5,17,Beverages,623,Quick and reliable!,5,No,No
ORD005143,CUST7170,Swiggy Instamart,43:29.5,19,Snacks,488,"Not fresh, disappointed.",2,No,Yes
ORD005144,CUST9631,JioMart,29:29.5,39,Grocery,747,Items missing from order.,2,No,Yes
ORD005145,CUST1712,JioMart,19:29.5,35,Dairy,422,"Very late delivery, not happy.",2,No,Yes
ORD005146,CUST5185,Blinkit,58:29.5,22,Fruits & Vegetables,692,Items missing from order.,2,No,Yes
ORD005147,CUST3790,Blinkit,25:29.5,32,Personal Care,1924,"Fast delivery, great service!",5,No,No
ORD005148,CUST1984,Blinkit,03:29.5,39,Fruits & Vegetables,163,"Very late delivery, not happy.",2,No,Yes
ORD005153,CUST8617,Blinkit,02:29.5,30,Snacks,160,"Horrible experience, never ordering again.",1,No,Yes
ORD005155,CUST2091,JioMart,22:29.5,19,Beverages,838,Items missing from order.,2,No,Yes
ORD005157,CUST5445,Swiggy Instamart,10:29.5,26,Beverages,816,Items missing from order.,2,No,Yes
ORD005159,CUST2767,Blinkit,37:29.5,22,Snacks,351,Items missing from order.,2,No,Yes
ORD005160,CUST1312,JioMart,00:29.5,49,Dairy,405,Very satisfied with the service.,5,Yes,No
ORD005161,CUST5792,Blinkit,44:29.5,42,Beverages,528,"Easy to order, loved it!",5,Yes,No
ORD005162,CUST7332,JioMart,47:29.5,21,Dairy,249,"Not fresh, disappointed.",2,No,Yes
ORD005169,CUST9709,JioMart,18:29.5,27,Dairy,232,Very satisfied with the service.,5,No,No
ORD005171,CUST4054,Blinkit,58:29.5,38,Beverages,152,Good quality products.,4,No,No
ORD005173,CUST9202,Blinkit,21:29.5,41,Snacks,411,Wrong item delivered.,1,Yes,Yes
ORD005174,CUST8503,Swiggy Instamart,28:29.5,36,Fruits & Vegetables,261,Very satisfied with the service.,5,No,No
ORD005175,CUST1352,Swiggy Instamart,39:29.5,40,Snacks,235,Delivery person was rude.,2,No,Yes
ORD005179,CUST5995,Blinkit,13:29.5,34,Snacks,373,"Easy to order, loved it!",5,No,No
ORD005180,CUST6465,Swiggy Instamart,48:29.5,23,Dairy,440,Wrong item delivered.,1,No,Yes
ORD005181,CUST9027,JioMart,08:29.5,23,Grocery,586,Very satisfied with the service.,5,No,No
ORD005182,CUST7445,JioMart,30:29.5,26,Beverages,796,Excellent experience!,5,No,No
ORD005183,CUST3572,Blinkit,57:29.5,34,Dairy,768,Delivery person was rude.,2,No,Yes
ORD005185,CUST6681,JioMart,47:29.5,29,Dairy,150,Packaging could be better.,3,No,No
ORD005186,CUST6765,JioMart,26:29.5,22,Personal Care,1260,Excellent experience!,5,No,No
ORD005187,CUST6822,Swiggy Instamart,03:29.5,21,Beverages,914,Packaging could be better.,3,No,No
ORD005188,CUST5953,Swiggy Instamart,40:29.5,33,Dairy,558,Wrong item delivered.,1,No,Yes
ORD005189,CUST4869,JioMart,45:29.5,31,Snacks,332,Good quality products.,4,No,No
ORD005190,CUST9212,JioMart,21:29.5,32,Personal Care,1510,Delivery person was rude.,2,No,Yes
ORD005191,CUST5519,Blinkit,52:29.5,31,Personal Care,664,"Not fresh, disappointed.",2,No,Yes
ORD005192,CUST2015,Blinkit,12:29.5,44,Grocery,1067,Delivery person was rude.,2,Yes,Yes
ORD005193,CUST5221,JioMart,17:29.5,41,Personal Care,298,Wrong item delivered.,1,Yes,Yes
ORD005194,CUST7343,Blinkit,41:29.5,16,Fruits & Vegetables,398,Good quality products.,4,No,No
ORD005195,CUST1482,JioMart,35:29.5,25,Snacks,317,Very satisfied with the service.,5,No,No
ORD005196,CUST5590,JioMart,29:29.5,26,Snacks,320,Wrong item delivered.,1,No,Yes
ORD005199,CUST6599,Swiggy Instamart,24:29.5,31,Snacks,323,Quick and reliable!,5,No,No
ORD005203,CUST7262,Blinkit,04:29.5,22,Snacks,391,Packaging could be better.,3,No,No
ORD005204,CUST9531,JioMart,18:29.5,36,Beverages,967,Excellent experience!,5,No,No
ORD005205,CUST4726,Blinkit,21:29.5,39,Grocery,372,"Not fresh, disappointed.",2,No,Yes
ORD005206,CUST7837,JioMart,31:29.5,36,Beverages,103,Good quality products.,4,No,No
ORD005207,CUST4938,Swiggy Instamart,40:29.5,35,Dairy,204,Excellent experience!,5,No,No
ORD005208,CUST3502,Swiggy Instamart,11:29.5,22,Fruits & Vegetables,580,Excellent experience!,5,No,No
ORD005209,CUST7987,Swiggy Instamart,04:29.5,13,Fruits & Vegetables,611,Packaging could be better.,3,No,No
ORD005210,CUST6118,JioMart,53:29.5,17,Grocery,580,Items missing from order.,2,No,Yes
ORD005211,CUST6395,Blinkit,44:29.5,25,Grocery,1004,Good quality products.,4,No,No
ORD005214,CUST3158,Swiggy Instamart,58:29.5,20,Beverages,736,"Not fresh, disappointed.",2,No,Yes
ORD005216,CUST3270,Swiggy Instamart,53:29.5,31,Personal Care,888,"Easy to order, loved it!",5,No,No
ORD005217,CUST9869,Blinkit,12:29.5,41,Beverages,745,Wrong item delivered.,1,Yes,Yes
ORD005222,CUST3215,Swiggy Instamart,39:29.5,33,Grocery,1023,Items missing from order.,2,No,Yes
ORD005224,CUST3378,Swiggy Instamart,31:29.5,28,Fruits & Vegetables,293,"Not fresh, disappointed.",2,No,Yes
ORD005226,CUST6201,Swiggy Instamart,55:29.5,26,Personal Care,1394,Very satisfied with the service.,5,No,No
ORD005227,CUST2111,Swiggy Instamart,13:29.5,22,Grocery,882,Good quality products.,4,No,No
ORD005228,CUST9732,Blinkit,06:29.5,43,Personal Care,1670,"Horrible experience, never ordering again.",1,Yes,Yes
ORD005229,CUST2939,Blinkit,34:29.5,22,Fruits & Vegetables,279,Good quality products.,4,No,No
ORD005230,CUST4016,Swiggy Instamart,15:29.5,29,Grocery,568,"Very late delivery, not happy.",2,No,Yes
ORD005231,CUST6203,Blinkit,23:29.5,26,Fruits & Vegetables,100,Excellent experience!,5,No,No
ORD005232,CUST3384,Blinkit,24:29.5,29,Snacks,340,Delivery person was rude.,2,No,Yes
ORD005236,CUST7737,Swiggy Instamart,50:29.5,25,Dairy,179,Good quality products.,4,No,No
ORD005237,CUST5970,JioMart,22:29.5,36,Snacks,366,"Fast delivery, great service!",5,No,No
ORD005239,CUST5485,Swiggy Instamart,16:29.5,33,Beverages,787,Good quality products.,4,No,No
ORD005240,CUST3489,Blinkit,34:29.5,39,Dairy,798,Very satisfied with the service.,5,No,No
ORD005242,CUST2749,Swiggy Instamart,05:29.5,24,Grocery,361,Items missing from order.,2,No,Yes
ORD005243,CUST3155,Blinkit,55:29.5,33,Fruits & Vegetables,551,Good quality products.,4,No,No
ORD005244,CUST4026,JioMart,42:29.5,33,Snacks,242,Good quality products.,4,No,No
ORD005245,CUST1429,Swiggy Instamart,02:29.5,14,Personal Care,1268,Very satisfied with the service.,5,No,No
ORD005246,CUST5372,Swiggy Instamart,00:29.5,13,Fruits & Vegetables,125,"Easy to order, loved it!",5,No,No
ORD005247,CUST4783,JioMart,11:29.5,34,Dairy,257,Quick and reliable!,5,No,No
ORD005252,CUST2302,JioMart,10:29.5,29,Grocery,640,Very satisfied with the service.,5,No,No
ORD005253,CUST8808,Blinkit,06:29.5,44,Personal Care,1315,"Horrible experience, never ordering again.",1,Yes,Yes
ORD005255,CUST9230,JioMart,40:29.5,32,Dairy,149,Delivery person was rude.,2,No,Yes
ORD005256,CUST8680,Blinkit,57:29.5,24,Dairy,166,Items missing from order.,2,No,Yes
ORD005261,CUST8763,Blinkit,44:29.5,33,Snacks,432,"Easy to order, loved it!",5,No,No
ORD005264,CUST4166,JioMart,47:29.5,33,Dairy,311,Packaging could be better.,3,No,No
ORD005267,CUST7694,JioMart,07:29.5,7,Beverages,727,Excellent experience!,5,No,No
ORD005268,CUST1245,Blinkit,55:29.5,30,Snacks,141,Items missing from order.,2,No,Yes
ORD005269,CUST5421,Swiggy Instamart,54:29.5,26,Personal Care,821,Good quality products.,4,No,No
ORD005271,CUST4646,JioMart,32:29.5,25,Snacks,446,"Easy to order, loved it!",5,No,No
ORD005272,CUST4323,Blinkit,49:29.5,19,Grocery,260,Wrong item delivered.,1,No,Yes
ORD005273,CUST4351,JioMart,43:29.5,46,Fruits & Vegetables,63,"Not fresh, disappointed.",2,Yes,Yes
ORD005275,CUST3901,Blinkit,51:29.5,42,Dairy,665,"Not fresh, disappointed.",2,Yes,Yes
ORD005276,CUST8197,Swiggy Instamart,40:29.5,34,Personal Care,1755,Packaging could be better.,3,No,No
ORD005278,CUST6323,Blinkit,53:29.5,53,Snacks,166,"Very late delivery, not happy.",2,Yes,Yes
ORD005280,CUST5043,Swiggy Instamart,28:29.5,62,Snacks,68,Excellent experience!,5,Yes,No
ORD005282,CUST7633,Swiggy Instamart,16:29.5,42,Dairy,329,Very satisfied with the service.,5,Yes,No
ORD005286,CUST7457,Swiggy Instamart,21:29.5,38,Fruits & Vegetables,620,"Not fresh, disappointed.",2,No,Yes
ORD005287,CUST9784,JioMart,14:29.5,25,Snacks,241,Very satisfied with the service.,5,No,No
ORD005288,CUST9605,Swiggy Instamart,48:29.5,26,Snacks,473,"Horrible experience, never ordering again.",1,No,Yes
ORD005289,CUST1630,Swiggy Instamart,15:29.5,26,Grocery,1224,Delivery person was rude.,2,No,Yes
ORD005292,CUST8399,Blinkit,31:29.5,21,Dairy,780,"Not fresh, disappointed.",2,No,Yes
ORD005293,CUST8485,JioMart,52:29.5,34,Dairy,335,Quick and reliable!,5,No,No
ORD005294,CUST1694,Blinkit,28:29.5,34,Fruits & Vegetables,473,"Very late delivery, not happy.",2,No,Yes
ORD005295,CUST5025,Swiggy Instamart,48:29.5,15,Dairy,469,"Fast delivery, great service!",5,No,No
ORD005297,CUST9812,JioMart,24:29.5,18,Fruits & Vegetables,485,Excellent experience!,5,No,No
ORD005299,CUST1643,Swiggy Instamart,08:29.5,26,Personal Care,1334,Delivery person was rude.,2,No,Yes
ORD005301,CUST9456,Swiggy Instamart,39:29.5,36,Dairy,458,"Not fresh, disappointed.",2,No,Yes
ORD005304,CUST5770,Blinkit,06:29.5,13,Grocery,824,Good quality products.,4,No,No
ORD005305,CUST8201,Blinkit,36:29.5,19,Snacks,91,"Easy to order, loved it!",5,No,No
ORD005307,CUST5989,Blinkit,43:29.5,26,Beverages,387,"Horrible experience, never ordering again.",1,No,Yes
ORD005309,CUST8558,Swiggy Instamart,48:29.5,20,Fruits & Vegetables,686,Very satisfied with the service.,5,No,No
ORD005310,CUST3727,JioMart,32:29.5,22,Beverages,673,Wrong item delivered.,1,No,Yes
ORD005311,CUST7921,Swiggy Instamart,09:29.5,41,Snacks,68,Very satisfied with the service.,5,Yes,No
ORD005312,CUST5823,Swiggy Instamart,28:29.5,32,Snacks,343,"Not fresh, disappointed.",2,No,Yes
ORD005316,CUST8595,Swiggy Instamart,21:29.5,28,Dairy,580,"Horrible experience, never ordering again.",1,No,Yes
ORD005317,CUST8400,Swiggy Instamart,28:29.5,42,Beverages,157,"Easy to order, loved it!",5,Yes,No
ORD005321,CUST3945,Swiggy Instamart,51:29.5,32,Beverages,623,"Very late delivery, not happy.",2,No,Yes
ORD005323,CUST3216,Blinkit,14:29.5,31,Fruits & Vegetables,387,"Fast delivery, great service!",5,No,No
ORD005324,CUST7440,Swiggy Instamart,14:29.5,35,Grocery,411,"Easy to order, loved it!",5,No,No
ORD005327,CUST8387,JioMart,31:29.5,26,Beverages,548,"Easy to order, loved it!",5,No,No
ORD005328,CUST1408,Swiggy Instamart,01:29.5,27,Snacks,102,Excellent experience!,5,No,No
ORD005329,CUST3930,JioMart,30:29.5,21,Beverages,198,Quick and reliable!,5,No,No
ORD005336,CUST3686,Blinkit,19:29.5,18,Fruits & Vegetables,127,"Fast delivery, great service!",5,No,No
ORD005339,CUST2870,Blinkit,57:29.5,22,Dairy,698,Packaging could be better.,3,No,No
ORD005341,CUST6946,Blinkit,08:29.5,26,Snacks,233,"Easy to order, loved it!",5,No,No
ORD005342,CUST2397,Swiggy Instamart,25:29.5,17,Dairy,774,Good quality products.,4,No,No
ORD005344,CUST7292,Blinkit,18:29.5,32,Beverages,483,Delivery person was rude.,2,No,Yes
ORD005346,CUST3619,JioMart,55:29.5,31,Dairy,247,Quick and reliable!,5,No,No
ORD005348,CUST7235,JioMart,16:29.5,44,Grocery,1218,Good quality products.,4,Yes,No
ORD005350,CUST3799,JioMart,44:29.5,28,Snacks,207,Very satisfied with the service.,5,No,No
ORD005352,CUST3459,JioMart,13:29.5,24,Dairy,317,Quick and reliable!,5,No,No
ORD005353,CUST3656,JioMart,56:29.5,37,Fruits & Vegetables,99,Items missing from order.,2,No,Yes
ORD005356,CUST1840,Blinkit,55:29.5,29,Personal Care,356,Items missing from order.,2,No,Yes
ORD005358,CUST6047,Swiggy Instamart,31:29.5,37,Beverages,977,Items missing from order.,2,No,Yes
ORD005359,CUST6071,JioMart,06:29.5,19,Grocery,1219,"Easy to order, loved it!",5,No,No
ORD005361,CUST5731,Swiggy Instamart,50:29.5,43,Grocery,777,"Easy to order, loved it!",5,Yes,No
ORD005362,CUST3960,Blinkit,12:29.5,39,Snacks,406,Quick and reliable!,5,No,No
ORD005363,CUST2926,Blinkit,13:29.5,44,Personal Care,1645,"Very late delivery, not happy.",2,Yes,Yes
ORD005366,CUST1057,JioMart,58:29.5,44,Snacks,294,Very satisfied with the service.,5,Yes,No
ORD005367,CUST5146,JioMart,44:29.5,37,Fruits & Vegetables,494,Wrong item delivered.,1,No,Yes
ORD005369,CUST8514,JioMart,12:29.5,37,Personal Care,1233,Packaging could be better.,3,No,No
ORD005371,CUST9169,JioMart,29:29.5,37,Snacks,188,Excellent experience!,5,No,No
ORD005373,CUST1094,JioMart,31:29.5,33,Dairy,582,"Horrible experience, never ordering again.",1,No,Yes
ORD005374,CUST9084,Blinkit,36:29.5,32,Beverages,980,"Very late delivery, not happy.",2,No,Yes
ORD005375,CUST4897,Swiggy Instamart,21:29.5,45,Dairy,537,Packaging could be better.,3,Yes,No
ORD005376,CUST4553,Blinkit,32:29.5,42,Grocery,454,"Fast delivery, great service!",5,Yes,No
ORD005379,CUST7719,Blinkit,39:29.5,27,Beverages,653,Delivery person was rude.,2,No,Yes
ORD005381,CUST2300,Swiggy Instamart,05:29.5,48,Beverages,426,Very satisfied with the service.,5,Yes,No
ORD005385,CUST5556,Swiggy Instamart,01:29.5,33,Personal Care,474,Good quality products.,4,No,No
ORD005387,CUST1801,JioMart,40:29.5,32,Beverages,954,"Not fresh, disappointed.",2,No,Yes
ORD005388,CUST4028,Swiggy Instamart,17:29.5,16,Grocery,220,Items missing from order.,2,No,Yes
ORD005389,CUST3429,JioMart,02:29.5,15,Personal Care,558,"Fast delivery, great service!",5,No,No
ORD005390,CUST1902,Blinkit,55:29.5,35,Dairy,658,Items missing from order.,2,No,Yes
ORD005394,CUST1531,JioMart,07:29.5,49,Fruits & Vegetables,511,"Horrible experience, never ordering again.",1,Yes,Yes
ORD005397,CUST2436,Swiggy Instamart,41:29.5,39,Snacks,411,"Very late delivery, not happy.",2,No,Yes
ORD005399,CUST2784,JioMart,39:29.5,19,Grocery,1066,"Fast delivery, great service!",5,No,No
ORD005400,CUST7831,Blinkit,09:29.5,33,Fruits & Vegetables,216,"Easy to order, loved it!",5,No,No
ORD005401,CUST3920,Swiggy Instamart,06:29.5,31,Grocery,1267,Items missing from order.,2,No,Yes
ORD005402,CUST3643,Swiggy Instamart,28:29.5,31,Personal Care,1883,Items missing from order.,2,No,Yes
ORD005403,CUST5659,Swiggy Instamart,06:29.5,34,Grocery,462,Very satisfied with the service.,5,No,No
ORD005412,CUST7208,Swiggy Instamart,13:29.5,45,Dairy,784,Packaging could be better.,3,Yes,No
ORD005414,CUST8001,JioMart,59:29.5,12,Personal Care,263,"Easy to order, loved it!",5,No,No
ORD005416,CUST5797,JioMart,05:29.5,41,Personal Care,137,"Easy to order, loved it!",5,Yes,No
ORD005418,CUST3204,Blinkit,34:29.5,30,Fruits & Vegetables,206,"Horrible experience, never ordering again.",1,No,Yes
ORD005419,CUST2999,JioMart,39:29.5,28,Beverages,582,"Very late delivery, not happy.",2,No,Yes
ORD005421,CUST6393,Swiggy Instamart,05:29.5,53,Snacks,297,Very satisfied with the service.,5,Yes,No
ORD005422,CUST9635,Blinkit,21:29.5,36,Beverages,873,Very satisfied with the service.,5,No,No
ORD005426,CUST4425,Swiggy Instamart,28:29.5,38,Grocery,818,"Very late delivery, not happy.",2,No,Yes
ORD005427,CUST1953,Blinkit,06:29.5,34,Fruits & Vegetables,309,"Very late delivery, not happy.",2,No,Yes
ORD005431,CUST8924,Swiggy Instamart,15:29.5,49,Beverages,418,"Not fresh, disappointed.",2,Yes,Yes
ORD005432,CUST5705,Blinkit,19:29.5,28,Snacks,448,Packaging could be better.,3,No,No
ORD005433,CUST7996,Blinkit,56:29.5,13,Fruits & Vegetables,447,"Very late delivery, not happy.",2,No,Yes
ORD005437,CUST6797,Blinkit,50:29.5,22,Grocery,692,Very satisfied with the service.,5,No,No
ORD005438,CUST3125,Blinkit,59:29.5,15,Fruits & Vegetables,493,"Very late delivery, not happy.",2,No,Yes
ORD005442,CUST9069,Blinkit,36:29.5,39,Snacks,445,"Fast delivery, great service!",5,No,No
ORD005445,CUST5759,Blinkit,55:29.5,29,Dairy,739,Very satisfied with the service.,5,No,No
ORD005446,CUST4171,Swiggy Instamart,12:29.5,44,Snacks,51,"Very late delivery, not happy.",2,Yes,Yes
ORD005449,CUST1392,Blinkit,06:29.5,15,Snacks,202,Items missing from order.,2,No,Yes
ORD005451,CUST2932,Swiggy Instamart,56:29.5,18,Snacks,74,Very satisfied with the service.,5,No,No
ORD005456,CUST6468,Blinkit,09:29.5,31,Fruits & Vegetables,98,"Horrible experience, never ordering again.",1,No,Yes
ORD005458,CUST4478,Blinkit,37:29.5,17,Beverages,226,Wrong item delivered.,1,No,Yes
ORD005460,CUST4296,Blinkit,41:29.5,51,Personal Care,1629,"Easy to order, loved it!",5,Yes,No
ORD005461,CUST5614,Blinkit,22:29.5,17,Grocery,265,Very satisfied with the service.,5,No,No
ORD005462,CUST5168,JioMart,12:29.5,38,Dairy,695,Good quality products.,4,No,No
ORD005464,CUST6042,Swiggy Instamart,57:29.5,35,Grocery,1054,Delivery person was rude.,2,No,Yes
ORD005466,CUST9301,JioMart,09:29.5,23,Personal Care,231,"Very late delivery, not happy.",2,No,Yes
ORD005467,CUST6307,Blinkit,39:29.5,31,Grocery,1462,Excellent experience!,5,No,No
ORD005472,CUST7488,Blinkit,33:29.5,15,Dairy,418,"Not fresh, disappointed.",2,No,Yes
ORD005473,CUST1477,Swiggy Instamart,30:29.5,18,Personal Care,1453,"Easy to order, loved it!",5,No,No
ORD005479,CUST8774,Swiggy Instamart,10:29.5,31,Snacks,189,"Fast delivery, great service!",5,No,No
ORD005480,CUST1582,Blinkit,18:29.5,33,Personal Care,1921,Packaging could be better.,3,No,No
ORD005481,CUST3224,JioMart,55:29.5,31,Grocery,474,"Horrible experience, never ordering again.",1,No,Yes
ORD005482,CUST8888,Blinkit,49:29.5,23,Snacks,161,Wrong item delivered.,1,No,Yes
ORD005486,CUST6490,Swiggy Instamart,02:29.5,21,Grocery,1179,Very satisfied with the service.,5,No,No
ORD005487,CUST8577,JioMart,31:29.5,27,Personal Care,947,Delivery person was rude.,2,No,Yes
ORD005489,CUST1917,JioMart,05:29.5,33,Personal Care,1390,Items missing from order.,2,No,Yes
ORD005491,CUST5904,Blinkit,49:29.5,5,Dairy,338,Quick and reliable!,5,No,No
ORD005495,CUST4412,JioMart,39:29.5,40,Grocery,848,"Not fresh, disappointed.",2,No,Yes
ORD005499,CUST3446,Swiggy Instamart,46:29.5,45,Beverages,676,Wrong item delivered.,1,Yes,Yes
ORD005500,CUST5595,Blinkit,43:29.5,16,Dairy,432,Items missing from order.,2,No,Yes
ORD005502,CUST6556,Blinkit,34:29.5,5,Snacks,153,Packaging could be better.,3,No,No
ORD005504,CUST9753,Swiggy Instamart,40:29.5,13,Dairy,703,Excellent experience!,5,No,No
ORD005506,CUST7382,Blinkit,46:29.5,21,Beverages,677,Good quality products.,4,No,No
ORD005508,CUST2914,Swiggy Instamart,11:29.5,25,Dairy,757,Excellent experience!,5,No,No
ORD005511,CUST1518,Swiggy Instamart,02:29.5,5,Beverages,864,"Easy to order, loved it!",5,No,No
ORD005512,CUST5448,Swiggy Instamart,19:29.5,37,Fruits & Vegetables,257,Items missing from order.,2,No,Yes
ORD005513,CUST7780,JioMart,04:29.5,17,Personal Care,482,"Horrible experience, never ordering again.",1,No,Yes
ORD005515,CUST9143,JioMart,34:29.5,28,Grocery,318,"Easy to order, loved it!",5,No,No
ORD005517,CUST7088,JioMart,15:29.5,38,Grocery,875,"Horrible experience, never ordering again.",1,No,Yes
ORD005519,CUST5958,Blinkit,28:29.5,40,Dairy,272,Delivery person was rude.,2,No,Yes
ORD005520,CUST4541,Swiggy Instamart,34:29.5,31,Fruits & Vegetables,124,Wrong item delivered.,1,No,Yes
ORD005521,CUST9603,Blinkit,26:29.5,38,Grocery,624,"Easy to order, loved it!",5,No,No
ORD005527,CUST4311,Swiggy Instamart,43:29.5,24,Beverages,863,"Very late delivery, not happy.",2,No,Yes
ORD005528,CUST2517,Swiggy Instamart,36:29.5,57,Personal Care,637,Packaging could be better.,3,Yes,No
ORD005529,CUST8270,Blinkit,36:29.5,26,Beverages,961,Good quality products.,4,No,No
ORD005530,CUST9290,Blinkit,21:29.5,33,Snacks,205,"Horrible experience, never ordering again.",1,No,Yes
ORD005532,CUST8907,Swiggy Instamart,38:29.5,25,Beverages,767,"Fast delivery, great service!",5,No,No
ORD005533,CUST9192,Blinkit,40:29.5,40,Snacks,327,"Horrible experience, never ordering again.",1,No,Yes
ORD005534,CUST3524,Blinkit,37:29.5,28,Snacks,478,"Very late delivery, not happy.",2,No,Yes
ORD005536,CUST6572,JioMart,17:29.5,38,Beverages,570,"Fast delivery, great service!",5,No,No
ORD005538,CUST9579,Blinkit,41:29.5,21,Snacks,178,"Not fresh, disappointed.",2,No,Yes
ORD005539,CUST6084,Blinkit,58:29.5,32,Dairy,450,"Easy to order, loved it!",5,No,No
ORD005546,CUST1598,Blinkit,02:29.5,22,Beverages,865,Good quality products.,4,No,No
ORD005547,CUST8526,Swiggy Instamart,58:29.5,25,Fruits & Vegetables,220,"Very late delivery, not happy.",2,No,Yes
ORD005548,CUST7350,JioMart,27:29.5,29,Personal Care,1850,Wrong item delivered.,1,No,Yes
ORD005549,CUST9558,Swiggy Instamart,28:29.5,25,Personal Care,1885,Excellent experience!,5,No,No
ORD005554,CUST2426,JioMart,04:29.5,18,Beverages,256,Quick and reliable!,5,No,No
ORD005556,CUST8649,Swiggy Instamart,31:29.5,33,Personal Care,946,"Not fresh, disappointed.",2,No,Yes
ORD005557,CUST1755,Blinkit,31:29.5,28,Snacks,346,"Very late delivery, not happy.",2,No,Yes
ORD005558,CUST2689,JioMart,34:29.5,38,Beverages,444,"Fast delivery, great service!",5,No,No
ORD005561,CUST1368,Swiggy Instamart,20:29.5,32,Beverages,837,"Very late delivery, not happy.",2,No,Yes
ORD005562,CUST6114,Blinkit,27:29.5,40,Snacks,141,Good quality products.,4,No,No
ORD005565,CUST4285,Swiggy Instamart,37:29.5,38,Fruits & Vegetables,399,Excellent experience!,5,No,No
ORD005568,CUST5532,JioMart,44:29.5,14,Dairy,245,"Horrible experience, never ordering again.",1,No,Yes
ORD005571,CUST8227,Blinkit,03:29.5,39,Dairy,156,Excellent experience!,5,No,No
ORD005572,CUST2927,Swiggy Instamart,52:29.5,34,Fruits & Vegetables,415,Delivery person was rude.,2,No,Yes
ORD005573,CUST5467,Swiggy Instamart,28:29.5,23,Snacks,430,Items missing from order.,2,No,Yes
ORD005576,CUST5483,Swiggy Instamart,56:29.5,32,Fruits & Vegetables,66,Excellent experience!,5,No,No
ORD005577,CUST2875,Swiggy Instamart,14:29.5,38,Dairy,668,Very satisfied with the service.,5,No,No
ORD005578,CUST1249,JioMart,10:29.5,20,Grocery,1364,Quick and reliable!,5,No,No
ORD005579,CUST9422,Blinkit,18:29.5,33,Beverages,853,"Not fresh, disappointed.",2,No,Yes
ORD005581,CUST4384,JioMart,09:29.5,5,Grocery,1012,Wrong item delivered.,1,No,Yes
ORD005583,CUST6739,Swiggy Instamart,11:29.5,34,Dairy,243,"Horrible experience, never ordering again.",1,No,Yes
ORD005585,CUST5440,Blinkit,00:29.5,33,Fruits & Vegetables,199,Quick and reliable!,5,No,No
ORD005586,CUST3319,JioMart,41:29.5,36,Grocery,792,Wrong item delivered.,1,No,Yes
ORD005589,CUST3806,Swiggy Instamart,16:29.5,41,Beverages,532,Very satisfied with the service.,5,Yes,No
ORD005590,CUST2167,Swiggy Instamart,10:29.5,30,Fruits & Vegetables,402,Very satisfied with the service.,5,No,No
ORD005591,CUST6101,Swiggy Instamart,37:29.5,14,Grocery,573,"Easy to order, loved it!",5,No,No
ORD005594,CUST8268,Swiggy Instamart,30:29.5,24,Dairy,591,"Fast delivery, great service!",5,No,No
ORD005598,CUST8712,Blinkit,56:29.5,24,Personal Care,322,"Easy to order, loved it!",5,No,No
ORD005599,CUST1826,JioMart,17:29.5,20,Beverages,962,Very satisfied with the service.,5,No,No
ORD005603,CUST2410,JioMart,52:29.5,37,Dairy,433,Delivery person was rude.,2,No,Yes
ORD005607,CUST8304,Swiggy Instamart,08:29.5,32,Personal Care,1206,"Not fresh, disappointed.",2,No,Yes
ORD005608,CUST6826,JioMart,57:29.5,12,Fruits & Vegetables,199,Excellent experience!,5,No,No
ORD005610,CUST6444,JioMart,28:29.5,18,Dairy,317,Excellent experience!,5,No,No
ORD005613,CUST2286,JioMart,06:29.5,39,Fruits & Vegetables,247,"Easy to order, loved it!",5,No,No
ORD005614,CUST8629,JioMart,03:29.5,38,Dairy,161,"Horrible experience, never ordering again.",1,No,Yes
ORD005617,CUST8672,Swiggy Instamart,20:29.5,28,Beverages,371,"Horrible experience, never ordering again.",1,No,Yes
ORD005618,CUST2593,Blinkit,17:29.5,30,Snacks,315,"Horrible experience, never ordering again.",1,No,Yes
ORD005619,CUST8464,Swiggy Instamart,47:29.5,30,Dairy,777,"Not fresh, disappointed.",2,No,Yes
ORD005625,CUST3354,Blinkit,34:29.5,28,Grocery,1349,Wrong item delivered.,1,No,Yes
ORD005626,CUST5227,Swiggy Instamart,20:29.5,30,Fruits & Vegetables,482,Items missing from order.,2,No,Yes
ORD005627,CUST6954,Blinkit,33:29.5,23,Grocery,888,"Fast delivery, great service!",5,No,No
ORD005628,CUST7423,Swiggy Instamart,27:29.5,35,Grocery,294,Good quality products.,4,No,No
ORD005629,CUST4004,Blinkit,36:29.5,36,Fruits & Vegetables,612,Wrong item delivered.,1,No,Yes
ORD005630,CUST6412,Blinkit,19:29.5,6,Fruits & Vegetables,311,Delivery person was rude.,2,No,Yes
ORD005631,CUST6320,Swiggy Instamart,37:29.5,14,Beverages,241,Good quality products.,4,No,No
ORD005632,CUST8426,Blinkit,01:29.5,28,Beverages,618,"Easy to order, loved it!",5,No,No
ORD005634,CUST1495,Swiggy Instamart,23:29.5,32,Beverages,881,"Not fresh, disappointed.",2,No,Yes
ORD005637,CUST2849,JioMart,23:29.5,36,Snacks,457,Good quality products.,4,No,No
ORD005638,CUST6758,Swiggy Instamart,46:29.5,28,Fruits & Vegetables,606,"Not fresh, disappointed.",2,No,Yes
ORD005640,CUST8556,Blinkit,54:29.5,16,Snacks,342,"Fast delivery, great service!",5,No,No
ORD005642,CUST5624,Swiggy Instamart,25:29.5,35,Personal Care,1722,Quick and reliable!,5,No,No
ORD005644,CUST3087,Swiggy Instamart,42:29.5,30,Snacks,453,Delivery person was rude.,2,No,Yes
ORD005645,CUST9322,Blinkit,26:29.5,33,Fruits & Vegetables,316,Wrong item delivered.,1,No,Yes
ORD005646,CUST2686,JioMart,23:29.5,38,Personal Care,656,"Not fresh, disappointed.",2,No,Yes
ORD005647,CUST7646,JioMart,36:29.5,26,Personal Care,541,Packaging could be better.,3,No,No
ORD005650,CUST2162,Swiggy Instamart,07:29.5,32,Personal Care,768,Very satisfied with the service.,5,No,No
ORD005655,CUST7773,JioMart,16:29.5,30,Snacks,478,Excellent experience!,5,No,No
ORD005659,CUST3605,Blinkit,11:29.5,34,Snacks,353,"Horrible experience, never ordering again.",1,No,Yes
ORD005660,CUST8903,JioMart,14:29.5,25,Grocery,208,Wrong item delivered.,1,No,Yes
ORD005662,CUST2082,Blinkit,28:29.5,34,Dairy,257,"Not fresh, disappointed.",2,No,Yes
ORD005664,CUST4411,Swiggy Instamart,27:29.5,17,Grocery,1035,Very satisfied with the service.,5,No,No
ORD005665,CUST8063,Blinkit,26:29.5,53,Personal Care,860,Packaging could be better.,3,Yes,No
ORD005666,CUST8132,Blinkit,52:29.5,34,Dairy,327,"Very late delivery, not happy.",2,No,Yes
ORD005667,CUST6606,JioMart,50:29.5,38,Grocery,1449,Wrong item delivered.,1,No,Yes
ORD005670,CUST3835,Blinkit,34:29.5,25,Fruits & Vegetables,357,"Horrible experience, never ordering again.",1,No,Yes
ORD005673,CUST2873,Blinkit,45:29.5,17,Fruits & Vegetables,467,"Not fresh, disappointed.",2,No,Yes
ORD005674,CUST8584,Blinkit,29:29.5,47,Personal Care,1079,"Very late delivery, not happy.",2,Yes,Yes
ORD005675,CUST6330,JioMart,20:29.5,27,Beverages,750,Packaging could be better.,3,No,No
ORD005677,CUST8294,Blinkit,28:29.5,24,Beverages,588,Delivery person was rude.,2,No,Yes
ORD005678,CUST3886,JioMart,29:29.5,22,Dairy,504,Wrong item delivered.,1,No,Yes
ORD005679,CUST6046,Swiggy Instamart,45:29.5,44,Fruits & Vegetables,103,"Easy to order, loved it!",5,Yes,No
ORD005680,CUST7648,JioMart,05:29.5,28,Snacks,182,"Horrible experience, never ordering again.",1,No,Yes
ORD005682,CUST2781,Swiggy Instamart,14:29.5,32,Dairy,205,"Horrible experience, never ordering again.",1,No,Yes
ORD005686,CUST2007,Blinkit,09:29.5,41,Grocery,358,Good quality products.,4,Yes,No
ORD005688,CUST4565,Swiggy Instamart,11:29.5,21,Fruits & Vegetables,640,Very satisfied with the service.,5,No,No
ORD005691,CUST3403,Blinkit,06:29.5,45,Grocery,850,Excellent experience!,5,Yes,No
ORD005693,CUST8421,JioMart,58:29.5,44,Snacks,355,"Easy to order, loved it!",5,Yes,No
ORD005694,CUST9704,Swiggy Instamart,15:29.5,30,Snacks,259,Excellent experience!,5,No,No
ORD005697,CUST8326,Swiggy Instamart,28:29.5,47,Personal Care,1320,Quick and reliable!,5,Yes,No
ORD005698,CUST4205,JioMart,19:29.5,35,Personal Care,1085,Good quality products.,4,No,No
ORD005699,CUST4369,JioMart,35:29.5,20,Grocery,423,Quick and reliable!,5,No,No
ORD005700,CUST6187,Blinkit,11:29.5,40,Snacks,344,Good quality products.,4,No,No
ORD005701,CUST5910,Blinkit,55:29.5,40,Fruits & Vegetables,168,Delivery person was rude.,2,No,Yes
ORD005703,CUST8122,Swiggy Instamart,08:29.5,34,Snacks,420,Very satisfied with the service.,5,No,No
ORD005709,CUST3089,JioMart,17:29.5,17,Fruits & Vegetables,438,Excellent experience!,5,No,No
ORD005711,CUST2022,Swiggy Instamart,39:29.5,21,Snacks,435,"Very late delivery, not happy.",2,No,Yes
ORD005714,CUST1870,JioMart,54:29.5,41,Fruits & Vegetables,255,"Not fresh, disappointed.",2,Yes,Yes
ORD005715,CUST1013,Blinkit,32:29.5,33,Fruits & Vegetables,109,Packaging could be better.,3,No,No
ORD005717,CUST2797,Swiggy Instamart,24:29.5,29,Grocery,311,Quick and reliable!,5,No,No
ORD005718,CUST5623,JioMart,26:29.5,37,Snacks,458,"Easy to order, loved it!",5,No,No
ORD005720,CUST4854,Swiggy Instamart,13:29.5,35,Snacks,104,Wrong item delivered.,1,No,Yes
ORD005721,CUST8073,JioMart,57:29.5,23,Dairy,692,"Not fresh, disappointed.",2,No,Yes
ORD005722,CUST7459,Blinkit,34:29.5,30,Grocery,312,"Fast delivery, great service!",5,No,No
ORD005723,CUST6212,Blinkit,28:29.5,36,Fruits & Vegetables,316,Wrong item delivered.,1,No,Yes
ORD005724,CUST7271,Swiggy Instamart,20:29.5,44,Dairy,563,Very satisfied with the service.,5,Yes,No
ORD005728,CUST9931,Swiggy Instamart,39:29.5,26,Grocery,848,"Easy to order, loved it!",5,No,No
ORD005730,CUST3841,Swiggy Instamart,22:29.5,32,Grocery,1147,"Not fresh, disappointed.",2,No,Yes
ORD005732,CUST3278,Swiggy Instamart,08:29.5,49,Snacks,286,"Very late delivery, not happy.",2,Yes,Yes
ORD005733,CUST4083,JioMart,34:29.5,27,Grocery,478,Excellent experience!,5,No,No
ORD005734,CUST7301,Swiggy Instamart,07:29.5,37,Snacks,338,"Very late delivery, not happy.",2,No,Yes
ORD005735,CUST6902,Swiggy Instamart,01:29.5,25,Dairy,696,Packaging could be better.,3,No,No
ORD005736,CUST7835,JioMart,41:29.5,48,Snacks,164,"Horrible experience, never ordering again.",1,Yes,Yes
ORD005738,CUST5726,JioMart,06:29.5,36,Beverages,545,Packaging could be better.,3,No,No
ORD005739,CUST3056,Swiggy Instamart,29:29.5,6,Fruits & Vegetables,191,Items missing from order.,2,No,Yes
ORD005742,CUST2175,Blinkit,25:29.5,15,Personal Care,1291,Quick and reliable!,5,No,No
ORD005744,CUST3359,JioMart,43:29.5,62,Grocery,898,"Not fresh, disappointed.",2,Yes,Yes
ORD005745,CUST8974,Blinkit,56:29.5,19,Snacks,116,Packaging could be better.,3,No,No
ORD005752,CUST7974,JioMart,55:29.5,25,Snacks,198,Good quality products.,4,No,No
ORD005758,CUST7303,Swiggy Instamart,43:29.5,25,Fruits & Vegetables,629,Packaging could be better.,3,No,No
ORD005759,CUST6821,Swiggy Instamart,36:29.5,22,Beverages,740,Excellent experience!,5,No,No
ORD005760,CUST4698,Swiggy Instamart,09:29.5,28,Fruits & Vegetables,696,"Not fresh, disappointed.",2,No,Yes
ORD005762,CUST7959,Swiggy Instamart,08:29.5,37,Dairy,340,Very satisfied with the service.,5,No,No
ORD005763,CUST1121,Swiggy Instamart,06:29.5,41,Snacks,377,"Fast delivery, great service!",5,Yes,No
ORD005764,CUST9161,Blinkit,31:29.5,23,Grocery,1472,Wrong item delivered.,1,No,Yes
ORD005766,CUST9220,Swiggy Instamart,37:29.5,22,Personal Care,1164,"Not fresh, disappointed.",2,No,Yes
ORD005767,CUST5411,Swiggy Instamart,08:29.5,31,Personal Care,478,"Horrible experience, never ordering again.",1,No,Yes
ORD005769,CUST9948,JioMart,22:29.5,27,Grocery,825,"Very late delivery, not happy.",2,No,Yes
ORD005771,CUST1548,JioMart,28:29.5,31,Snacks,116,"Easy to order, loved it!",5,No,No
ORD005773,CUST8917,JioMart,39:29.5,9,Dairy,525,Excellent experience!,5,No,No
ORD005778,CUST3327,JioMart,32:29.5,28,Dairy,266,Quick and reliable!,5,No,No
ORD005780,CUST5578,JioMart,04:29.5,28,Beverages,730,"Horrible experience, never ordering again.",1,No,Yes
ORD005782,CUST9469,Blinkit,47:29.5,19,Dairy,655,Very satisfied with the service.,5,No,No
ORD005783,CUST2281,Blinkit,51:29.5,45,Grocery,1456,Items missing from order.,2,Yes,Yes
ORD005785,CUST2449,JioMart,53:29.5,35,Beverages,118,Very satisfied with the service.,5,No,No
ORD005786,CUST5017,JioMart,33:29.5,40,Dairy,658,"Not fresh, disappointed.",2,No,Yes
ORD005791,CUST1864,Swiggy Instamart,08:29.5,5,Dairy,673,"Easy to order, loved it!",5,No,No
ORD005792,CUST6628,Swiggy Instamart,13:29.5,37,Grocery,1018,"Fast delivery, great service!",5,No,No
ORD005793,CUST9765,Swiggy Instamart,55:29.5,26,Dairy,342,Excellent experience!,5,No,No
ORD005794,CUST1176,Blinkit,14:29.5,21,Dairy,343,Wrong item delivered.,1,No,Yes
ORD005795,CUST8681,JioMart,58:29.5,32,Beverages,558,Items missing from order.,2,No,Yes
ORD005801,CUST6782,Swiggy Instamart,40:29.5,31,Fruits & Vegetables,87,"Very late delivery, not happy.",2,No,Yes
ORD005802,CUST5827,Blinkit,27:29.5,29,Personal Care,401,"Fast delivery, great service!",5,No,No
ORD005803,CUST5738,Swiggy Instamart,45:29.5,31,Personal Care,1316,"Horrible experience, never ordering again.",1,No,Yes
ORD005804,CUST3744,JioMart,02:29.5,33,Beverages,205,Good quality products.,4,No,No
ORD005806,CUST5981,Swiggy Instamart,22:29.5,38,Fruits & Vegetables,168,Good quality products.,4,No,No
ORD005807,CUST5267,JioMart,28:29.5,31,Dairy,439,Very satisfied with the service.,5,No,No
ORD005808,CUST2006,JioMart,34:29.5,37,Dairy,135,Packaging could be better.,3,No,No
ORD005810,CUST3770,Blinkit,53:29.5,30,Personal Care,838,"Easy to order, loved it!",5,No,No
ORD005812,CUST5780,Blinkit,11:29.5,36,Snacks,349,"Very late delivery, not happy.",2,No,Yes
ORD005813,CUST1447,Swiggy Instamart,58:29.5,30,Dairy,540,"Horrible experience, never ordering again.",1,No,Yes
ORD005814,CUST5699,JioMart,34:29.5,26,Personal Care,619,Good quality products.,4,No,No
ORD005815,CUST8942,JioMart,34:29.5,31,Fruits & Vegetables,320,"Very late delivery, not happy.",2,No,Yes
ORD005816,CUST2351,JioMart,35:29.5,43,Dairy,710,Good quality products.,4,Yes,No
ORD005817,CUST3077,Swiggy Instamart,21:29.5,5,Dairy,128,"Very late delivery, not happy.",2,No,Yes
ORD005821,CUST5129,Swiggy Instamart,10:29.5,38,Snacks,405,"Very late delivery, not happy.",2,No,Yes
ORD005823,CUST5603,Swiggy Instamart,15:29.5,25,Grocery,1091,"Fast delivery, great service!",5,No,No
ORD005824,CUST5509,Swiggy Instamart,44:29.5,43,Beverages,904,"Horrible experience, never ordering again.",1,Yes,Yes
ORD005825,CUST5209,Swiggy Instamart,43:29.5,11,Snacks,423,Good quality products.,4,No,No
ORD005826,CUST1232,Blinkit,29:29.5,35,Beverages,649,"Horrible experience, never ordering again.",1,No,Yes
ORD005828,CUST3860,Blinkit,41:29.5,41,Personal Care,654,Good quality products.,4,Yes,No
ORD005831,CUST7058,JioMart,49:29.5,38,Fruits & Vegetables,441,"Very late delivery, not happy.",2,No,Yes
ORD005832,CUST3873,Swiggy Instamart,38:29.5,23,Beverages,793,Items missing from order.,2,No,Yes
ORD005833,CUST5280,Blinkit,25:29.5,28,Grocery,806,"Very late delivery, not happy.",2,No,Yes
ORD005835,CUST8944,Blinkit,45:29.5,17,Dairy,359,Wrong item delivered.,1,No,Yes
ORD005837,CUST9640,Swiggy Instamart,24:29.5,29,Dairy,303,"Easy to order, loved it!",5,No,No
ORD005838,CUST1542,Swiggy Instamart,34:29.5,29,Dairy,515,Very satisfied with the service.,5,No,No
ORD005840,CUST2382,Swiggy Instamart,16:29.5,22,Snacks,155,Quick and reliable!,5,No,No
ORD005841,CUST3376,Blinkit,01:29.5,36,Grocery,550,Delivery person was rude.,2,No,Yes
ORD005843,CUST9125,Swiggy Instamart,31:29.5,59,Dairy,692,"Easy to order, loved it!",5,Yes,No
ORD005845,CUST7277,Swiggy Instamart,05:29.5,25,Personal Care,1760,Delivery person was rude.,2,No,Yes
ORD005847,CUST8211,Swiggy Instamart,13:29.5,38,Personal Care,965,Items missing from order.,2,No,Yes
ORD005849,CUST4454,Blinkit,15:29.5,33,Fruits & Vegetables,84,Wrong item delivered.,1,No,Yes
ORD005851,CUST1890,Swiggy Instamart,29:29.5,18,Snacks,421,Excellent experience!,5,No,No
ORD005856,CUST8602,JioMart,02:29.5,42,Dairy,402,Packaging could be better.,3,Yes,No
ORD005857,CUST7533,JioMart,22:29.5,34,Snacks,92,Wrong item delivered.,1,No,Yes
ORD005861,CUST9724,Blinkit,42:29.5,41,Beverages,182,Very satisfied with the service.,5,Yes,No
ORD005862,CUST4828,JioMart,52:29.5,17,Dairy,306,Excellent experience!,5,No,No
ORD005863,CUST7222,Blinkit,11:29.5,17,Personal Care,1127,"Not fresh, disappointed.",2,No,Yes
ORD005864,CUST7390,Swiggy Instamart,17:29.5,36,Dairy,496,"Horrible experience, never ordering again.",1,No,Yes
ORD005866,CUST5302,JioMart,24:29.5,21,Beverages,640,"Horrible experience, never ordering again.",1,No,Yes
ORD005868,CUST9690,Blinkit,47:29.5,37,Personal Care,263,Quick and reliable!,5,No,No
ORD005873,CUST7258,JioMart,18:29.5,23,Grocery,1237,Good quality products.,4,No,No
ORD005875,CUST9687,JioMart,20:29.5,26,Beverages,237,Items missing from order.,2,No,Yes
ORD005877,CUST2595,JioMart,41:29.5,37,Snacks,145,Delivery person was rude.,2,No,Yes
ORD005880,CUST8074,Swiggy Instamart,24:29.5,47,Dairy,363,Excellent experience!,5,Yes,No
ORD005881,CUST5466,Blinkit,53:29.5,5,Fruits & Vegetables,273,"Easy to order, loved it!",5,No,No
ORD005883,CUST5429,Blinkit,43:29.5,35,Snacks,395,Quick and reliable!,5,No,No
ORD005885,CUST2610,JioMart,01:29.5,39,Snacks,332,Packaging could be better.,3,No,No
ORD005888,CUST8554,Blinkit,53:29.5,33,Personal Care,816,"Horrible experience, never ordering again.",1,No,Yes
ORD005889,CUST4961,JioMart,47:29.5,26,Beverages,604,"Fast delivery, great service!",5,No,No
ORD005890,CUST4193,Blinkit,42:29.5,36,Fruits & Vegetables,513,Very satisfied with the service.,5,No,No
ORD005892,CUST6528,JioMart,18:29.5,20,Dairy,667,"Very late delivery, not happy.",2,No,Yes
ORD005894,CUST6132,Blinkit,11:29.5,16,Beverages,631,Very satisfied with the service.,5,No,No
ORD005904,CUST8306,Swiggy Instamart,45:29.5,20,Grocery,1270,"Very late delivery, not happy.",2,No,Yes
ORD005909,CUST4163,Blinkit,47:29.5,30,Personal Care,1039,"Not fresh, disappointed.",2,No,Yes
ORD005910,CUST1557,Swiggy Instamart,04:29.5,20,Fruits & Vegetables,235,Delivery person was rude.,2,No,Yes
ORD005911,CUST1388,JioMart,52:29.5,18,Snacks,337,Items missing from order.,2,No,Yes
ORD005914,CUST4552,JioMart,05:29.5,22,Beverages,699,Packaging could be better.,3,No,No
ORD005915,CUST2995,JioMart,10:29.5,26,Snacks,381,Delivery person was rude.,2,No,Yes
ORD005918,CUST3128,Blinkit,31:29.5,26,Dairy,484,"Easy to order, loved it!",5,No,No
ORD005919,CUST7159,Swiggy Instamart,05:29.5,17,Dairy,220,Packaging could be better.,3,No,No
ORD005922,CUST4018,JioMart,31:29.5,34,Personal Care,896,Items missing from order.,2,No,Yes
ORD005924,CUST5826,Swiggy Instamart,08:29.5,21,Grocery,1352,Excellent experience!,5,No,No
ORD005925,CUST8650,Swiggy Instamart,17:29.5,17,Fruits & Vegetables,462,Quick and reliable!,5,No,No
ORD005926,CUST2240,Blinkit,51:29.5,31,Grocery,1472,"Fast delivery, great service!",5,No,No
ORD005928,CUST5528,Swiggy Instamart,13:29.5,28,Beverages,763,Delivery person was rude.,2,No,Yes
ORD005929,CUST7995,Swiggy Instamart,47:29.5,25,Fruits & Vegetables,348,Excellent experience!,5,No,No
ORD005933,CUST2212,JioMart,47:29.5,30,Snacks,393,Items missing from order.,2,No,Yes
ORD005938,CUST6450,Swiggy Instamart,25:29.5,35,Fruits & Vegetables,686,Quick and reliable!,5,No,No
ORD005940,CUST5230,Blinkit,10:29.5,34,Grocery,1398,Good quality products.,4,No,No
ORD005942,CUST3915,JioMart,30:29.5,17,Beverages,919,Wrong item delivered.,1,No,Yes
ORD005947,CUST7432,Swiggy Instamart,00:29.5,25,Snacks,381,"Fast delivery, great service!",5,No,No
ORD005948,CUST3923,Swiggy Instamart,15:29.5,24,Beverages,383,Good quality products.,4,No,No
ORD005951,CUST3357,JioMart,00:29.5,30,Dairy,760,"Very late delivery, not happy.",2,No,Yes
ORD005952,CUST9857,JioMart,26:29.5,38,Beverages,544,Packaging could be better.,3,No,No
ORD005953,CUST8065,JioMart,43:29.5,35,Grocery,294,Packaging could be better.,3,No,No
ORD005955,CUST2740,JioMart,23:29.5,22,Personal Care,663,Wrong item delivered.,1,No,Yes
ORD005956,CUST8234,JioMart,05:29.5,22,Grocery,300,Very satisfied with the service.,5,No,No
ORD005957,CUST5243,JioMart,12:29.5,31,Grocery,228,Delivery person was rude.,2,No,Yes
ORD005959,CUST1571,Swiggy Instamart,01:29.5,28,Grocery,776,Excellent experience!,5,No,No
ORD005966,CUST3438,Blinkit,10:29.5,39,Dairy,236,Packaging could be better.,3,No,No
ORD005967,CUST1014,Blinkit,27:29.5,49,Personal Care,1750,Good quality products.,4,Yes,No
ORD005968,CUST1619,Blinkit,27:29.5,43,Grocery,1423,Good quality products.,4,Yes,No
ORD005970,CUST5365,Swiggy Instamart,33:29.5,33,Beverages,852,Quick and reliable!,5,No,No
ORD005971,CUST3483,Swiggy Instamart,37:29.5,35,Fruits & Vegetables,607,Packaging could be better.,3,No,No
ORD005973,CUST7411,JioMart,00:29.5,24,Snacks,461,"Fast delivery, great service!",5,No,No
ORD005974,CUST1060,Blinkit,04:29.5,28,Fruits & Vegetables,629,"Fast delivery, great service!",5,No,No
ORD005976,CUST9039,JioMart,15:29.5,16,Snacks,124,Very satisfied with the service.,5,No,No
ORD005977,CUST8833,Swiggy Instamart,56:29.5,30,Grocery,1368,Packaging could be better.,3,No,No
ORD005979,CUST7617,JioMart,39:29.5,30,Beverages,878,Quick and reliable!,5,No,No
ORD005980,CUST2148,Blinkit,33:29.5,30,Dairy,566,Quick and reliable!,5,No,No
ORD005983,CUST1054,Blinkit,50:29.5,24,Fruits & Vegetables,638,"Not fresh, disappointed.",2,No,Yes
ORD005984,CUST7298,JioMart,24:29.5,25,Grocery,1221,Good quality products.,4,No,No
ORD005986,CUST2985,JioMart,29:29.5,25,Personal Care,1267,"Not fresh, disappointed.",2,No,Yes
ORD005987,CUST9770,Swiggy Instamart,49:29.5,26,Personal Care,210,Delivery person was rude.,2,No,Yes
ORD005988,CUST6880,JioMart,24:29.5,32,Fruits & Vegetables,579,"Very late delivery, not happy.",2,No,Yes
ORD005989,CUST6463,Blinkit,34:29.5,5,Beverages,249,"Horrible experience, never ordering again.",1,No,Yes
ORD005992,CUST1904,Blinkit,25:29.5,24,Personal Care,485,Wrong item delivered.,1,No,Yes
ORD005993,CUST2485,JioMart,58:29.5,49,Beverages,707,"Fast delivery, great service!",5,Yes,No
ORD005996,CUST6571,Blinkit,58:29.5,43,Snacks,336,Good quality products.,4,Yes,No
ORD005997,CUST2318,Swiggy Instamart,12:29.5,28,Personal Care,145,"Fast delivery, great service!",5,No,No
ORD005998,CUST8530,JioMart,06:29.5,34,Dairy,600,Packaging could be better.,3,No,No
ORD005999,CUST5750,Swiggy Instamart,13:29.5,30,Beverages,417,"Very late delivery, not happy.",2,No,Yes
ORD006002,CUST1644,Blinkit,48:29.5,5,Beverages,748,Excellent experience!,5,No,No
ORD006003,CUST7294,Swiggy Instamart,48:29.5,29,Fruits & Vegetables,666,Wrong item delivered.,1,No,Yes
ORD006004,CUST4129,Swiggy Instamart,54:29.5,40,Beverages,509,Good quality products.,4,No,No
ORD006006,CUST7391,JioMart,10:29.5,35,Grocery,1149,Items missing from order.,2,No,Yes
ORD006009,CUST8970,Blinkit,55:29.5,38,Dairy,154,Quick and reliable!,5,No,No
ORD006010,CUST2390,JioMart,37:29.5,14,Dairy,390,"Fast delivery, great service!",5,No,No
ORD006011,CUST8175,Swiggy Instamart,48:29.5,48,Dairy,741,Packaging could be better.,3,Yes,No
ORD006014,CUST1584,Swiggy Instamart,52:29.5,33,Grocery,748,Wrong item delivered.,1,No,Yes
ORD006016,CUST1415,Blinkit,39:29.5,34,Snacks,104,"Easy to order, loved it!",5,No,No
ORD006017,CUST4907,JioMart,51:29.5,37,Snacks,362,Packaging could be better.,3,No,No
ORD006018,CUST9015,JioMart,48:29.5,49,Fruits & Vegetables,695,"Not fresh, disappointed.",2,Yes,Yes
ORD006019,CUST7369,JioMart,13:29.5,27,Fruits & Vegetables,406,Delivery person was rude.,2,No,Yes
ORD006020,CUST2032,Swiggy Instamart,36:29.5,25,Dairy,428,Delivery person was rude.,2,No,Yes
ORD006022,CUST6041,JioMart,38:29.5,27,Personal Care,253,"Not fresh, disappointed.",2,No,Yes
ORD006023,CUST9186,JioMart,44:29.5,23,Snacks,99,Packaging could be better.,3,No,No
ORD006026,CUST1268,Swiggy Instamart,48:29.5,22,Snacks,483,Very satisfied with the service.,5,No,No
ORD006028,CUST6558,Blinkit,39:29.5,29,Fruits & Vegetables,294,Excellent experience!,5,No,No
ORD006034,CUST4468,Swiggy Instamart,34:29.5,25,Grocery,298,Very satisfied with the service.,5,No,No
ORD006036,CUST8509,Swiggy Instamart,24:29.5,54,Dairy,471,"Horrible experience, never ordering again.",1,Yes,Yes
ORD006041,CUST1604,JioMart,20:29.5,42,Personal Care,1024,"Horrible experience, never ordering again.",1,Yes,Yes
ORD006043,CUST9010,JioMart,53:29.5,29,Dairy,394,Packaging could be better.,3,No,No
ORD006045,CUST8720,Swiggy Instamart,35:29.5,26,Grocery,1279,Very satisfied with the service.,5,No,No
ORD006047,CUST4976,JioMart,16:29.5,48,Dairy,786,Good quality products.,4,Yes,No
ORD006048,CUST3138,Blinkit,38:29.5,21,Grocery,1334,"Not fresh, disappointed.",2,No,Yes
ORD006049,CUST1235,Blinkit,33:29.5,22,Personal Care,858,Items missing from order.,2,No,Yes
ORD006050,CUST3822,Blinkit,09:29.5,26,Personal Care,689,"Easy to order, loved it!",5,No,No
ORD006051,CUST1818,JioMart,40:29.5,38,Fruits & Vegetables,514,"Fast delivery, great service!",5,No,No
ORD006052,CUST6035,JioMart,50:29.5,25,Snacks,86,Delivery person was rude.,2,No,Yes
ORD006053,CUST2594,JioMart,12:29.5,39,Dairy,355,Good quality products.,4,No,No
ORD006055,CUST3796,Swiggy Instamart,54:29.5,29,Snacks,318,"Horrible experience, never ordering again.",1,No,Yes
ORD006056,CUST2047,JioMart,01:29.5,31,Personal Care,1004,Items missing from order.,2,No,Yes
ORD006057,CUST2742,Swiggy Instamart,22:29.5,20,Snacks,220,"Horrible experience, never ordering again.",1,No,Yes
ORD006059,CUST9145,Swiggy Instamart,40:29.5,41,Dairy,137,"Very late delivery, not happy.",2,Yes,Yes
ORD006062,CUST4320,JioMart,55:29.5,44,Fruits & Vegetables,331,"Easy to order, loved it!",5,Yes,No
ORD006063,CUST7983,Blinkit,21:29.5,20,Fruits & Vegetables,202,Quick and reliable!,5,No,No
ORD006065,CUST7586,JioMart,04:29.5,5,Beverages,805,"Horrible experience, never ordering again.",1,No,Yes
ORD006066,CUST6312,Blinkit,25:29.5,16,Snacks,125,"Fast delivery, great service!",5,No,No
ORD006067,CUST2979,JioMart,20:29.5,37,Personal Care,847,Items missing from order.,2,No,Yes
ORD006068,CUST9943,JioMart,45:29.5,24,Grocery,777,Good quality products.,4,No,No
ORD006070,CUST6268,JioMart,36:29.5,14,Snacks,92,"Very late delivery, not happy.",2,No,Yes
ORD006071,CUST4493,Swiggy Instamart,58:29.5,5,Snacks,218,Packaging could be better.,3,No,No
ORD006072,CUST1746,JioMart,03:29.5,22,Dairy,669,"Horrible experience, never ordering again.",1,No,Yes
ORD006074,CUST6496,JioMart,20:29.5,26,Snacks,100,"Horrible experience, never ordering again.",1,No,Yes
ORD006077,CUST5487,JioMart,42:29.5,22,Beverages,314,"Not fresh, disappointed.",2,No,Yes
ORD006078,CUST3314,Blinkit,27:29.5,26,Beverages,223,Good quality products.,4,No,No
ORD006079,CUST7801,JioMart,43:29.5,28,Grocery,695,"Very late delivery, not happy.",2,No,Yes
ORD006080,CUST3753,Blinkit,48:29.5,39,Beverages,825,"Fast delivery, great service!",5,No,No
ORD006081,CUST7060,Swiggy Instamart,24:29.5,29,Snacks,211,"Horrible experience, never ordering again.",1,No,Yes
ORD006084,CUST4991,Swiggy Instamart,58:29.5,16,Grocery,1007,"Easy to order, loved it!",5,No,No
ORD006087,CUST2637,JioMart,20:29.5,30,Grocery,1305,Wrong item delivered.,1,No,Yes
ORD006088,CUST7162,Swiggy Instamart,52:29.5,31,Fruits & Vegetables,84,"Very late delivery, not happy.",2,No,Yes
ORD006092,CUST2322,JioMart,53:29.5,24,Grocery,1416,"Easy to order, loved it!",5,No,No
ORD006096,CUST2460,Blinkit,38:29.5,38,Fruits & Vegetables,301,"Horrible experience, never ordering again.",1,No,Yes
ORD006097,CUST5648,Swiggy Instamart,57:29.5,27,Snacks,207,Quick and reliable!,5,No,No
ORD006101,CUST4377,Swiggy Instamart,48:29.5,20,Snacks,261,"Fast delivery, great service!",5,No,No
ORD006103,CUST5439,Swiggy Instamart,36:29.5,38,Dairy,333,Good quality products.,4,No,No
ORD006105,CUST8379,Blinkit,05:29.5,32,Fruits & Vegetables,577,Good quality products.,4,No,No
ORD006114,CUST6699,Blinkit,39:29.5,32,Dairy,429,Very satisfied with the service.,5,No,No
ORD006116,CUST1074,Blinkit,25:29.5,35,Dairy,320,Delivery person was rude.,2,No,Yes
ORD006120,CUST9686,JioMart,54:29.5,34,Beverages,762,Very satisfied with the service.,5,No,No
ORD006121,CUST2567,JioMart,24:29.5,21,Beverages,790,Delivery person was rude.,2,No,Yes
ORD006122,CUST6929,Blinkit,16:29.5,25,Snacks,376,Wrong item delivered.,1,No,Yes
ORD006124,CUST9315,Swiggy Instamart,02:29.5,8,Fruits & Vegetables,439,Wrong item delivered.,1,No,Yes
ORD006125,CUST4592,Blinkit,04:29.5,25,Beverages,659,Excellent experience!,5,No,No
ORD006127,CUST4409,Blinkit,29:29.5,15,Snacks,476,Quick and reliable!,5,No,No
ORD006130,CUST4173,Swiggy Instamart,01:29.5,30,Personal Care,847,Packaging could be better.,3,No,No
ORD006131,CUST2846,Blinkit,18:29.5,34,Fruits & Vegetables,338,Good quality products.,4,No,No
ORD006135,CUST3888,Blinkit,44:29.5,26,Grocery,473,Delivery person was rude.,2,No,Yes
ORD006136,CUST3617,JioMart,47:29.5,49,Fruits & Vegetables,335,"Horrible experience, never ordering again.",1,Yes,Yes
ORD006139,CUST6966,Swiggy Instamart,13:29.5,21,Beverages,247,Excellent experience!,5,No,No
ORD006141,CUST4433,Blinkit,04:29.5,24,Personal Care,204,Quick and reliable!,5,No,No
ORD006144,CUST6477,Blinkit,47:29.5,13,Personal Care,1253,Excellent experience!,5,No,No
ORD006145,CUST8424,JioMart,19:29.5,36,Fruits & Vegetables,594,"Fast delivery, great service!",5,No,No
ORD006146,CUST1709,Blinkit,04:29.5,47,Snacks,457,Quick and reliable!,5,Yes,No
ORD006147,CUST2710,Blinkit,01:29.5,22,Personal Care,825,Packaging could be better.,3,No,No
ORD006148,CUST1859,JioMart,11:29.5,40,Grocery,915,"Easy to order, loved it!",5,No,No
ORD006152,CUST1476,Swiggy Instamart,51:29.5,26,Grocery,924,"Very late delivery, not happy.",2,No,Yes
ORD006153,CUST8947,Blinkit,41:29.5,39,Beverages,121,Delivery person was rude.,2,No,Yes
ORD006154,CUST9436,Swiggy Instamart,56:29.5,36,Dairy,623,"Very late delivery, not happy.",2,No,Yes
ORD006157,CUST4855,Swiggy Instamart,31:29.5,22,Snacks,309,"Easy to order, loved it!",5,No,No
ORD006158,CUST8287,Swiggy Instamart,58:29.5,19,Personal Care,1842,Excellent experience!,5,No,No
ORD006161,CUST4256,Swiggy Instamart,42:29.5,33,Grocery,811,"Fast delivery, great service!",5,No,No
ORD006162,CUST6336,Swiggy Instamart,35:29.5,34,Personal Care,1149,"Horrible experience, never ordering again.",1,No,Yes
ORD006163,CUST4769,JioMart,43:29.5,31,Beverages,960,"Very late delivery, not happy.",2,No,Yes
ORD006164,CUST2804,Blinkit,45:29.5,29,Personal Care,830,Very satisfied with the service.,5,No,No
ORD006166,CUST4731,Blinkit,25:29.5,42,Dairy,719,"Very late delivery, not happy.",2,Yes,Yes
ORD006167,CUST2606,Blinkit,05:29.5,25,Beverages,744,Excellent experience!,5,No,No
ORD006168,CUST4884,Swiggy Instamart,25:29.5,27,Grocery,530,"Horrible experience, never ordering again.",1,No,Yes
ORD006169,CUST7759,Swiggy Instamart,22:29.5,8,Beverages,913,"Not fresh, disappointed.",2,No,Yes
ORD006170,CUST4276,JioMart,37:29.5,24,Snacks,102,Items missing from order.,2,No,Yes
ORD006171,CUST7152,JioMart,37:29.5,26,Snacks,364,Delivery person was rude.,2,No,Yes
ORD006172,CUST4615,Blinkit,28:29.5,41,Fruits & Vegetables,403,Delivery person was rude.,2,Yes,Yes
ORD006174,CUST8716,JioMart,29:29.5,28,Fruits & Vegetables,692,Excellent experience!,5,No,No
ORD006175,CUST8936,Blinkit,58:29.5,28,Fruits & Vegetables,449,"Very late delivery, not happy.",2,No,Yes
ORD006178,CUST3374,Swiggy Instamart,11:29.5,36,Grocery,898,"Fast delivery, great service!",5,No,No
ORD006181,CUST3917,Swiggy Instamart,09:29.5,18,Beverages,470,"Very late delivery, not happy.",2,No,Yes
ORD006182,CUST7346,Swiggy Instamart,19:29.5,50,Snacks,385,Wrong item delivered.,1,Yes,Yes
ORD006183,CUST7119,Blinkit,14:29.5,24,Snacks,398,Very satisfied with the service.,5,No,No
ORD006185,CUST8499,JioMart,50:29.5,25,Snacks,174,Excellent experience!,5,No,No
ORD006186,CUST4181,Swiggy Instamart,41:29.5,23,Snacks,386,Items missing from order.,2,No,Yes
ORD006188,CUST5418,JioMart,09:29.5,29,Beverages,613,Items missing from order.,2,No,Yes
ORD006189,CUST4313,Swiggy Instamart,54:29.5,31,Snacks,469,"Not fresh, disappointed.",2,No,Yes
ORD006190,CUST6503,JioMart,20:29.5,9,Dairy,289,"Fast delivery, great service!",5,No,No
ORD006191,CUST3084,Blinkit,08:29.5,31,Snacks,66,"Fast delivery, great service!",5,No,No
ORD006196,CUST2820,Blinkit,06:29.5,24,Dairy,711,"Easy to order, loved it!",5,No,No
ORD006197,CUST8627,Blinkit,36:29.5,29,Grocery,1297,"Easy to order, loved it!",5,No,No
ORD006198,CUST8513,JioMart,25:29.5,18,Grocery,1177,Items missing from order.,2,No,Yes
ORD006204,CUST3568,Blinkit,11:29.5,22,Personal Care,1643,Delivery person was rude.,2,No,Yes
ORD006205,CUST3784,Blinkit,24:29.5,45,Personal Care,1804,Wrong item delivered.,1,Yes,Yes
ORD006206,CUST4763,JioMart,36:29.5,39,Dairy,611,Quick and reliable!,5,No,No
ORD006207,CUST2416,JioMart,02:29.5,28,Beverages,397,Packaging could be better.,3,No,No
ORD006211,CUST4546,Swiggy Instamart,46:29.5,28,Beverages,594,Packaging could be better.,3,No,No
ORD006212,CUST8757,Swiggy Instamart,51:29.5,24,Fruits & Vegetables,65,Wrong item delivered.,1,No,Yes
ORD006215,CUST1237,JioMart,03:29.5,35,Dairy,490,"Easy to order, loved it!",5,No,No
ORD006216,CUST8014,JioMart,22:29.5,18,Fruits & Vegetables,474,"Easy to order, loved it!",5,No,No
ORD006217,CUST5041,Blinkit,24:29.5,20,Beverages,377,"Very late delivery, not happy.",2,No,Yes
ORD006220,CUST8114,Swiggy Instamart,07:29.5,31,Dairy,253,Good quality products.,4,No,No
ORD006223,CUST1083,JioMart,11:29.5,32,Dairy,337,Excellent experience!,5,No,No
ORD006224,CUST7844,Swiggy Instamart,04:29.5,25,Dairy,579,"Horrible experience, never ordering again.",1,No,Yes
ORD006226,CUST1656,Blinkit,16:29.5,31,Dairy,468,"Easy to order, loved it!",5,No,No
ORD006233,CUST8852,JioMart,51:29.5,21,Snacks,346,Delivery person was rude.,2,No,Yes
ORD006234,CUST2605,JioMart,08:29.5,46,Fruits & Vegetables,144,"Very late delivery, not happy.",2,Yes,Yes
ORD006236,CUST9114,Swiggy Instamart,43:29.5,20,Snacks,461,Very satisfied with the service.,5,No,No
ORD006237,CUST4940,JioMart,33:29.5,44,Grocery,632,"Very late delivery, not happy.",2,Yes,Yes
ORD006238,CUST2361,Blinkit,49:29.5,38,Beverages,908,Items missing from order.,2,No,Yes
ORD006239,CUST1203,Swiggy Instamart,00:29.5,26,Fruits & Vegetables,137,Very satisfied with the service.,5,No,No
ORD006240,CUST7662,Swiggy Instamart,38:29.5,26,Personal Care,1088,Excellent experience!,5,No,No
ORD006243,CUST6872,JioMart,44:29.5,37,Grocery,886,"Very late delivery, not happy.",2,No,Yes
ORD006245,CUST4916,JioMart,05:29.5,37,Personal Care,1158,Quick and reliable!,5,No,No
ORD006246,CUST2486,Swiggy Instamart,18:29.5,35,Snacks,143,Items missing from order.,2,No,Yes
ORD006247,CUST1260,Blinkit,46:29.5,5,Dairy,252,"Fast delivery, great service!",5,No,No
ORD006248,CUST8860,JioMart,05:29.5,33,Dairy,284,Quick and reliable!,5,No,No
ORD006251,CUST8524,Swiggy Instamart,29:29.5,15,Personal Care,1143,Good quality products.,4,No,No
ORD006252,CUST1399,Blinkit,07:29.5,17,Beverages,882,Very satisfied with the service.,5,No,No
ORD006253,CUST8452,Swiggy Instamart,27:29.5,31,Dairy,583,"Very late delivery, not happy.",2,No,Yes
ORD006255,CUST3271,JioMart,21:29.5,55,Snacks,104,Excellent experience!,5,Yes,No
ORD006256,CUST7641,Blinkit,47:29.5,35,Fruits & Vegetables,256,"Horrible experience, never ordering again.",1,No,Yes
ORD006257,CUST4030,JioMart,52:29.5,24,Personal Care,908,"Horrible experience, never ordering again.",1,No,Yes
ORD006259,CUST8607,Blinkit,49:29.5,32,Personal Care,1617,Wrong item delivered.,1,No,Yes
ORD006260,CUST1022,JioMart,48:29.5,23,Grocery,1424,Quick and reliable!,5,No,No
ORD006261,CUST2158,Blinkit,36:29.5,17,Personal Care,1569,Delivery person was rude.,2,No,Yes
ORD006263,CUST6454,JioMart,43:29.5,25,Beverages,305,Packaging could be better.,3,No,No
ORD006266,CUST5859,JioMart,51:29.5,51,Fruits & Vegetables,201,"Horrible experience, never ordering again.",1,Yes,Yes
ORD006267,CUST7977,Swiggy Instamart,44:29.5,21,Personal Care,1277,Excellent experience!,5,No,No
ORD006268,CUST5420,JioMart,43:29.5,17,Fruits & Vegetables,74,Wrong item delivered.,1,No,Yes
ORD006269,CUST9887,Blinkit,17:29.5,28,Beverages,676,Delivery person was rude.,2,No,Yes
ORD006270,CUST4393,JioMart,00:29.5,34,Grocery,1342,"Very late delivery, not happy.",2,No,Yes
ORD006271,CUST2326,Blinkit,10:29.5,34,Dairy,302,Wrong item delivered.,1,No,Yes
ORD006273,CUST1898,Blinkit,29:29.5,32,Fruits & Vegetables,458,"Fast delivery, great service!",5,No,No
ORD006277,CUST2818,Blinkit,07:29.5,18,Snacks,197,"Not fresh, disappointed.",2,No,Yes
ORD006279,CUST6989,JioMart,57:29.5,41,Dairy,639,Packaging could be better.,3,Yes,No
ORD006280,CUST8624,JioMart,46:29.5,19,Personal Care,165,"Not fresh, disappointed.",2,No,Yes
ORD006281,CUST1669,Swiggy Instamart,01:29.5,19,Snacks,79,Excellent experience!,5,No,No
ORD006283,CUST7003,JioMart,35:29.5,34,Snacks,53,"Easy to order, loved it!",5,No,No
ORD006286,CUST4354,JioMart,01:29.5,13,Dairy,719,Quick and reliable!,5,No,No
ORD006288,CUST6487,Blinkit,17:29.5,41,Dairy,612,"Fast delivery, great service!",5,Yes,No
ORD006291,CUST2860,JioMart,26:29.5,28,Grocery,1041,Good quality products.,4,No,No
ORD006292,CUST8839,JioMart,44:29.5,46,Dairy,611,"Easy to order, loved it!",5,Yes,No
ORD006293,CUST4437,JioMart,18:29.5,41,Personal Care,961,Wrong item delivered.,1,Yes,Yes
ORD006294,CUST4693,JioMart,42:29.5,32,Snacks,273,Wrong item delivered.,1,No,Yes
ORD006295,CUST6250,Swiggy Instamart,59:29.5,32,Personal Care,1085,"Easy to order, loved it!",5,No,No
ORD006296,CUST6778,JioMart,17:29.5,48,Grocery,377,Packaging could be better.,3,Yes,No
ORD006298,CUST9250,Swiggy Instamart,30:29.5,28,Snacks,54,Items missing from order.,2,No,Yes
ORD006300,CUST5540,JioMart,12:29.5,21,Fruits & Vegetables,250,Wrong item delivered.,1,No,Yes
ORD006301,CUST1892,Swiggy Instamart,50:29.5,41,Fruits & Vegetables,588,Delivery person was rude.,2,Yes,Yes
ORD006302,CUST2038,Swiggy Instamart,08:29.5,33,Snacks,205,Good quality products.,4,No,No
ORD006304,CUST6656,JioMart,12:29.5,33,Beverages,499,Good quality products.,4,No,No
ORD006306,CUST8966,Swiggy Instamart,39:29.5,28,Fruits & Vegetables,416,"Fast delivery, great service!",5,No,No
ORD006307,CUST9215,Swiggy Instamart,31:29.5,40,Fruits & Vegetables,180,"Fast delivery, great service!",5,No,No
ORD006308,CUST9629,Blinkit,55:29.5,29,Personal Care,1291,Quick and reliable!,5,No,No
ORD006309,CUST3010,Swiggy Instamart,06:29.5,30,Grocery,887,"Easy to order, loved it!",5,No,No
ORD006310,CUST8703,Blinkit,43:29.5,26,Grocery,511,Excellent experience!,5,No,No
ORD006311,CUST9714,JioMart,10:29.5,28,Dairy,501,Good quality products.,4,No,No
ORD006312,CUST9730,JioMart,23:29.5,33,Personal Care,377,"Very late delivery, not happy.",2,No,Yes
ORD006313,CUST5788,Swiggy Instamart,32:29.5,29,Dairy,410,"Easy to order, loved it!",5,No,No
ORD006315,CUST7031,JioMart,10:29.5,27,Fruits & Vegetables,87,Wrong item delivered.,1,No,Yes
ORD006317,CUST4085,JioMart,27:29.5,28,Snacks,296,Wrong item delivered.,1,No,Yes
ORD006320,CUST2313,Swiggy Instamart,59:29.5,28,Grocery,723,"Easy to order, loved it!",5,No,No
ORD006321,CUST7400,Swiggy Instamart,54:29.5,33,Beverages,721,Items missing from order.,2,No,Yes
ORD006322,CUST3929,Swiggy Instamart,13:29.5,34,Fruits & Vegetables,359,Good quality products.,4,No,No
ORD006323,CUST5724,JioMart,22:29.5,18,Grocery,597,Delivery person was rude.,2,No,Yes
ORD006326,CUST3699,Blinkit,03:29.5,33,Personal Care,1604,"Very late delivery, not happy.",2,No,Yes
ORD006328,CUST2835,Blinkit,56:29.5,7,Fruits & Vegetables,375,Delivery person was rude.,2,No,Yes
ORD006329,CUST3424,Blinkit,26:29.5,38,Fruits & Vegetables,508,"Very late delivery, not happy.",2,No,Yes
ORD006330,CUST9131,Blinkit,09:29.5,35,Dairy,464,Delivery person was rude.,2,No,Yes
ORD006331,CUST3465,Blinkit,20:29.5,27,Grocery,777,"Easy to order, loved it!",5,No,No
ORD006334,CUST1371,Swiggy Instamart,11:29.5,29,Fruits & Vegetables,348,"Very late delivery, not happy.",2,No,Yes
ORD006337,CUST9870,JioMart,59:29.5,27,Beverages,884,Excellent experience!,5,No,No
ORD006338,CUST3163,Blinkit,59:29.5,19,Beverages,169,"Easy to order, loved it!",5,No,No
ORD006339,CUST8764,JioMart,57:29.5,14,Grocery,1241,Delivery person was rude.,2,No,Yes
ORD006343,CUST1351,Swiggy Instamart,53:29.5,32,Fruits & Vegetables,386,Items missing from order.,2,No,Yes
ORD006344,CUST5776,Blinkit,11:29.5,39,Beverages,126,"Easy to order, loved it!",5,No,No
ORD006345,CUST4097,JioMart,48:29.5,32,Snacks,201,"Very late delivery, not happy.",2,No,Yes
ORD006346,CUST2031,Blinkit,56:29.5,59,Beverages,840,Wrong item delivered.,1,Yes,Yes
ORD006347,CUST1361,JioMart,11:29.5,26,Fruits & Vegetables,684,Items missing from order.,2,No,Yes
ORD006348,CUST4806,Swiggy Instamart,39:29.5,32,Fruits & Vegetables,383,Packaging could be better.,3,No,No
ORD006349,CUST9513,JioMart,58:29.5,22,Dairy,742,Good quality products.,4,No,No
ORD006352,CUST6616,Swiggy Instamart,00:29.5,11,Snacks,353,Packaging could be better.,3,No,No
ORD006353,CUST6346,Blinkit,44:29.5,20,Fruits & Vegetables,529,Very satisfied with the service.,5,No,No
ORD006354,CUST8965,Swiggy Instamart,06:29.5,27,Snacks,442,Wrong item delivered.,1,No,Yes
ORD006356,CUST9986,JioMart,06:29.5,34,Personal Care,1985,Good quality products.,4,No,No
ORD006357,CUST8295,Blinkit,17:29.5,14,Personal Care,673,Quick and reliable!,5,No,No
ORD006362,CUST3813,Blinkit,45:29.5,37,Fruits & Vegetables,637,Quick and reliable!,5,No,No
ORD006363,CUST5259,JioMart,48:29.5,33,Snacks,394,Packaging could be better.,3,No,No
ORD006364,CUST4715,Swiggy Instamart,06:29.5,17,Grocery,527,Packaging could be better.,3,No,No
ORD006366,CUST7093,Blinkit,50:29.5,39,Snacks,207,"Easy to order, loved it!",5,No,No
ORD006368,CUST1775,JioMart,19:29.5,18,Fruits & Vegetables,330,"Easy to order, loved it!",5,No,No
ORD006379,CUST3514,Swiggy Instamart,30:29.5,24,Beverages,677,"Not fresh, disappointed.",2,No,Yes
ORD006382,CUST2915,Swiggy Instamart,24:29.5,45,Grocery,944,"Easy to order, loved it!",5,Yes,No
ORD006385,CUST3072,Blinkit,34:29.5,24,Snacks,461,Wrong item delivered.,1,No,Yes
ORD006386,CUST8223,Swiggy Instamart,45:29.5,38,Fruits & Vegetables,629,Good quality products.,4,No,No
ORD006387,CUST5266,Blinkit,17:29.5,25,Personal Care,777,"Horrible experience, never ordering again.",1,No,Yes
ORD006388,CUST7056,Blinkit,28:29.5,25,Snacks,330,Delivery person was rude.,2,No,Yes
ORD006392,CUST6192,JioMart,11:29.5,18,Snacks,465,"Easy to order, loved it!",5,No,No
ORD006394,CUST3423,Swiggy Instamart,18:29.5,23,Dairy,698,Quick and reliable!,5,No,No
ORD006395,CUST7109,Swiggy Instamart,02:29.5,15,Personal Care,325,"Horrible experience, never ordering again.",1,No,Yes
ORD006396,CUST8347,JioMart,45:29.5,31,Grocery,408,"Very late delivery, not happy.",2,No,Yes
ORD006397,CUST9845,Blinkit,56:29.5,31,Snacks,347,Wrong item delivered.,1,No,Yes
ORD006398,CUST3663,Blinkit,28:29.5,36,Beverages,816,Quick and reliable!,5,No,No
ORD006400,CUST5940,Swiggy Instamart,43:29.5,28,Grocery,484,Packaging could be better.,3,No,No
ORD006401,CUST2990,Blinkit,09:29.5,36,Grocery,871,Good quality products.,4,No,No
ORD006404,CUST9182,Swiggy Instamart,44:29.5,35,Snacks,413,Packaging could be better.,3,No,No
ORD006408,CUST3556,Swiggy Instamart,40:29.5,28,Beverages,358,Packaging could be better.,3,No,No
ORD006409,CUST1070,Blinkit,12:29.5,39,Beverages,208,"Fast delivery, great service!",5,No,No
ORD006416,CUST3409,JioMart,07:29.5,6,Fruits & Vegetables,438,"Horrible experience, never ordering again.",1,No,Yes
ORD006417,CUST8243,JioMart,38:29.5,32,Beverages,149,Items missing from order.,2,No,Yes
ORD006419,CUST2840,Blinkit,30:29.5,25,Personal Care,1091,"Easy to order, loved it!",5,No,No
ORD006422,CUST3284,JioMart,38:29.5,8,Fruits & Vegetables,170,"Fast delivery, great service!",5,No,No
ORD006429,CUST6855,JioMart,18:29.5,7,Dairy,246,Good quality products.,4,No,No
ORD006430,CUST2515,Swiggy Instamart,02:29.5,34,Beverages,999,"Not fresh, disappointed.",2,No,Yes
ORD006433,CUST4197,Blinkit,34:29.5,18,Beverages,795,"Fast delivery, great service!",5,No,No
ORD006435,CUST4639,Swiggy Instamart,24:29.5,19,Fruits & Vegetables,431,Quick and reliable!,5,No,No
ORD006436,CUST5553,Swiggy Instamart,02:29.5,17,Fruits & Vegetables,471,"Easy to order, loved it!",5,No,No
ORD006437,CUST4206,JioMart,55:29.5,38,Dairy,615,Excellent experience!,5,No,No
ORD006438,CUST1369,Swiggy Instamart,35:29.5,28,Fruits & Vegetables,388,Very satisfied with the service.,5,No,No
ORD006442,CUST2431,Blinkit,02:29.5,33,Snacks,190,Packaging could be better.,3,No,No
ORD006443,CUST9385,JioMart,25:29.5,35,Dairy,360,"Easy to order, loved it!",5,No,No
ORD006444,CUST7462,JioMart,24:29.5,37,Grocery,1101,Wrong item delivered.,1,No,Yes
ORD006450,CUST6915,JioMart,22:29.5,53,Grocery,1052,"Easy to order, loved it!",5,Yes,No
ORD006451,CUST7513,Swiggy Instamart,23:29.5,34,Dairy,720,"Fast delivery, great service!",5,No,No
ORD006453,CUST8006,Swiggy Instamart,55:29.5,23,Personal Care,1569,Quick and reliable!,5,No,No
ORD006457,CUST1199,Blinkit,25:29.5,33,Grocery,276,Quick and reliable!,5,No,No
ORD006460,CUST6756,Swiggy Instamart,34:29.5,18,Beverages,511,Good quality products.,4,No,No
ORD006465,CUST8278,Blinkit,54:29.5,21,Snacks,71,Good quality products.,4,No,No
ORD006467,CUST8249,Blinkit,24:29.5,48,Snacks,412,Packaging could be better.,3,Yes,No
ORD006470,CUST7944,JioMart,51:29.5,27,Snacks,240,"Very late delivery, not happy.",2,No,Yes
ORD006476,CUST5968,Blinkit,40:29.5,28,Grocery,996,"Very late delivery, not happy.",2,No,Yes
ORD006477,CUST8776,Blinkit,12:29.5,24,Dairy,259,Wrong item delivered.,1,No,Yes
ORD006478,CUST9606,JioMart,58:29.5,25,Beverages,328,Delivery person was rude.,2,No,Yes
ORD006479,CUST6495,Swiggy Instamart,36:29.5,28,Personal Care,1574,Good quality products.,4,No,No
ORD006481,CUST7156,JioMart,52:29.5,33,Dairy,598,"Not fresh, disappointed.",2,No,Yes
ORD006486,CUST7791,Swiggy Instamart,27:29.5,44,Fruits & Vegetables,377,Quick and reliable!,5,Yes,No
ORD006487,CUST3865,JioMart,04:29.5,34,Grocery,531,"Not fresh, disappointed.",2,No,Yes
ORD006488,CUST8571,JioMart,56:29.5,26,Personal Care,1549,Good quality products.,4,No,No
ORD006489,CUST3243,JioMart,40:29.5,34,Fruits & Vegetables,65,"Easy to order, loved it!",5,No,No
ORD006490,CUST4264,Swiggy Instamart,30:29.5,32,Personal Care,1430,Wrong item delivered.,1,No,Yes
ORD006491,CUST4047,Swiggy Instamart,50:29.5,19,Beverages,961,"Fast delivery, great service!",5,No,No
ORD006492,CUST7254,Blinkit,22:29.5,28,Grocery,1000,"Horrible experience, never ordering again.",1,No,Yes
ORD006499,CUST8593,JioMart,24:29.5,44,Beverages,935,Quick and reliable!,5,Yes,No
ORD006503,CUST3523,Blinkit,15:29.5,23,Snacks,307,"Horrible experience, never ordering again.",1,No,Yes
ORD006504,CUST5303,Swiggy Instamart,48:29.5,36,Grocery,763,"Very late delivery, not happy.",2,No,Yes
ORD006505,CUST5917,Swiggy Instamart,16:29.5,25,Fruits & Vegetables,281,Very satisfied with the service.,5,No,No
ORD006506,CUST8742,JioMart,57:29.5,18,Dairy,759,Wrong item delivered.,1,No,Yes
ORD006509,CUST7834,Blinkit,51:29.5,38,Fruits & Vegetables,586,Good quality products.,4,No,No
ORD006513,CUST1466,JioMart,36:29.5,30,Personal Care,997,Delivery person was rude.,2,No,Yes
ORD006515,CUST5541,JioMart,23:29.5,35,Grocery,1263,"Not fresh, disappointed.",2,No,Yes
ORD006517,CUST2093,JioMart,51:29.5,12,Personal Care,470,"Not fresh, disappointed.",2,No,Yes
ORD006519,CUST8872,JioMart,31:29.5,19,Fruits & Vegetables,229,"Fast delivery, great service!",5,No,No
ORD006522,CUST8799,Swiggy Instamart,01:29.5,36,Snacks,275,Quick and reliable!,5,No,No
ORD006523,CUST2959,Blinkit,04:29.5,26,Dairy,635,"Horrible experience, never ordering again.",1,No,Yes
ORD006526,CUST1287,JioMart,37:29.5,47,Beverages,423,Packaging could be better.,3,Yes,No
ORD006527,CUST5252,Blinkit,32:29.5,23,Fruits & Vegetables,106,Very satisfied with the service.,5,No,No
ORD006528,CUST3668,Swiggy Instamart,46:29.5,37,Grocery,600,Quick and reliable!,5,No,No
ORD006530,CUST3394,JioMart,28:29.5,38,Dairy,750,Packaging could be better.,3,No,No
ORD006531,CUST6237,Swiggy Instamart,41:29.5,26,Beverages,795,"Fast delivery, great service!",5,No,No
ORD006532,CUST8553,JioMart,57:29.5,16,Fruits & Vegetables,99,"Very late delivery, not happy.",2,No,Yes
ORD006536,CUST1866,JioMart,03:29.5,38,Beverages,531,Excellent experience!,5,No,No
ORD006538,CUST6917,JioMart,43:29.5,41,Grocery,1430,"Not fresh, disappointed.",2,Yes,Yes
ORD006540,CUST6832,JioMart,24:29.5,16,Grocery,462,Quick and reliable!,5,No,No
ORD006541,CUST1798,JioMart,24:29.5,10,Beverages,965,"Horrible experience, never ordering again.",1,No,Yes
ORD006542,CUST5749,Swiggy Instamart,17:29.5,35,Beverages,168,Excellent experience!,5,No,No
ORD006544,CUST9677,JioMart,49:29.5,30,Snacks,408,Packaging could be better.,3,No,No
ORD006545,CUST2258,JioMart,17:29.5,32,Grocery,1395,Delivery person was rude.,2,No,Yes
ORD006547,CUST4175,JioMart,32:29.5,30,Dairy,618,Wrong item delivered.,1,No,Yes
ORD006548,CUST4002,Swiggy Instamart,52:29.5,33,Personal Care,327,Very satisfied with the service.,5,No,No
ORD006554,CUST5932,Swiggy Instamart,27:29.5,9,Dairy,210,Good quality products.,4,No,No
ORD006555,CUST5447,JioMart,11:29.5,39,Fruits & Vegetables,570,Excellent experience!,5,No,No
ORD006557,CUST2570,Blinkit,55:29.5,22,Personal Care,338,"Not fresh, disappointed.",2,No,Yes
ORD006561,CUST1211,Blinkit,13:29.5,37,Personal Care,1987,"Not fresh, disappointed.",2,No,Yes
ORD006564,CUST5610,Swiggy Instamart,28:29.5,38,Grocery,1296,Delivery person was rude.,2,No,Yes
ORD006565,CUST7111,Blinkit,26:29.5,39,Grocery,1271,Packaging could be better.,3,No,No
ORD006568,CUST6575,JioMart,38:29.5,15,Grocery,1477,Very satisfied with the service.,5,No,No
ORD006569,CUST3671,JioMart,00:29.5,25,Snacks,82,"Very late delivery, not happy.",2,No,Yes
ORD006571,CUST4569,Swiggy Instamart,32:29.5,40,Dairy,508,Items missing from order.,2,No,Yes
ORD006573,CUST9247,Blinkit,06:29.5,35,Beverages,173,Packaging could be better.,3,No,No
ORD006574,CUST4622,Swiggy Instamart,48:29.5,27,Beverages,901,"Very late delivery, not happy.",2,No,Yes
ORD006577,CUST9717,Blinkit,36:29.5,17,Grocery,1202,"Very late delivery, not happy.",2,No,Yes
ORD006580,CUST8544,Swiggy Instamart,03:29.5,26,Fruits & Vegetables,308,Delivery person was rude.,2,No,Yes
ORD006582,CUST2909,Blinkit,39:29.5,21,Fruits & Vegetables,127,"Easy to order, loved it!",5,No,No
ORD006584,CUST1284,Blinkit,01:29.5,23,Personal Care,623,"Fast delivery, great service!",5,No,No
ORD006585,CUST8856,Blinkit,16:29.5,26,Snacks,385,Wrong item delivered.,1,No,Yes
ORD006586,CUST6705,Swiggy Instamart,13:29.5,22,Dairy,604,"Not fresh, disappointed.",2,No,Yes
ORD006589,CUST3277,Blinkit,30:29.5,35,Snacks,221,"Easy to order, loved it!",5,No,No
ORD006590,CUST8240,Blinkit,45:29.5,29,Grocery,1455,Items missing from order.,2,No,Yes
ORD006592,CUST6604,JioMart,39:29.5,54,Snacks,193,Items missing from order.,2,Yes,Yes
ORD006595,CUST1471,Blinkit,50:29.5,33,Beverages,995,Good quality products.,4,No,No
ORD006600,CUST4712,Blinkit,57:29.5,47,Fruits & Vegetables,466,Items missing from order.,2,Yes,Yes
ORD006601,CUST6036,JioMart,47:29.5,29,Dairy,787,Wrong item delivered.,1,No,Yes
ORD006604,CUST3133,JioMart,25:29.5,37,Beverages,656,Items missing from order.,2,No,Yes
ORD006605,CUST2287,JioMart,16:29.5,7,Grocery,1181,Good quality products.,4,No,No
ORD006606,CUST7960,Blinkit,36:29.5,34,Grocery,657,Delivery person was rude.,2,No,Yes
ORD006607,CUST2830,JioMart,02:29.5,38,Beverages,808,Good quality products.,4,No,No
ORD006608,CUST2273,JioMart,07:29.5,47,Beverages,349,Quick and reliable!,5,Yes,No
ORD006609,CUST1308,JioMart,32:29.5,15,Personal Care,592,Excellent experience!,5,No,No
ORD006610,CUST8934,Blinkit,33:29.5,46,Dairy,681,"Easy to order, loved it!",5,Yes,No
ORD006612,CUST1696,Swiggy Instamart,44:29.5,31,Personal Care,605,"Fast delivery, great service!",5,No,No
ORD006613,CUST4217,Blinkit,11:29.5,39,Personal Care,1448,"Fast delivery, great service!",5,No,No
ORD006614,CUST2766,Swiggy Instamart,22:29.5,39,Snacks,314,Very satisfied with the service.,5,No,No
ORD006615,CUST1537,JioMart,00:29.5,12,Grocery,375,"Easy to order, loved it!",5,No,No
ORD006619,CUST2948,Swiggy Instamart,51:29.5,23,Beverages,542,Delivery person was rude.,2,No,Yes
ORD006620,CUST5145,Blinkit,33:29.5,13,Beverages,279,Wrong item delivered.,1,No,Yes
ORD006622,CUST2085,Blinkit,37:29.5,35,Personal Care,1715,"Horrible experience, never ordering again.",1,No,Yes
ORD006624,CUST1168,Swiggy Instamart,10:29.5,18,Dairy,452,"Fast delivery, great service!",5,No,No
ORD006625,CUST2581,Swiggy Instamart,53:29.5,24,Personal Care,187,"Easy to order, loved it!",5,No,No
ORD006626,CUST3028,JioMart,55:29.5,32,Dairy,112,Excellent experience!,5,No,No
ORD006628,CUST4277,Swiggy Instamart,10:29.5,36,Personal Care,1151,"Easy to order, loved it!",5,No,No
ORD006631,CUST1479,Blinkit,38:29.5,29,Personal Care,1834,"Easy to order, loved it!",5,No,No
ORD006632,CUST2487,Swiggy Instamart,38:29.5,34,Dairy,193,Very satisfied with the service.,5,No,No
ORD006634,CUST5544,JioMart,07:29.5,45,Fruits & Vegetables,190,"Fast delivery, great service!",5,Yes,No
ORD006635,CUST6698,JioMart,31:29.5,30,Snacks,243,"Very late delivery, not happy.",2,No,Yes
ORD006637,CUST3630,Swiggy Instamart,12:29.5,43,Dairy,685,Excellent experience!,5,Yes,No
ORD006639,CUST4962,Blinkit,29:29.5,35,Snacks,263,Very satisfied with the service.,5,No,No
ORD006640,CUST9272,JioMart,11:29.5,34,Beverages,891,Good quality products.,4,No,No
ORD006641,CUST2119,JioMart,52:29.5,30,Beverages,437,"Not fresh, disappointed.",2,No,Yes
ORD006643,CUST1229,JioMart,51:29.5,16,Dairy,343,Very satisfied with the service.,5,No,No
ORD006647,CUST5617,Swiggy Instamart,05:29.5,22,Snacks,455,Packaging could be better.,3,No,No
ORD006648,CUST3814,Swiggy Instamart,45:29.5,28,Snacks,94,"Horrible experience, never ordering again.",1,No,Yes
ORD006651,CUST2616,Blinkit,39:29.5,21,Personal Care,790,"Easy to order, loved it!",5,No,No
ORD006652,CUST4506,Blinkit,22:29.5,29,Snacks,491,"Fast delivery, great service!",5,No,No
ORD006655,CUST7004,JioMart,13:29.5,25,Snacks,210,Good quality products.,4,No,No
ORD006657,CUST8203,JioMart,42:29.5,41,Snacks,471,Excellent experience!,5,Yes,No
ORD006659,CUST3963,JioMart,04:29.5,35,Fruits & Vegetables,145,"Horrible experience, never ordering again.",1,No,Yes
ORD006661,CUST7219,JioMart,14:29.5,33,Beverages,907,Good quality products.,4,No,No
ORD006664,CUST9425,JioMart,24:29.5,19,Snacks,166,"Easy to order, loved it!",5,No,No
ORD006666,CUST7677,Blinkit,15:29.5,23,Fruits & Vegetables,239,Wrong item delivered.,1,No,Yes
ORD006668,CUST6149,Blinkit,19:29.5,28,Dairy,355,Wrong item delivered.,1,No,Yes
ORD006669,CUST3025,Blinkit,34:29.5,21,Personal Care,1357,"Very late delivery, not happy.",2,No,Yes
ORD006671,CUST2807,JioMart,46:29.5,33,Grocery,1127,Packaging could be better.,3,No,No
ORD006673,CUST3226,JioMart,46:29.5,37,Snacks,393,Wrong item delivered.,1,No,Yes
ORD006676,CUST5723,Blinkit,49:29.5,29,Beverages,347,Good quality products.,4,No,No
ORD006678,CUST2347,JioMart,46:29.5,23,Fruits & Vegetables,185,"Easy to order, loved it!",5,No,No
ORD006680,CUST9088,Swiggy Instamart,31:29.5,35,Fruits & Vegetables,379,Items missing from order.,2,No,Yes
ORD006681,CUST2895,JioMart,02:29.5,31,Dairy,483,"Horrible experience, never ordering again.",1,No,Yes
ORD006688,CUST7672,Swiggy Instamart,36:29.5,32,Grocery,916,"Very late delivery, not happy.",2,No,Yes
ORD006689,CUST5761,Blinkit,49:29.5,49,Dairy,709,Packaging could be better.,3,Yes,No
ORD006690,CUST8011,Blinkit,44:29.5,29,Personal Care,1162,Items missing from order.,2,No,Yes
ORD006691,CUST4093,Blinkit,18:29.5,26,Grocery,579,"Easy to order, loved it!",5,No,No
ORD006694,CUST7020,JioMart,14:29.5,43,Snacks,171,Packaging could be better.,3,Yes,No
ORD006698,CUST2723,JioMart,25:29.5,30,Fruits & Vegetables,420,Good quality products.,4,No,No
ORD006699,CUST7494,JioMart,24:29.5,42,Fruits & Vegetables,286,"Horrible experience, never ordering again.",1,Yes,Yes
ORD006701,CUST9563,Blinkit,56:29.5,18,Dairy,718,Wrong item delivered.,1,No,Yes
ORD006703,CUST2953,Swiggy Instamart,46:29.5,33,Beverages,500,"Easy to order, loved it!",5,No,No
ORD006704,CUST3348,JioMart,07:29.5,20,Grocery,1477,Good quality products.,4,No,No
ORD006707,CUST2666,Blinkit,19:29.5,29,Grocery,600,Excellent experience!,5,No,No
ORD006708,CUST3764,Blinkit,41:29.5,52,Grocery,1332,Quick and reliable!,5,Yes,No
ORD006709,CUST2060,JioMart,39:29.5,39,Beverages,274,Quick and reliable!,5,No,No
ORD006710,CUST6959,JioMart,25:29.5,36,Fruits & Vegetables,572,Items missing from order.,2,No,Yes
ORD006712,CUST6548,Blinkit,08:29.5,40,Personal Care,1097,Packaging could be better.,3,No,No
ORD006714,CUST7623,JioMart,31:29.5,12,Personal Care,1338,"Not fresh, disappointed.",2,No,Yes
ORD006715,CUST3011,JioMart,55:29.5,16,Snacks,131,"Easy to order, loved it!",5,No,No
ORD006716,CUST4815,JioMart,26:29.5,24,Beverages,924,"Very late delivery, not happy.",2,No,Yes
ORD006717,CUST7958,Swiggy Instamart,46:29.5,25,Grocery,697,Excellent experience!,5,No,No
ORD006718,CUST9177,JioMart,59:29.5,30,Dairy,149,Excellent experience!,5,No,No
ORD006720,CUST5472,JioMart,45:29.5,33,Dairy,427,Good quality products.,4,No,No
ORD006722,CUST6834,JioMart,47:29.5,18,Fruits & Vegetables,168,"Horrible experience, never ordering again.",1,No,Yes
ORD006723,CUST8795,Blinkit,24:29.5,28,Fruits & Vegetables,243,Items missing from order.,2,No,Yes
ORD006725,CUST8938,Blinkit,21:29.5,19,Dairy,479,Good quality products.,4,No,No
ORD006735,CUST4781,Swiggy Instamart,23:29.5,37,Dairy,622,"Not fresh, disappointed.",2,No,Yes
ORD006737,CUST1486,Blinkit,23:29.5,26,Dairy,583,"Horrible experience, never ordering again.",1,No,Yes
ORD006739,CUST1865,Swiggy Instamart,23:29.5,36,Beverages,531,Items missing from order.,2,No,Yes
ORD006742,CUST1438,Swiggy Instamart,40:29.5,33,Grocery,1139,"Not fresh, disappointed.",2,No,Yes
ORD006743,CUST3934,Blinkit,42:29.5,17,Snacks,69,"Easy to order, loved it!",5,No,No
ORD006745,CUST6356,JioMart,46:29.5,11,Fruits & Vegetables,82,"Very late delivery, not happy.",2,No,Yes
ORD006747,CUST5960,Blinkit,34:29.5,24,Personal Care,512,Quick and reliable!,5,No,No
ORD006749,CUST2253,Swiggy Instamart,58:29.5,30,Beverages,284,"Fast delivery, great service!",5,No,No
ORD006755,CUST9157,JioMart,27:29.5,26,Fruits & Vegetables,342,Very satisfied with the service.,5,No,No
ORD006758,CUST5287,Blinkit,11:29.5,20,Personal Care,593,"Very late delivery, not happy.",2,No,Yes
ORD006763,CUST1289,Blinkit,43:29.5,17,Snacks,277,"Very late delivery, not happy.",2,No,Yes
ORD006765,CUST8051,Swiggy Instamart,09:29.5,37,Dairy,477,"Very late delivery, not happy.",2,No,Yes
ORD006767,CUST7285,Blinkit,52:29.5,33,Dairy,124,"Very late delivery, not happy.",2,No,Yes
ORD006768,CUST8374,Blinkit,25:29.5,24,Beverages,186,"Easy to order, loved it!",5,No,No
ORD006771,CUST8250,JioMart,27:29.5,28,Dairy,627,Delivery person was rude.,2,No,Yes
ORD006773,CUST1589,Blinkit,58:29.5,23,Dairy,625,"Fast delivery, great service!",5,No,No
ORD006774,CUST1538,Swiggy Instamart,14:29.5,33,Beverages,692,"Horrible experience, never ordering again.",1,No,Yes
ORD006778,CUST9052,JioMart,55:29.5,43,Dairy,539,Delivery person was rude.,2,Yes,Yes
ORD006782,CUST7374,Blinkit,37:29.5,35,Dairy,630,Delivery person was rude.,2,No,Yes
ORD006783,CUST8986,Blinkit,29:29.5,36,Beverages,956,Very satisfied with the service.,5,No,No
ORD006784,CUST2792,Swiggy Instamart,25:29.5,22,Personal Care,1783,"Fast delivery, great service!",5,No,No
ORD006787,CUST8697,Swiggy Instamart,00:29.5,24,Snacks,348,"Horrible experience, never ordering again.",1,No,Yes
ORD006788,CUST8797,JioMart,24:29.5,15,Grocery,464,"Fast delivery, great service!",5,No,No
ORD006789,CUST3560,Swiggy Instamart,39:29.5,28,Dairy,353,"Not fresh, disappointed.",2,No,Yes
ORD006791,CUST1913,Blinkit,19:29.5,23,Snacks,386,"Not fresh, disappointed.",2,No,Yes
ORD006792,CUST7412,Blinkit,11:29.5,25,Personal Care,1654,"Not fresh, disappointed.",2,No,Yes
ORD006796,CUST6779,Swiggy Instamart,29:29.5,42,Fruits & Vegetables,448,Delivery person was rude.,2,Yes,Yes
ORD006801,CUST1739,JioMart,15:29.5,39,Beverages,664,Packaging could be better.,3,No,No
ORD006804,CUST6715,Swiggy Instamart,28:29.5,28,Dairy,633,Good quality products.,4,No,No
ORD006806,CUST6591,Swiggy Instamart,42:29.5,20,Dairy,422,"Fast delivery, great service!",5,No,No
ORD006812,CUST7749,Blinkit,30:29.5,35,Dairy,303,"Fast delivery, great service!",5,No,No
ORD006813,CUST6755,Blinkit,16:29.5,22,Grocery,1374,Packaging could be better.,3,No,No
ORD006815,CUST5001,Swiggy Instamart,15:29.5,29,Beverages,779,Wrong item delivered.,1,No,Yes
ORD006816,CUST5056,Blinkit,06:29.5,44,Snacks,459,"Easy to order, loved it!",5,Yes,No
ORD006820,CUST2073,Blinkit,58:29.5,21,Beverages,734,"Easy to order, loved it!",5,No,No
ORD006824,CUST3781,Swiggy Instamart,41:29.5,15,Personal Care,1513,"Very late delivery, not happy.",2,No,Yes
ORD006825,CUST1322,JioMart,52:29.5,32,Personal Care,1989,Quick and reliable!,5,No,No
ORD006829,CUST8551,Swiggy Instamart,07:29.5,28,Dairy,224,Very satisfied with the service.,5,No,No
ORD006832,CUST7900,Blinkit,25:29.5,27,Fruits & Vegetables,409,Items missing from order.,2,No,Yes
ORD006833,CUST5368,JioMart,15:29.5,47,Fruits & Vegetables,480,Good quality products.,4,Yes,No
ORD006834,CUST1334,Blinkit,40:29.5,20,Grocery,524,"Very late delivery, not happy.",2,No,Yes
ORD006836,CUST1364,JioMart,56:29.5,26,Fruits & Vegetables,213,"Easy to order, loved it!",5,No,No
ORD006838,CUST7188,Blinkit,56:29.5,28,Personal Care,920,"Fast delivery, great service!",5,No,No
ORD006839,CUST7394,Swiggy Instamart,56:29.5,47,Dairy,703,Good quality products.,4,Yes,No
ORD006840,CUST6282,Blinkit,51:29.5,29,Personal Care,1388,Wrong item delivered.,1,No,Yes
ORD006841,CUST2601,JioMart,42:29.5,31,Grocery,583,"Easy to order, loved it!",5,No,No
ORD006842,CUST9001,JioMart,28:29.5,41,Grocery,1276,"Fast delivery, great service!",5,Yes,No
ORD006844,CUST4373,Blinkit,19:29.5,40,Beverages,959,Wrong item delivered.,1,No,Yes
ORD006845,CUST6504,Swiggy Instamart,21:29.5,41,Beverages,181,Good quality products.,4,Yes,No
ORD006847,CUST9237,Blinkit,34:29.5,38,Snacks,81,"Fast delivery, great service!",5,No,No
ORD006848,CUST6563,Blinkit,51:29.5,20,Grocery,1045,Good quality products.,4,No,No
ORD006850,CUST5907,Blinkit,33:29.5,23,Grocery,384,Delivery person was rude.,2,No,Yes
ORD006852,CUST8143,Swiggy Instamart,27:29.5,36,Dairy,637,Wrong item delivered.,1,No,Yes
ORD006853,CUST4305,Swiggy Instamart,18:29.5,41,Fruits & Vegetables,666,Very satisfied with the service.,5,Yes,No
ORD006854,CUST9142,JioMart,42:29.5,6,Fruits & Vegetables,373,"Fast delivery, great service!",5,No,No
ORD006857,CUST4507,Blinkit,18:29.5,30,Dairy,730,"Not fresh, disappointed.",2,No,Yes
ORD006859,CUST5344,Blinkit,06:29.5,39,Beverages,467,Good quality products.,4,No,No
ORD006860,CUST1778,Swiggy Instamart,53:29.5,5,Beverages,165,Items missing from order.,2,No,Yes
ORD006865,CUST2552,JioMart,08:29.5,9,Beverages,145,Delivery person was rude.,2,No,Yes
ORD006866,CUST6518,Blinkit,20:29.5,24,Beverages,129,Packaging could be better.,3,No,No
ORD006872,CUST4436,Swiggy Instamart,45:29.5,33,Snacks,127,"Easy to order, loved it!",5,No,No
ORD006874,CUST2256,Blinkit,11:29.5,37,Grocery,938,"Horrible experience, never ordering again.",1,No,Yes
ORD006878,CUST8092,JioMart,24:29.5,28,Personal Care,1560,Quick and reliable!,5,No,No
ORD006881,CUST4278,Swiggy Instamart,00:29.5,50,Fruits & Vegetables,71,"Fast delivery, great service!",5,Yes,No
ORD006882,CUST7788,JioMart,02:29.5,8,Snacks,200,"Easy to order, loved it!",5,No,No
ORD006883,CUST7591,Swiggy Instamart,33:29.5,21,Snacks,321,"Not fresh, disappointed.",2,No,Yes
ORD006884,CUST5116,JioMart,07:29.5,29,Dairy,556,"Very late delivery, not happy.",2,No,Yes
ORD006886,CUST8425,Blinkit,47:29.5,37,Personal Care,1499,Packaging could be better.,3,No,No
ORD006887,CUST9971,JioMart,56:29.5,36,Snacks,99,Delivery person was rude.,2,No,Yes
ORD006888,CUST3958,Swiggy Instamart,12:29.5,34,Dairy,502,Delivery person was rude.,2,No,Yes
ORD006889,CUST1304,JioMart,10:29.5,48,Grocery,1201,"Not fresh, disappointed.",2,Yes,Yes
ORD006890,CUST9457,JioMart,28:29.5,33,Snacks,352,Quick and reliable!,5,No,No
ORD006892,CUST9178,JioMart,55:29.5,18,Grocery,1468,"Not fresh, disappointed.",2,No,Yes
ORD006893,CUST4489,Swiggy Instamart,45:29.5,34,Grocery,473,"Fast delivery, great service!",5,No,No
ORD006894,CUST8656,Blinkit,48:29.5,18,Beverages,855,Very satisfied with the service.,5,No,No
ORD006897,CUST8106,JioMart,31:29.5,9,Grocery,385,Packaging could be better.,3,No,No
ORD006899,CUST9556,JioMart,01:29.5,35,Grocery,498,"Very late delivery, not happy.",2,No,Yes
ORD006908,CUST7721,Blinkit,36:29.5,32,Grocery,1386,Items missing from order.,2,No,Yes
ORD006909,CUST6220,JioMart,17:29.5,24,Beverages,210,Delivery person was rude.,2,No,Yes
ORD006910,CUST2055,Swiggy Instamart,44:29.5,28,Snacks,303,Delivery person was rude.,2,No,Yes
ORD006913,CUST5373,JioMart,46:29.5,33,Dairy,427,"Horrible experience, never ordering again.",1,No,Yes
ORD006914,CUST5702,Swiggy Instamart,10:29.5,52,Dairy,721,Good quality products.,4,Yes,No
ORD006915,CUST3631,Blinkit,18:29.5,30,Beverages,377,Packaging could be better.,3,No,No
ORD006923,CUST1453,Blinkit,52:29.5,31,Personal Care,1977,Very satisfied with the service.,5,No,No
ORD006924,CUST5023,Swiggy Instamart,23:29.5,25,Dairy,229,Packaging could be better.,3,No,No
ORD006925,CUST6087,Swiggy Instamart,43:29.5,25,Snacks,74,Items missing from order.,2,No,Yes
ORD006926,CUST8604,JioMart,46:29.5,21,Personal Care,1988,Packaging could be better.,3,No,No
ORD006929,CUST7914,Swiggy Instamart,02:29.5,54,Fruits & Vegetables,492,Quick and reliable!,5,Yes,No
ORD006931,CUST4309,JioMart,30:29.5,24,Personal Care,814,Good quality products.,4,No,No
ORD006933,CUST5468,Swiggy Instamart,44:29.5,21,Beverages,797,"Not fresh, disappointed.",2,No,Yes
ORD006936,CUST5233,JioMart,36:29.5,34,Dairy,427,Delivery person was rude.,2,No,Yes
ORD006937,CUST5551,JioMart,53:29.5,41,Dairy,423,Quick and reliable!,5,Yes,No
ORD006938,CUST3883,Swiggy Instamart,25:29.5,37,Grocery,1478,Items missing from order.,2,No,Yes
ORD006942,CUST1906,Swiggy Instamart,26:29.5,51,Snacks,65,"Horrible experience, never ordering again.",1,Yes,Yes
ORD006945,CUST5882,JioMart,10:29.5,35,Snacks,304,Very satisfied with the service.,5,No,No
ORD006947,CUST7668,Blinkit,27:29.5,34,Dairy,534,Items missing from order.,2,No,Yes
ORD006951,CUST3302,JioMart,17:29.5,31,Snacks,260,Wrong item delivered.,1,No,Yes
ORD006952,CUST4867,JioMart,28:29.5,5,Dairy,765,"Very late delivery, not happy.",2,No,Yes
ORD006953,CUST2833,Swiggy Instamart,40:29.5,23,Fruits & Vegetables,405,"Not fresh, disappointed.",2,No,Yes
ORD006956,CUST9551,Blinkit,41:29.5,33,Dairy,278,Excellent experience!,5,No,No
ORD006958,CUST5125,Blinkit,01:29.5,27,Snacks,126,Items missing from order.,2,No,Yes
ORD006961,CUST4900,Swiggy Instamart,12:29.5,40,Fruits & Vegetables,684,"Fast delivery, great service!",5,No,No
ORD006962,CUST3003,JioMart,52:29.5,31,Beverages,601,"Easy to order, loved it!",5,No,No
ORD006965,CUST7388,Swiggy Instamart,45:29.5,15,Dairy,664,Good quality products.,4,No,No
ORD006966,CUST4865,Blinkit,00:29.5,49,Personal Care,205,"Not fresh, disappointed.",2,Yes,Yes
ORD006967,CUST7928,JioMart,03:29.5,23,Personal Care,473,Wrong item delivered.,1,No,Yes
ORD006970,CUST2750,JioMart,58:29.5,30,Grocery,1451,"Fast delivery, great service!",5,No,No
ORD006974,CUST8200,Blinkit,50:29.5,22,Grocery,1484,Wrong item delivered.,1,No,Yes
ORD006978,CUST9034,Blinkit,22:29.5,34,Beverages,912,Excellent experience!,5,No,No
ORD006980,CUST7139,Swiggy Instamart,01:29.5,28,Fruits & Vegetables,259,"Not fresh, disappointed.",2,No,Yes
ORD006986,CUST5036,Blinkit,04:29.5,21,Fruits & Vegetables,57,Wrong item delivered.,1,No,Yes
ORD006987,CUST5550,JioMart,46:29.5,20,Fruits & Vegetables,196,"Fast delivery, great service!",5,No,No
ORD006993,CUST1345,Swiggy Instamart,58:29.5,30,Grocery,601,Excellent experience!,5,No,No
ORD006995,CUST1895,Blinkit,27:29.5,47,Fruits & Vegetables,376,"Not fresh, disappointed.",2,Yes,Yes
ORD006996,CUST4926,Blinkit,18:29.5,25,Fruits & Vegetables,147,Delivery person was rude.,2,No,Yes
ORD006997,CUST5144,JioMart,49:29.5,26,Fruits & Vegetables,453,Excellent experience!,5,No,No
ORD007000,CUST6945,JioMart,25:29.5,17,Snacks,313,Good quality products.,4,No,No
ORD007002,CUST9763,Swiggy Instamart,59:29.5,42,Beverages,812,Items missing from order.,2,Yes,Yes
ORD007009,CUST5929,JioMart,38:29.5,42,Grocery,1367,"Easy to order, loved it!",5,Yes,No
ORD007011,CUST4857,Swiggy Instamart,10:29.5,20,Fruits & Vegetables,538,Packaging could be better.,3,No,No
ORD007013,CUST4446,JioMart,09:29.5,22,Fruits & Vegetables,591,Quick and reliable!,5,No,No
ORD007014,CUST3625,JioMart,10:29.5,19,Dairy,591,"Very late delivery, not happy.",2,No,Yes
ORD007015,CUST8190,Swiggy Instamart,39:29.5,24,Grocery,958,Wrong item delivered.,1,No,Yes
ORD007016,CUST6196,JioMart,21:29.5,31,Snacks,211,"Not fresh, disappointed.",2,No,Yes
ORD007017,CUST7656,Blinkit,15:29.5,20,Dairy,585,Packaging could be better.,3,No,No
ORD007018,CUST1555,Blinkit,30:29.5,31,Grocery,995,Delivery person was rude.,2,No,Yes
ORD007022,CUST8718,Blinkit,50:29.5,25,Snacks,234,"Not fresh, disappointed.",2,No,Yes
ORD007024,CUST6451,Blinkit,39:29.5,26,Dairy,211,Delivery person was rude.,2,No,Yes
ORD007028,CUST5275,Swiggy Instamart,59:29.5,32,Personal Care,598,Items missing from order.,2,No,Yes
ORD007029,CUST9295,Blinkit,56:29.5,29,Fruits & Vegetables,146,"Fast delivery, great service!",5,No,No
ORD007030,CUST2087,Blinkit,49:29.5,40,Dairy,481,"Horrible experience, never ordering again.",1,No,Yes
ORD007038,CUST4010,Blinkit,24:29.5,33,Grocery,1243,"Not fresh, disappointed.",2,No,Yes
ORD007040,CUST3229,Swiggy Instamart,31:29.5,39,Grocery,1073,Quick and reliable!,5,No,No
ORD007041,CUST1050,Swiggy Instamart,35:29.5,27,Personal Care,139,Quick and reliable!,5,No,No
ORD007044,CUST6006,Swiggy Instamart,58:29.5,9,Beverages,864,Quick and reliable!,5,No,No
ORD007047,CUST2815,Swiggy Instamart,26:29.5,32,Beverages,950,Very satisfied with the service.,5,No,No
ORD007048,CUST3585,Blinkit,19:29.5,23,Beverages,615,"Very late delivery, not happy.",2,No,Yes
ORD007052,CUST7722,Blinkit,42:29.5,23,Snacks,70,Excellent experience!,5,No,No
ORD007053,CUST6233,Blinkit,39:29.5,44,Fruits & Vegetables,359,Very satisfied with the service.,5,Yes,No
ORD007057,CUST5270,Swiggy Instamart,22:29.5,21,Personal Care,631,Good quality products.,4,No,No
ORD007059,CUST6367,Blinkit,14:29.5,32,Personal Care,479,Packaging could be better.,3,No,No
ORD007065,CUST3980,Blinkit,27:29.5,33,Snacks,122,Quick and reliable!,5,No,No
ORD007066,CUST7447,JioMart,34:29.5,48,Personal Care,935,Items missing from order.,2,Yes,Yes
ORD007067,CUST7182,Swiggy Instamart,48:29.5,41,Dairy,200,Quick and reliable!,5,Yes,No
ORD007068,CUST4677,Swiggy Instamart,00:29.5,41,Fruits & Vegetables,685,Excellent experience!,5,Yes,No
ORD007070,CUST1376,Blinkit,53:29.5,20,Snacks,397,"Fast delivery, great service!",5,No,No
ORD007071,CUST4747,JioMart,13:29.5,30,Beverages,458,"Not fresh, disappointed.",2,No,Yes
ORD007072,CUST2457,Blinkit,53:29.5,23,Fruits & Vegetables,266,Packaging could be better.,3,No,No
ORD007073,CUST8576,Blinkit,37:29.5,25,Dairy,374,Quick and reliable!,5,No,No
ORD007074,CUST4248,Blinkit,56:29.5,32,Fruits & Vegetables,450,Good quality products.,4,No,No
ORD007075,CUST5289,JioMart,24:29.5,36,Personal Care,811,Wrong item delivered.,1,No,Yes
ORD007079,CUST8027,Blinkit,35:29.5,21,Snacks,494,Packaging could be better.,3,No,No
ORD007081,CUST3445,Blinkit,31:29.5,37,Personal Care,284,"Not fresh, disappointed.",2,No,Yes
ORD007082,CUST2459,Swiggy Instamart,49:29.5,25,Dairy,138,"Easy to order, loved it!",5,No,No
ORD007083,CUST7028,Blinkit,16:29.5,38,Beverages,558,Delivery person was rude.,2,No,Yes
ORD007088,CUST8129,Swiggy Instamart,03:29.5,14,Dairy,405,Very satisfied with the service.,5,No,No
ORD007090,CUST9096,Blinkit,29:29.5,46,Beverages,258,Good quality products.,4,Yes,No
ORD007091,CUST2941,Swiggy Instamart,09:29.5,56,Snacks,131,Packaging could be better.,3,Yes,No
ORD007094,CUST4121,Blinkit,36:29.5,27,Beverages,958,"Fast delivery, great service!",5,No,No
ORD007095,CUST5361,Swiggy Instamart,15:29.5,29,Personal Care,1712,"Easy to order, loved it!",5,No,No
ORD007096,CUST5717,JioMart,29:29.5,26,Grocery,1034,Delivery person was rude.,2,No,Yes
ORD007098,CUST7259,JioMart,48:29.5,16,Dairy,309,"Horrible experience, never ordering again.",1,No,Yes
ORD007104,CUST4102,JioMart,30:29.5,23,Snacks,494,Good quality products.,4,No,No
ORD007108,CUST3391,Blinkit,22:29.5,27,Beverages,697,Quick and reliable!,5,No,No
ORD007113,CUST8388,JioMart,19:29.5,47,Personal Care,1516,"Easy to order, loved it!",5,Yes,No
ORD007114,CUST5068,Swiggy Instamart,30:29.5,34,Personal Care,1573,Delivery person was rude.,2,No,Yes
ORD007118,CUST1169,Swiggy Instamart,41:29.5,24,Grocery,760,"Fast delivery, great service!",5,No,No
ORD007120,CUST3182,Blinkit,08:29.5,33,Grocery,990,"Not fresh, disappointed.",2,No,Yes
ORD007123,CUST4476,JioMart,12:29.5,29,Grocery,871,Wrong item delivered.,1,No,Yes
ORD007124,CUST7283,JioMart,48:29.5,8,Snacks,181,Items missing from order.,2,No,Yes
ORD007125,CUST7935,Blinkit,38:29.5,37,Beverages,474,Wrong item delivered.,1,No,Yes
ORD007128,CUST2561,JioMart,44:29.5,23,Beverages,990,"Very late delivery, not happy.",2,No,Yes
ORD007131,CUST6453,Swiggy Instamart,53:29.5,22,Grocery,545,Packaging could be better.,3,No,No
ORD007136,CUST1087,Swiggy Instamart,26:29.5,41,Personal Care,1836,Items missing from order.,2,Yes,Yes
ORD007139,CUST7241,Swiggy Instamart,45:29.5,35,Grocery,1171,"Easy to order, loved it!",5,No,No
ORD007141,CUST7466,JioMart,50:29.5,25,Fruits & Vegetables,235,"Easy to order, loved it!",5,No,No
ORD007142,CUST7076,Swiggy Instamart,41:29.5,43,Beverages,950,"Very late delivery, not happy.",2,Yes,Yes
ORD007144,CUST1673,Swiggy Instamart,30:29.5,26,Fruits & Vegetables,98,"Not fresh, disappointed.",2,No,Yes
ORD007147,CUST3783,Blinkit,10:29.5,47,Dairy,573,Very satisfied with the service.,5,Yes,No
ORD007148,CUST9253,Swiggy Instamart,38:29.5,34,Snacks,241,"Fast delivery, great service!",5,No,No
ORD007149,CUST9074,JioMart,34:29.5,44,Grocery,966,"Horrible experience, never ordering again.",1,Yes,Yes
ORD007150,CUST6557,Blinkit,53:29.5,51,Fruits & Vegetables,51,Very satisfied with the service.,5,Yes,No
ORD007151,CUST8669,Blinkit,39:29.5,48,Fruits & Vegetables,152,Good quality products.,4,Yes,No
ORD007156,CUST8093,JioMart,22:29.5,32,Snacks,193,Delivery person was rude.,2,No,Yes
ORD007157,CUST3323,Swiggy Instamart,23:29.5,31,Personal Care,1617,Excellent experience!,5,No,No
ORD007161,CUST1723,JioMart,30:29.5,23,Dairy,511,"Not fresh, disappointed.",2,No,Yes
ORD007165,CUST6907,Blinkit,17:29.5,28,Beverages,281,Excellent experience!,5,No,No
ORD007167,CUST5635,JioMart,16:29.5,37,Snacks,157,"Horrible experience, never ordering again.",1,No,Yes
ORD007169,CUST5321,JioMart,41:29.5,34,Fruits & Vegetables,346,Delivery person was rude.,2,No,Yes
ORD007171,CUST6128,JioMart,56:29.5,35,Dairy,391,Items missing from order.,2,No,Yes
ORD007172,CUST8139,Blinkit,36:29.5,29,Beverages,291,Wrong item delivered.,1,No,Yes
ORD007175,CUST9049,Swiggy Instamart,59:29.5,38,Beverages,890,"Horrible experience, never ordering again.",1,No,Yes
ORD007176,CUST3478,Swiggy Instamart,55:29.5,5,Beverages,577,Wrong item delivered.,1,No,Yes
ORD007177,CUST8208,Blinkit,34:29.5,8,Dairy,248,Items missing from order.,2,No,Yes
ORD007178,CUST1871,Swiggy Instamart,42:29.5,45,Grocery,367,Items missing from order.,2,Yes,Yes
ORD007179,CUST4095,JioMart,16:29.5,17,Fruits & Vegetables,598,Wrong item delivered.,1,No,Yes
ORD007182,CUST4766,JioMart,00:29.5,32,Snacks,427,Quick and reliable!,5,No,No
ORD007183,CUST4000,Blinkit,42:29.5,25,Dairy,179,Wrong item delivered.,1,No,Yes
ORD007185,CUST8704,Swiggy Instamart,42:29.5,31,Personal Care,969,"Easy to order, loved it!",5,No,No
ORD007186,CUST5263,Blinkit,02:29.5,48,Personal Care,584,Items missing from order.,2,Yes,Yes
ORD007188,CUST8653,Swiggy Instamart,55:29.5,46,Personal Care,1897,Excellent experience!,5,Yes,No
ORD007189,CUST8150,Swiggy Instamart,19:29.5,27,Beverages,527,"Fast delivery, great service!",5,No,No
ORD007192,CUST1668,Blinkit,56:29.5,24,Personal Care,1604,"Horrible experience, never ordering again.",1,No,Yes
ORD007193,CUST8233,Swiggy Instamart,10:29.5,36,Beverages,692,Wrong item delivered.,1,No,Yes
ORD007194,CUST6841,Swiggy Instamart,47:29.5,43,Snacks,134,Packaging could be better.,3,Yes,No
ORD007195,CUST8949,JioMart,59:29.5,15,Snacks,186,Packaging could be better.,3,No,No
ORD007197,CUST9077,JioMart,04:29.5,40,Beverages,742,Very satisfied with the service.,5,No,No
ORD007202,CUST2533,JioMart,54:29.5,26,Fruits & Vegetables,366,Very satisfied with the service.,5,No,No
ORD007204,CUST5654,Swiggy Instamart,13:29.5,50,Snacks,345,Packaging could be better.,3,Yes,No
ORD007205,CUST3959,JioMart,04:29.5,7,Beverages,297,Delivery person was rude.,2,No,Yes
ORD007206,CUST3757,Swiggy Instamart,33:29.5,29,Grocery,388,Delivery person was rude.,2,No,Yes
ORD007209,CUST4479,Blinkit,59:29.5,45,Personal Care,841,Quick and reliable!,5,Yes,No
ORD007213,CUST7822,Blinkit,34:29.5,31,Grocery,289,Items missing from order.,2,No,Yes
ORD007219,CUST1425,JioMart,40:29.5,42,Personal Care,1628,"Not fresh, disappointed.",2,Yes,Yes
ORD007220,CUST5657,Blinkit,52:29.5,16,Snacks,449,"Easy to order, loved it!",5,No,No
ORD007222,CUST7458,Swiggy Instamart,43:29.5,38,Snacks,57,"Very late delivery, not happy.",2,No,Yes
ORD007224,CUST2737,Swiggy Instamart,38:29.5,29,Fruits & Vegetables,298,Very satisfied with the service.,5,No,No
ORD007225,CUST6300,JioMart,30:29.5,25,Snacks,294,"Easy to order, loved it!",5,No,No
ORD007227,CUST1473,Blinkit,31:29.5,41,Personal Care,1467,Quick and reliable!,5,Yes,No
ORD007228,CUST2328,JioMart,08:29.5,26,Grocery,769,"Fast delivery, great service!",5,No,No
ORD007229,CUST8540,JioMart,03:29.5,24,Personal Care,1246,"Easy to order, loved it!",5,No,No
ORD007232,CUST5412,JioMart,37:29.5,28,Snacks,152,Wrong item delivered.,1,No,Yes
ORD007233,CUST1095,JioMart,34:29.5,46,Fruits & Vegetables,132,Excellent experience!,5,Yes,No
ORD007234,CUST6397,Swiggy Instamart,16:29.5,22,Fruits & Vegetables,99,Very satisfied with the service.,5,No,No
ORD007236,CUST8423,Blinkit,15:29.5,39,Grocery,567,Good quality products.,4,No,No
ORD007238,CUST3118,Swiggy Instamart,51:29.5,22,Grocery,1014,Wrong item delivered.,1,No,Yes
ORD007242,CUST6294,Swiggy Instamart,14:29.5,40,Personal Care,1071,"Very late delivery, not happy.",2,No,Yes
ORD007243,CUST1909,Swiggy Instamart,26:29.5,32,Snacks,229,Packaging could be better.,3,No,No
ORD007245,CUST9964,Blinkit,55:29.5,42,Dairy,418,"Easy to order, loved it!",5,Yes,No
ORD007247,CUST2516,Swiggy Instamart,09:29.5,24,Fruits & Vegetables,617,Wrong item delivered.,1,No,Yes
ORD007248,CUST7534,Swiggy Instamart,19:29.5,26,Grocery,223,Packaging could be better.,3,No,No
ORD007249,CUST5180,Blinkit,08:29.5,16,Beverages,609,"Horrible experience, never ordering again.",1,No,Yes
ORD007251,CUST4933,Swiggy Instamart,37:29.5,36,Snacks,401,Quick and reliable!,5,No,No
ORD007252,CUST7535,JioMart,42:29.5,17,Personal Care,1313,Excellent experience!,5,No,No
ORD007253,CUST2461,Blinkit,43:29.5,19,Grocery,604,Good quality products.,4,No,No
ORD007254,CUST1336,Swiggy Instamart,06:29.5,30,Snacks,375,Very satisfied with the service.,5,No,No
ORD007257,CUST7365,Swiggy Instamart,35:29.5,26,Beverages,700,Delivery person was rude.,2,No,Yes
ORD007264,CUST8083,Blinkit,41:29.5,25,Snacks,126,Wrong item delivered.,1,No,Yes
ORD007266,CUST3151,JioMart,35:29.5,37,Snacks,138,Good quality products.,4,No,No
ORD007268,CUST2574,Swiggy Instamart,10:29.5,31,Grocery,679,Delivery person was rude.,2,No,Yes
ORD007271,CUST4274,Blinkit,00:29.5,44,Fruits & Vegetables,112,Excellent experience!,5,Yes,No
ORD007275,CUST8805,Blinkit,43:29.5,21,Personal Care,1569,"Not fresh, disappointed.",2,No,Yes
ORD007279,CUST7922,Swiggy Instamart,22:29.5,34,Personal Care,1924,"Not fresh, disappointed.",2,No,Yes
ORD007282,CUST8112,Swiggy Instamart,07:29.5,44,Grocery,675,Wrong item delivered.,1,Yes,Yes
ORD007288,CUST8594,JioMart,57:29.5,26,Beverages,977,Excellent experience!,5,No,No
ORD007290,CUST3540,JioMart,26:29.5,31,Grocery,1417,Quick and reliable!,5,No,No
ORD007292,CUST9638,Swiggy Instamart,58:29.5,29,Personal Care,1973,"Not fresh, disappointed.",2,No,Yes
ORD007293,CUST9596,Blinkit,33:29.5,37,Personal Care,1380,"Easy to order, loved it!",5,No,No
ORD007296,CUST8671,JioMart,11:29.5,30,Snacks,292,Very satisfied with the service.,5,No,No
ORD007297,CUST8165,JioMart,33:29.5,32,Fruits & Vegetables,131,Good quality products.,4,No,No
ORD007299,CUST8825,Swiggy Instamart,38:29.5,41,Personal Care,1345,Excellent experience!,5,Yes,No
ORD007307,CUST5841,Swiggy Instamart,40:29.5,45,Dairy,553,"Very late delivery, not happy.",2,Yes,Yes
ORD007310,CUST1738,Swiggy Instamart,54:29.5,43,Snacks,449,Delivery person was rude.,2,Yes,Yes
ORD007311,CUST9411,JioMart,34:29.5,29,Beverages,970,Packaging could be better.,3,No,No
ORD007312,CUST2763,Swiggy Instamart,17:29.5,37,Personal Care,752,Delivery person was rude.,2,No,Yes
ORD007314,CUST7961,Swiggy Instamart,15:29.5,39,Dairy,763,Very satisfied with the service.,5,No,No
ORD007315,CUST7766,Blinkit,17:29.5,27,Dairy,734,"Easy to order, loved it!",5,No,No
ORD007318,CUST5151,Blinkit,11:29.5,44,Snacks,98,Delivery person was rude.,2,Yes,Yes
ORD007319,CUST6823,Swiggy Instamart,19:29.5,45,Beverages,242,"Fast delivery, great service!",5,Yes,No
ORD007320,CUST5175,JioMart,05:29.5,34,Personal Care,1307,Delivery person was rude.,2,No,Yes
ORD007321,CUST2339,JioMart,24:29.5,30,Snacks,68,Packaging could be better.,3,No,No
ORD007322,CUST9248,JioMart,28:29.5,44,Fruits & Vegetables,368,"Easy to order, loved it!",5,Yes,No
ORD007324,CUST2866,JioMart,49:29.5,22,Beverages,370,Delivery person was rude.,2,No,Yes
ORD007326,CUST3941,JioMart,20:29.5,28,Beverages,239,Wrong item delivered.,1,No,Yes
ORD007327,CUST3985,Swiggy Instamart,28:29.5,35,Personal Care,813,Very satisfied with the service.,5,No,No
ORD007330,CUST2364,Swiggy Instamart,37:29.5,17,Snacks,223,Wrong item delivered.,1,No,Yes
ORD007339,CUST4458,JioMart,29:29.5,10,Personal Care,925,"Horrible experience, never ordering again.",1,No,Yes
ORD007340,CUST4032,Blinkit,45:29.5,24,Grocery,326,"Easy to order, loved it!",5,No,No
ORD007342,CUST5248,Swiggy Instamart,21:29.5,42,Personal Care,954,Items missing from order.,2,Yes,Yes
ORD007344,CUST8107,Swiggy Instamart,23:29.5,38,Personal Care,1075,Quick and reliable!,5,No,No
ORD007348,CUST7470,Blinkit,34:29.5,28,Dairy,537,Very satisfied with the service.,5,No,No
ORD007350,CUST1217,JioMart,58:29.5,27,Grocery,443,Quick and reliable!,5,No,No
ORD007353,CUST8539,Blinkit,15:29.5,17,Beverages,631,Packaging could be better.,3,No,No
ORD007357,CUST6910,Blinkit,02:29.5,32,Grocery,240,Delivery person was rude.,2,No,Yes
ORD007361,CUST3049,Blinkit,40:29.5,37,Personal Care,430,Packaging could be better.,3,No,No
ORD007363,CUST1227,Blinkit,29:29.5,30,Snacks,132,Delivery person was rude.,2,No,Yes
ORD007364,CUST4126,Blinkit,11:29.5,41,Snacks,188,"Not fresh, disappointed.",2,Yes,Yes
ORD007369,CUST4428,Swiggy Instamart,35:29.5,35,Snacks,131,Items missing from order.,2,No,Yes
ORD007370,CUST8882,JioMart,23:29.5,24,Beverages,803,Packaging could be better.,3,No,No
ORD007375,CUST4127,Blinkit,34:29.5,29,Snacks,131,"Fast delivery, great service!",5,No,No
ORD007378,CUST8592,Blinkit,38:29.5,32,Fruits & Vegetables,263,"Not fresh, disappointed.",2,No,Yes
ORD007379,CUST3427,Swiggy Instamart,27:29.5,22,Dairy,372,Packaging could be better.,3,No,No
ORD007383,CUST2908,Swiggy Instamart,53:29.5,33,Beverages,567,Good quality products.,4,No,No
ORD007384,CUST3721,Blinkit,50:29.5,22,Personal Care,1139,Wrong item delivered.,1,No,Yes
ORD007389,CUST1321,JioMart,55:29.5,46,Dairy,353,Delivery person was rude.,2,Yes,Yes
ORD007390,CUST8364,Swiggy Instamart,03:29.5,37,Dairy,608,"Not fresh, disappointed.",2,No,Yes
ORD007391,CUST4975,JioMart,08:29.5,36,Beverages,921,Packaging could be better.,3,No,No
ORD007392,CUST4298,JioMart,26:29.5,39,Beverages,184,Delivery person was rude.,2,No,Yes
ORD007393,CUST5830,JioMart,00:29.5,31,Beverages,531,Delivery person was rude.,2,No,Yes
ORD007395,CUST1834,Blinkit,42:29.5,31,Fruits & Vegetables,260,Very satisfied with the service.,5,No,No
ORD007396,CUST6469,JioMart,43:29.5,26,Dairy,652,"Not fresh, disappointed.",2,No,Yes
ORD007397,CUST1129,JioMart,14:29.5,51,Dairy,691,Very satisfied with the service.,5,Yes,No
ORD007400,CUST7810,JioMart,16:29.5,39,Grocery,1344,"Easy to order, loved it!",5,No,No
ORD007401,CUST9121,JioMart,24:29.5,38,Fruits & Vegetables,517,Wrong item delivered.,1,No,Yes
ORD007406,CUST8964,Swiggy Instamart,05:29.5,55,Fruits & Vegetables,267,"Horrible experience, never ordering again.",1,Yes,Yes
ORD007409,CUST4799,Swiggy Instamart,41:29.5,32,Beverages,848,Wrong item delivered.,1,No,Yes
ORD007414,CUST6174,Swiggy Instamart,44:29.5,27,Personal Care,1027,Quick and reliable!,5,No,No
ORD007416,CUST5388,Blinkit,33:29.5,36,Fruits & Vegetables,306,Packaging could be better.,3,No,No
ORD007418,CUST8755,Blinkit,16:29.5,5,Personal Care,812,"Very late delivery, not happy.",2,No,Yes
ORD007420,CUST9106,JioMart,43:29.5,49,Grocery,529,Very satisfied with the service.,5,Yes,No
ORD007422,CUST8345,Blinkit,55:29.5,35,Grocery,1057,Very satisfied with the service.,5,No,No
ORD007424,CUST1340,Swiggy Instamart,26:29.5,40,Snacks,87,Good quality products.,4,No,No
ORD007426,CUST5718,Blinkit,08:29.5,39,Fruits & Vegetables,285,Excellent experience!,5,No,No
ORD007427,CUST4149,Swiggy Instamart,41:29.5,54,Snacks,262,"Very late delivery, not happy.",2,Yes,Yes
ORD007431,CUST4802,Blinkit,03:29.5,44,Snacks,153,"Easy to order, loved it!",5,Yes,No
ORD007433,CUST4599,Swiggy Instamart,54:29.5,21,Grocery,759,Wrong item delivered.,1,No,Yes
ORD007435,CUST8675,Blinkit,44:29.5,15,Grocery,959,Wrong item delivered.,1,No,Yes
ORD007438,CUST7395,Swiggy Instamart,33:29.5,24,Personal Care,571,"Not fresh, disappointed.",2,No,Yes
ORD007439,CUST7829,Swiggy Instamart,31:29.5,37,Dairy,348,Wrong item delivered.,1,No,Yes
ORD007441,CUST8738,JioMart,32:29.5,30,Snacks,130,Packaging could be better.,3,No,No
ORD007444,CUST5627,Blinkit,43:29.5,18,Personal Care,1558,"Easy to order, loved it!",5,No,No
ORD007446,CUST8911,JioMart,59:29.5,24,Beverages,203,Delivery person was rude.,2,No,Yes
ORD007447,CUST3115,Swiggy Instamart,46:29.5,16,Fruits & Vegetables,168,Quick and reliable!,5,No,No
ORD007448,CUST3839,Swiggy Instamart,42:29.5,32,Grocery,1342,Excellent experience!,5,No,No
ORD007451,CUST9063,Blinkit,18:29.5,20,Beverages,563,"Not fresh, disappointed.",2,No,Yes
ORD007454,CUST9089,Blinkit,35:29.5,43,Dairy,107,Good quality products.,4,Yes,No
ORD007455,CUST5975,JioMart,29:29.5,19,Fruits & Vegetables,52,"Very late delivery, not happy.",2,No,Yes
ORD007456,CUST4845,JioMart,00:29.5,35,Fruits & Vegetables,547,"Fast delivery, great service!",5,No,No
ORD007457,CUST4431,Blinkit,42:29.5,23,Fruits & Vegetables,454,"Easy to order, loved it!",5,No,No
ORD007458,CUST1770,Swiggy Instamart,03:29.5,43,Dairy,686,"Not fresh, disappointed.",2,Yes,Yes
ORD007459,CUST1297,JioMart,38:29.5,43,Personal Care,1326,Quick and reliable!,5,Yes,No
ORD007461,CUST5273,Swiggy Instamart,38:29.5,21,Snacks,102,"Very late delivery, not happy.",2,No,Yes
ORD007462,CUST6849,Swiggy Instamart,28:29.5,35,Fruits & Vegetables,661,Very satisfied with the service.,5,No,No
ORD007466,CUST1523,Blinkit,29:29.5,15,Beverages,246,Very satisfied with the service.,5,No,No
ORD007467,CUST2043,Swiggy Instamart,58:29.5,41,Fruits & Vegetables,76,"Not fresh, disappointed.",2,Yes,Yes
ORD007472,CUST2977,Swiggy Instamart,32:29.5,19,Beverages,663,Quick and reliable!,5,No,No
ORD007473,CUST4671,Swiggy Instamart,34:29.5,32,Dairy,106,"Horrible experience, never ordering again.",1,No,Yes
ORD007474,CUST8968,Blinkit,28:29.5,22,Snacks,172,"Easy to order, loved it!",5,No,No
ORD007478,CUST1764,JioMart,57:29.5,15,Fruits & Vegetables,190,Delivery person was rude.,2,No,Yes
ORD007482,CUST2706,JioMart,54:29.5,22,Personal Care,1298,Wrong item delivered.,1,No,Yes
ORD007484,CUST8173,JioMart,31:29.5,33,Grocery,771,Very satisfied with the service.,5,No,No
ORD007489,CUST1687,Swiggy Instamart,04:29.5,14,Snacks,260,"Fast delivery, great service!",5,No,No
ORD007491,CUST2727,Swiggy Instamart,36:29.5,44,Fruits & Vegetables,425,Quick and reliable!,5,Yes,No
ORD007501,CUST2626,JioMart,23:29.5,29,Fruits & Vegetables,156,Very satisfied with the service.,5,No,No
ORD007505,CUST3257,Blinkit,52:29.5,31,Personal Care,721,Delivery person was rude.,2,No,Yes
ORD007506,CUST3014,JioMart,57:29.5,22,Snacks,422,Quick and reliable!,5,No,No
ORD007507,CUST4307,Blinkit,51:29.5,40,Grocery,1216,Excellent experience!,5,No,No
ORD007508,CUST8194,JioMart,33:29.5,34,Grocery,459,"Very late delivery, not happy.",2,No,Yes
ORD007509,CUST7811,JioMart,19:29.5,28,Snacks,430,"Not fresh, disappointed.",2,No,Yes
ORD007511,CUST5019,JioMart,26:29.5,36,Grocery,1314,Wrong item delivered.,1,No,Yes
ORD007512,CUST8760,JioMart,40:29.5,37,Personal Care,1859,Wrong item delivered.,1,No,Yes
ORD007515,CUST9274,Blinkit,11:29.5,21,Beverages,986,Items missing from order.,2,No,Yes
ORD007516,CUST3805,JioMart,39:29.5,31,Fruits & Vegetables,310,Quick and reliable!,5,No,No
ORD007517,CUST2396,Blinkit,35:29.5,21,Snacks,84,Excellent experience!,5,No,No
ORD007518,CUST5358,Blinkit,05:29.5,25,Fruits & Vegetables,672,Delivery person was rude.,2,No,Yes
ORD007519,CUST7101,Blinkit,59:29.5,38,Beverages,180,Quick and reliable!,5,No,No
ORD007520,CUST7799,JioMart,35:29.5,41,Fruits & Vegetables,189,Excellent experience!,5,Yes,No
ORD007522,CUST5021,Blinkit,34:29.5,28,Fruits & Vegetables,75,Wrong item delivered.,1,No,Yes
ORD007526,CUST4738,Blinkit,45:29.5,35,Personal Care,563,Items missing from order.,2,No,Yes
ORD007527,CUST3260,Blinkit,44:29.5,24,Fruits & Vegetables,382,Wrong item delivered.,1,No,Yes
ORD007530,CUST7706,Swiggy Instamart,28:29.5,27,Beverages,622,Items missing from order.,2,No,Yes
ORD007531,CUST8516,Swiggy Instamart,10:29.5,45,Snacks,256,"Easy to order, loved it!",5,Yes,No
ORD007534,CUST1487,JioMart,31:29.5,30,Beverages,155,Quick and reliable!,5,No,No
ORD007537,CUST1162,Swiggy Instamart,54:29.5,41,Fruits & Vegetables,536,Quick and reliable!,5,Yes,No
ORD007542,CUST6157,Swiggy Instamart,57:29.5,10,Fruits & Vegetables,529,"Horrible experience, never ordering again.",1,No,Yes
ORD007545,CUST8111,Swiggy Instamart,31:29.5,20,Beverages,114,Packaging could be better.,3,No,No
ORD007547,CUST7443,Blinkit,29:29.5,42,Dairy,575,"Easy to order, loved it!",5,Yes,No
ORD007548,CUST1607,JioMart,56:29.5,33,Personal Care,455,"Horrible experience, never ordering again.",1,No,Yes
ORD007550,CUST1947,JioMart,42:29.5,38,Personal Care,1076,"Fast delivery, great service!",5,No,No
ORD007551,CUST9516,JioMart,10:29.5,24,Grocery,783,"Easy to order, loved it!",5,No,No
ORD007552,CUST5845,Blinkit,50:29.5,29,Beverages,125,Good quality products.,4,No,No
ORD007553,CUST7869,JioMart,41:29.5,26,Fruits & Vegetables,369,"Very late delivery, not happy.",2,No,Yes
ORD007564,CUST4360,Swiggy Instamart,21:29.5,22,Grocery,575,"Very late delivery, not happy.",2,No,Yes
ORD007565,CUST9919,Blinkit,13:29.5,23,Beverages,802,"Fast delivery, great service!",5,No,No
ORD007568,CUST7627,Swiggy Instamart,18:29.5,33,Fruits & Vegetables,177,Very satisfied with the service.,5,No,No
ORD007573,CUST9805,Blinkit,36:29.5,34,Personal Care,707,Items missing from order.,2,No,Yes
ORD007574,CUST6480,JioMart,34:29.5,34,Grocery,722,Good quality products.,4,No,No
ORD007576,CUST3064,Swiggy Instamart,58:29.5,30,Snacks,99,"Not fresh, disappointed.",2,No,Yes
ORD007577,CUST9527,Swiggy Instamart,21:29.5,33,Snacks,122,"Very late delivery, not happy.",2,No,Yes
ORD007578,CUST9860,JioMart,47:29.5,32,Personal Care,1730,Packaging could be better.,3,No,No
ORD007579,CUST5651,Blinkit,26:29.5,25,Snacks,114,Packaging could be better.,3,No,No
ORD007581,CUST2520,Blinkit,08:29.5,45,Grocery,286,"Not fresh, disappointed.",2,Yes,Yes
ORD007583,CUST6115,Swiggy Instamart,58:29.5,17,Grocery,390,Very satisfied with the service.,5,No,No
ORD007584,CUST9541,Blinkit,50:29.5,41,Snacks,456,Good quality products.,4,Yes,No
ORD007587,CUST1383,Swiggy Instamart,30:29.5,29,Dairy,766,Excellent experience!,5,No,No
ORD007588,CUST1456,Blinkit,06:29.5,42,Beverages,807,Wrong item delivered.,1,Yes,Yes
ORD007590,CUST5238,Blinkit,24:29.5,40,Snacks,481,Excellent experience!,5,No,No
ORD007593,CUST7926,JioMart,14:29.5,25,Fruits & Vegetables,68,Very satisfied with the service.,5,No,No
ORD007594,CUST9278,JioMart,22:29.5,56,Snacks,147,"Not fresh, disappointed.",2,Yes,Yes
ORD007597,CUST7110,Blinkit,31:29.5,20,Fruits & Vegetables,169,Very satisfied with the service.,5,No,No
ORD007598,CUST5255,Swiggy Instamart,30:29.5,28,Fruits & Vegetables,613,Packaging could be better.,3,No,No
ORD007599,CUST9314,Swiggy Instamart,21:29.5,21,Dairy,296,Excellent experience!,5,No,No
ORD007603,CUST3043,Swiggy Instamart,14:29.5,24,Dairy,483,Very satisfied with the service.,5,No,No
ORD007604,CUST8352,Swiggy Instamart,28:29.5,33,Personal Care,440,"Easy to order, loved it!",5,No,No
ORD007605,CUST5881,JioMart,57:29.5,43,Snacks,324,"Not fresh, disappointed.",2,Yes,Yes
ORD007610,CUST9737,JioMart,23:29.5,18,Personal Care,1443,"Very late delivery, not happy.",2,No,Yes
ORD007611,CUST4831,Swiggy Instamart,09:29.5,39,Dairy,580,"Easy to order, loved it!",5,No,No
ORD007616,CUST7187,Swiggy Instamart,20:29.5,30,Beverages,750,Packaging could be better.,3,No,No
ORD007618,CUST5057,Blinkit,51:29.5,32,Dairy,153,"Horrible experience, never ordering again.",1,No,Yes
ORD007619,CUST2724,Swiggy Instamart,22:29.5,32,Grocery,1179,Delivery person was rude.,2,No,Yes
ORD007620,CUST6371,JioMart,31:29.5,33,Personal Care,1043,Good quality products.,4,No,No
ORD007621,CUST9461,Blinkit,54:29.5,24,Grocery,333,"Very late delivery, not happy.",2,No,Yes
ORD007623,CUST6919,Swiggy Instamart,28:29.5,42,Grocery,800,Packaging could be better.,3,Yes,No
ORD007624,CUST8443,Blinkit,11:29.5,37,Dairy,280,"Fast delivery, great service!",5,No,No
ORD007626,CUST3401,JioMart,17:29.5,20,Fruits & Vegetables,167,Good quality products.,4,No,No
ORD007630,CUST2511,Swiggy Instamart,25:29.5,21,Beverages,713,Very satisfied with the service.,5,No,No
ORD007631,CUST2018,Swiggy Instamart,31:29.5,17,Beverages,841,Packaging could be better.,3,No,No
ORD007633,CUST3130,Blinkit,06:29.5,28,Personal Care,193,"Fast delivery, great service!",5,No,No
ORD007636,CUST8309,Swiggy Instamart,02:29.5,39,Dairy,356,"Very late delivery, not happy.",2,No,Yes
ORD007638,CUST7050,Swiggy Instamart,06:29.5,27,Personal Care,836,Quick and reliable!,5,No,No
ORD007640,CUST7598,Blinkit,52:29.5,49,Grocery,763,Excellent experience!,5,Yes,No
ORD007643,CUST5320,Blinkit,48:29.5,31,Grocery,430,Packaging could be better.,3,No,No
ORD007647,CUST9020,JioMart,09:29.5,26,Dairy,226,Wrong item delivered.,1,No,Yes
ORD007648,CUST7830,Blinkit,11:29.5,31,Snacks,283,"Easy to order, loved it!",5,No,No
ORD007650,CUST3364,Swiggy Instamart,27:29.5,49,Dairy,379,Quick and reliable!,5,Yes,No
ORD007651,CUST9286,JioMart,05:29.5,28,Beverages,161,"Not fresh, disappointed.",2,No,Yes
ORD007652,CUST3082,JioMart,02:29.5,14,Personal Care,855,Good quality products.,4,No,No
ORD007655,CUST3119,Swiggy Instamart,30:29.5,31,Dairy,410,Very satisfied with the service.,5,No,No
ORD007663,CUST3569,JioMart,24:29.5,29,Personal Care,1327,Delivery person was rude.,2,No,Yes
ORD007664,CUST7051,Blinkit,05:29.5,32,Beverages,132,"Fast delivery, great service!",5,No,No
ORD007665,CUST2945,JioMart,45:29.5,49,Grocery,1490,"Not fresh, disappointed.",2,Yes,Yes
ORD007668,CUST2980,Swiggy Instamart,07:29.5,36,Fruits & Vegetables,694,"Very late delivery, not happy.",2,No,Yes
ORD007669,CUST7055,Blinkit,08:29.5,30,Personal Care,1721,"Not fresh, disappointed.",2,No,Yes
ORD007673,CUST3511,Swiggy Instamart,18:29.5,37,Snacks,487,"Horrible experience, never ordering again.",1,No,Yes
ORD007679,CUST5816,Swiggy Instamart,36:29.5,23,Personal Care,134,"Easy to order, loved it!",5,No,No
ORD007680,CUST8961,JioMart,25:29.5,23,Grocery,682,Items missing from order.,2,No,Yes
ORD007681,CUST1458,JioMart,01:29.5,26,Snacks,465,"Easy to order, loved it!",5,No,No
ORD007684,CUST7910,Swiggy Instamart,28:29.5,57,Snacks,427,Wrong item delivered.,1,Yes,Yes
ORD007691,CUST1034,Swiggy Instamart,32:29.5,19,Fruits & Vegetables,566,Delivery person was rude.,2,No,Yes
ORD007692,CUST3004,Swiggy Instamart,29:29.5,18,Personal Care,337,Wrong item delivered.,1,No,Yes
ORD007694,CUST6712,JioMart,15:29.5,26,Personal Care,1908,"Horrible experience, never ordering again.",1,No,Yes
ORD007698,CUST8883,JioMart,39:29.5,31,Beverages,928,Good quality products.,4,No,No
ORD007699,CUST6074,Swiggy Instamart,20:29.5,56,Dairy,703,Wrong item delivered.,1,Yes,Yes
ORD007700,CUST8411,Swiggy Instamart,45:29.5,30,Beverages,571,Very satisfied with the service.,5,No,No
ORD007701,CUST6534,JioMart,04:29.5,7,Fruits & Vegetables,174,"Fast delivery, great service!",5,No,No
ORD007702,CUST7181,Swiggy Instamart,52:29.5,16,Grocery,865,"Very late delivery, not happy.",2,No,Yes
ORD007704,CUST3175,Swiggy Instamart,29:29.5,16,Grocery,751,"Fast delivery, great service!",5,No,No
ORD007705,CUST3269,Blinkit,44:29.5,43,Dairy,751,"Not fresh, disappointed.",2,Yes,Yes
ORD007713,CUST7711,Swiggy Instamart,06:29.5,34,Personal Care,620,"Fast delivery, great service!",5,No,No
ORD007714,CUST7344,JioMart,10:29.5,28,Snacks,165,Packaging could be better.,3,No,No
ORD007716,CUST7478,Blinkit,39:29.5,32,Fruits & Vegetables,447,Very satisfied with the service.,5,No,No
ORD007718,CUST9863,Blinkit,12:29.5,15,Personal Care,222,Delivery person was rude.,2,No,Yes
ORD007722,CUST2450,Swiggy Instamart,47:29.5,38,Personal Care,140,Good quality products.,4,No,No
ORD007728,CUST4152,JioMart,48:29.5,14,Fruits & Vegetables,403,Delivery person was rude.,2,No,Yes
ORD007729,CUST9877,Swiggy Instamart,50:29.5,48,Beverages,454,Good quality products.,4,Yes,No
ORD007732,CUST4103,JioMart,16:29.5,18,Grocery,344,"Very late delivery, not happy.",2,No,Yes
ORD007734,CUST9235,JioMart,43:29.5,20,Snacks,451,Excellent experience!,5,No,No
ORD007737,CUST9713,Blinkit,56:29.5,16,Dairy,133,Items missing from order.,2,No,Yes
ORD007738,CUST3944,JioMart,36:29.5,31,Grocery,323,"Not fresh, disappointed.",2,No,Yes
ORD007740,CUST5504,Blinkit,38:29.5,36,Beverages,242,Delivery person was rude.,2,No,Yes
ORD007742,CUST5018,JioMart,03:29.5,9,Snacks,56,"Horrible experience, never ordering again.",1,No,Yes
ORD007744,CUST2386,Blinkit,32:29.5,36,Grocery,220,Good quality products.,4,No,No
ORD007745,CUST9741,Blinkit,35:29.5,30,Grocery,356,Delivery person was rude.,2,No,Yes
ORD007746,CUST6249,Blinkit,12:29.5,42,Snacks,86,"Horrible experience, never ordering again.",1,Yes,Yes
ORD007747,CUST7583,Blinkit,36:29.5,16,Grocery,1189,"Easy to order, loved it!",5,No,No
ORD007748,CUST1737,JioMart,38:29.5,26,Personal Care,1011,Good quality products.,4,No,No
ORD007750,CUST1381,Blinkit,04:29.5,51,Fruits & Vegetables,305,Delivery person was rude.,2,Yes,Yes
ORD007751,CUST6569,JioMart,40:29.5,25,Personal Care,268,Excellent experience!,5,No,No
ORD007752,CUST8160,JioMart,32:29.5,12,Beverages,245,"Horrible experience, never ordering again.",1,No,Yes
ORD007753,CUST3957,Swiggy Instamart,54:29.5,37,Personal Care,1721,Good quality products.,4,No,No
ORD007755,CUST1394,JioMart,54:29.5,12,Grocery,339,Items missing from order.,2,No,Yes
ORD007756,CUST9649,JioMart,15:29.5,28,Snacks,312,Excellent experience!,5,No,No
ORD007757,CUST6199,Blinkit,04:29.5,41,Personal Care,624,Excellent experience!,5,Yes,No
ORD007759,CUST5213,Blinkit,48:29.5,14,Snacks,449,Good quality products.,4,No,No
ORD007760,CUST2491,Swiggy Instamart,58:29.5,27,Snacks,269,Delivery person was rude.,2,No,Yes
ORD007761,CUST2878,Blinkit,02:29.5,24,Fruits & Vegetables,148,Excellent experience!,5,No,No
ORD007763,CUST9876,Blinkit,25:29.5,32,Snacks,92,"Very late delivery, not happy.",2,No,Yes
ORD007765,CUST5675,Swiggy Instamart,32:29.5,47,Personal Care,175,"Fast delivery, great service!",5,Yes,No
ORD007767,CUST3992,JioMart,21:29.5,35,Dairy,605,Very satisfied with the service.,5,No,No
ORD007768,CUST5187,Blinkit,49:29.5,22,Dairy,172,"Easy to order, loved it!",5,No,No
ORD007773,CUST3772,JioMart,22:29.5,27,Fruits & Vegetables,606,Packaging could be better.,3,No,No
ORD007774,CUST1965,Swiggy Instamart,01:29.5,29,Grocery,1263,"Easy to order, loved it!",5,No,No
ORD007775,CUST6329,Blinkit,18:29.5,34,Personal Care,610,Packaging could be better.,3,No,No
ORD007777,CUST1445,Swiggy Instamart,29:29.5,28,Beverages,244,Excellent experience!,5,No,No
ORD007782,CUST6243,Blinkit,19:29.5,33,Personal Care,400,Wrong item delivered.,1,No,Yes
ORD007783,CUST3334,JioMart,10:29.5,29,Grocery,1155,Delivery person was rude.,2,No,Yes
ORD007784,CUST7763,Blinkit,44:29.5,30,Beverages,300,Very satisfied with the service.,5,No,No
ORD007785,CUST6311,Blinkit,48:29.5,10,Personal Care,623,"Not fresh, disappointed.",2,No,Yes
ORD007788,CUST2981,JioMart,47:29.5,30,Grocery,723,"Fast delivery, great service!",5,No,No
ORD007789,CUST1849,Blinkit,49:29.5,28,Grocery,1355,Delivery person was rude.,2,No,Yes
ORD007790,CUST4318,JioMart,25:29.5,44,Snacks,300,Items missing from order.,2,Yes,Yes
ORD007791,CUST4925,Swiggy Instamart,15:29.5,33,Fruits & Vegetables,93,Packaging could be better.,3,No,No
ORD007792,CUST4874,JioMart,01:29.5,18,Dairy,752,Wrong item delivered.,1,No,Yes
ORD007793,CUST9076,Blinkit,29:29.5,14,Snacks,125,"Not fresh, disappointed.",2,No,Yes
ORD007794,CUST9333,Blinkit,22:29.5,39,Dairy,540,"Not fresh, disappointed.",2,No,Yes
ORD007795,CUST9264,JioMart,39:29.5,21,Snacks,493,Items missing from order.,2,No,Yes
ORD007796,CUST7308,Swiggy Instamart,12:29.5,32,Fruits & Vegetables,663,Items missing from order.,2,No,Yes
ORD007800,CUST6215,JioMart,45:29.5,28,Fruits & Vegetables,71,Packaging could be better.,3,No,No
ORD007801,CUST8615,Swiggy Instamart,50:29.5,33,Dairy,537,"Fast delivery, great service!",5,No,No
ORD007806,CUST7676,JioMart,07:29.5,14,Personal Care,528,Good quality products.,4,No,No
ORD007807,CUST4829,Blinkit,42:29.5,22,Grocery,1435,Quick and reliable!,5,No,No
ORD007809,CUST5409,Blinkit,03:29.5,35,Personal Care,975,Wrong item delivered.,1,No,Yes
ORD007810,CUST2663,Swiggy Instamart,40:29.5,17,Fruits & Vegetables,225,"Easy to order, loved it!",5,No,No
ORD007811,CUST5035,JioMart,44:29.5,24,Dairy,296,Items missing from order.,2,No,Yes
ORD007812,CUST3057,JioMart,16:29.5,35,Dairy,124,"Easy to order, loved it!",5,No,No
ORD007814,CUST7664,JioMart,58:29.5,33,Fruits & Vegetables,398,Delivery person was rude.,2,No,Yes
ORD007818,CUST4333,Blinkit,29:29.5,40,Grocery,1313,"Fast delivery, great service!",5,No,No
ORD007821,CUST9854,Blinkit,13:29.5,45,Personal Care,1906,Items missing from order.,2,Yes,Yes
ORD007825,CUST7942,JioMart,06:29.5,46,Dairy,361,Wrong item delivered.,1,Yes,Yes
ORD007826,CUST8401,Swiggy Instamart,46:29.5,38,Beverages,566,Delivery person was rude.,2,No,Yes
ORD007828,CUST1016,Swiggy Instamart,49:29.5,25,Grocery,1489,"Not fresh, disappointed.",2,No,Yes
ORD007832,CUST1008,Swiggy Instamart,53:29.5,31,Dairy,581,Packaging could be better.,3,No,No
ORD007833,CUST1985,Blinkit,55:29.5,31,Dairy,153,Items missing from order.,2,No,Yes
ORD007836,CUST5110,JioMart,46:29.5,32,Personal Care,1644,Packaging could be better.,3,No,No
ORD007837,CUST7228,Swiggy Instamart,18:29.5,33,Fruits & Vegetables,525,"Easy to order, loved it!",5,No,No
ORD007838,CUST6757,Swiggy Instamart,08:29.5,38,Personal Care,644,"Not fresh, disappointed.",2,No,Yes
ORD007843,CUST3644,Swiggy Instamart,22:29.5,30,Beverages,911,Items missing from order.,2,No,Yes
ORD007844,CUST9750,Swiggy Instamart,35:29.5,24,Beverages,861,Delivery person was rude.,2,No,Yes
ORD007845,CUST2145,JioMart,04:29.5,44,Fruits & Vegetables,640,Items missing from order.,2,Yes,Yes
ORD007846,CUST5925,Swiggy Instamart,09:29.5,41,Snacks,87,Packaging could be better.,3,Yes,No
ORD007847,CUST2469,Blinkit,41:29.5,41,Personal Care,730,Quick and reliable!,5,Yes,No
ORD007850,CUST3288,JioMart,11:29.5,36,Snacks,224,Packaging could be better.,3,No,No
ORD007852,CUST8077,Swiggy Instamart,59:29.5,43,Personal Care,1702,"Easy to order, loved it!",5,Yes,No
ORD007856,CUST6613,JioMart,48:29.5,26,Personal Care,582,Wrong item delivered.,1,No,Yes
ORD007857,CUST5282,JioMart,17:29.5,39,Personal Care,1164,Delivery person was rude.,2,No,Yes
ORD007859,CUST5473,JioMart,56:29.5,38,Beverages,394,"Horrible experience, never ordering again.",1,No,Yes
ORD007860,CUST5029,JioMart,35:29.5,15,Snacks,435,"Easy to order, loved it!",5,No,No
ORD007862,CUST6597,Swiggy Instamart,56:29.5,32,Grocery,487,Packaging could be better.,3,No,No
ORD007864,CUST8533,Blinkit,04:29.5,43,Dairy,551,Items missing from order.,2,Yes,Yes
ORD007867,CUST3190,JioMart,10:29.5,22,Snacks,379,Excellent experience!,5,No,No
ORD007868,CUST1033,Blinkit,43:29.5,19,Grocery,1450,"Easy to order, loved it!",5,No,No
ORD007871,CUST1156,Swiggy Instamart,17:29.5,30,Fruits & Vegetables,622,"Easy to order, loved it!",5,No,No
ORD007872,CUST3843,Swiggy Instamart,27:29.5,30,Dairy,591,Wrong item delivered.,1,No,Yes
ORD007873,CUST7769,JioMart,10:29.5,23,Grocery,1094,Delivery person was rude.,2,No,Yes
ORD007875,CUST7435,Blinkit,37:29.5,18,Personal Care,1819,Good quality products.,4,No,No
ORD007876,CUST9816,Swiggy Instamart,41:29.5,6,Dairy,411,"Easy to order, loved it!",5,No,No
ORD007877,CUST2329,Swiggy Instamart,15:29.5,23,Grocery,1262,"Not fresh, disappointed.",2,No,Yes
ORD007878,CUST2270,Blinkit,02:29.5,25,Snacks,156,Items missing from order.,2,No,Yes
ORD007879,CUST9825,Swiggy Instamart,07:29.5,9,Dairy,483,Quick and reliable!,5,No,No
ORD007881,CUST8293,Blinkit,14:29.5,39,Grocery,1071,Wrong item delivered.,1,No,Yes
ORD007882,CUST3022,JioMart,02:29.5,28,Grocery,1441,"Very late delivery, not happy.",2,No,Yes
ORD007883,CUST6783,Blinkit,22:29.5,9,Beverages,530,"Fast delivery, great service!",5,No,No
ORD007884,CUST7166,JioMart,36:29.5,41,Snacks,214,"Fast delivery, great service!",5,Yes,No
ORD007886,CUST7336,Swiggy Instamart,45:29.5,14,Personal Care,489,Packaging could be better.,3,No,No
ORD007889,CUST3044,Blinkit,33:29.5,20,Grocery,432,Good quality products.,4,No,No
ORD007890,CUST8580,JioMart,34:29.5,23,Grocery,822,"Easy to order, loved it!",5,No,No
ORD007891,CUST7069,JioMart,30:29.5,10,Beverages,934,"Fast delivery, great service!",5,No,No
ORD007893,CUST8283,Blinkit,25:29.5,39,Dairy,769,"Horrible experience, never ordering again.",1,No,Yes
ORD007897,CUST5606,Blinkit,03:29.5,30,Personal Care,242,"Not fresh, disappointed.",2,No,Yes
ORD007899,CUST4137,JioMart,24:29.5,35,Dairy,101,"Very late delivery, not happy.",2,No,Yes
ORD007900,CUST2474,Swiggy Instamart,10:29.5,38,Fruits & Vegetables,499,"Easy to order, loved it!",5,No,No
ORD007902,CUST4623,Swiggy Instamart,54:29.5,24,Snacks,178,"Easy to order, loved it!",5,No,No
ORD007903,CUST4838,Swiggy Instamart,47:29.5,10,Snacks,216,Quick and reliable!,5,No,No
ORD007907,CUST5599,JioMart,43:29.5,23,Beverages,638,Quick and reliable!,5,No,No
ORD007912,CUST7489,Swiggy Instamart,52:29.5,22,Grocery,265,Quick and reliable!,5,No,No
ORD007915,CUST9197,Swiggy Instamart,17:29.5,5,Beverages,200,"Not fresh, disappointed.",2,No,Yes
ORD007916,CUST9093,Swiggy Instamart,57:29.5,23,Grocery,1004,"Very late delivery, not happy.",2,No,Yes
ORD007918,CUST4174,Blinkit,38:29.5,28,Fruits & Vegetables,94,Packaging could be better.,3,No,No
ORD007922,CUST2065,Swiggy Instamart,39:29.5,27,Grocery,1218,Good quality products.,4,No,No
ORD007924,CUST5253,Swiggy Instamart,27:29.5,21,Dairy,142,"Horrible experience, never ordering again.",1,No,Yes
ORD007930,CUST9731,JioMart,29:29.5,23,Fruits & Vegetables,66,Packaging could be better.,3,No,No
ORD007931,CUST5143,Swiggy Instamart,08:29.5,26,Beverages,716,Excellent experience!,5,No,No
ORD007932,CUST8437,Blinkit,35:29.5,24,Dairy,250,Wrong item delivered.,1,No,Yes
ORD007933,CUST1032,Swiggy Instamart,28:29.5,36,Fruits & Vegetables,110,Delivery person was rude.,2,No,Yes
ORD007936,CUST6292,Blinkit,26:29.5,33,Fruits & Vegetables,636,Wrong item delivered.,1,No,Yes
ORD007937,CUST8086,Blinkit,55:29.5,34,Fruits & Vegetables,448,"Very late delivery, not happy.",2,No,Yes
ORD007940,CUST2994,Blinkit,40:29.5,30,Personal Care,1845,Good quality products.,4,No,No
ORD007941,CUST9491,Swiggy Instamart,03:29.5,51,Snacks,403,"Horrible experience, never ordering again.",1,Yes,Yes
ORD007942,CUST8644,JioMart,34:29.5,20,Fruits & Vegetables,627,"Fast delivery, great service!",5,No,No
ORD007943,CUST9119,Blinkit,06:29.5,15,Snacks,193,Wrong item delivered.,1,No,Yes
ORD007951,CUST9723,Swiggy Instamart,03:29.5,22,Personal Care,1159,Quick and reliable!,5,No,No
ORD007953,CUST6181,Swiggy Instamart,49:29.5,39,Grocery,274,Delivery person was rude.,2,No,Yes
ORD007955,CUST7420,JioMart,53:29.5,28,Snacks,259,Delivery person was rude.,2,No,Yes
ORD007956,CUST4188,Blinkit,55:29.5,19,Dairy,392,Delivery person was rude.,2,No,Yes
ORD007958,CUST2340,Swiggy Instamart,50:29.5,17,Beverages,882,Packaging could be better.,3,No,No
ORD007962,CUST2219,Blinkit,05:29.5,38,Fruits & Vegetables,477,Good quality products.,4,No,No
ORD007963,CUST5095,JioMart,21:29.5,34,Grocery,564,Good quality products.,4,No,No
ORD007964,CUST4225,Swiggy Instamart,30:29.5,5,Grocery,874,"Not fresh, disappointed.",2,No,Yes
ORD007965,CUST3694,JioMart,17:29.5,22,Dairy,716,"Horrible experience, never ordering again.",1,No,Yes
ORD007966,CUST6394,Blinkit,04:29.5,29,Grocery,1445,"Easy to order, loved it!",5,No,No
ORD007967,CUST6092,JioMart,11:29.5,47,Personal Care,923,"Very late delivery, not happy.",2,Yes,Yes
ORD007973,CUST1393,Blinkit,59:29.5,23,Dairy,475,"Not fresh, disappointed.",2,No,Yes
ORD007978,CUST8759,Blinkit,39:29.5,16,Snacks,333,"Very late delivery, not happy.",2,No,Yes
ORD007979,CUST4905,Blinkit,10:29.5,24,Fruits & Vegetables,305,"Easy to order, loved it!",5,No,No
ORD007980,CUST6583,JioMart,05:29.5,41,Fruits & Vegetables,229,Very satisfied with the service.,5,Yes,No
ORD007986,CUST8184,Blinkit,48:29.5,21,Beverages,203,Items missing from order.,2,No,Yes
ORD007990,CUST2401,Blinkit,10:29.5,34,Snacks,138,Excellent experience!,5,No,No
ORD007993,CUST7183,Swiggy Instamart,23:29.5,34,Personal Care,1901,Good quality products.,4,No,No
ORD008000,CUST5939,JioMart,52:29.5,37,Beverages,979,"Fast delivery, great service!",5,No,No
ORD008003,CUST2668,Blinkit,56:29.5,28,Snacks,199,Very satisfied with the service.,5,No,No
ORD008004,CUST1914,Blinkit,43:29.5,25,Grocery,220,"Not fresh, disappointed.",2,No,Yes
ORD008005,CUST1855,Blinkit,56:29.5,35,Snacks,204,"Very late delivery, not happy.",2,No,Yes
ORD008011,CUST4819,JioMart,55:29.5,38,Fruits & Vegetables,434,Delivery person was rude.,2,No,Yes
ORD008018,CUST6564,JioMart,31:29.5,52,Dairy,513,Packaging could be better.,3,Yes,No
ORD008022,CUST6377,JioMart,44:29.5,27,Grocery,754,"Fast delivery, great service!",5,No,No
ORD008023,CUST4153,Swiggy Instamart,41:29.5,26,Dairy,169,Excellent experience!,5,No,No
ORD008024,CUST2769,JioMart,10:29.5,33,Fruits & Vegetables,558,"Easy to order, loved it!",5,No,No
ORD008028,CUST4172,Blinkit,54:29.5,34,Beverages,193,"Very late delivery, not happy.",2,No,Yes
ORD008034,CUST8887,JioMart,09:29.5,30,Beverages,402,"Horrible experience, never ordering again.",1,No,Yes
ORD008035,CUST8284,Blinkit,55:29.5,47,Snacks,384,"Very late delivery, not happy.",2,Yes,Yes
ORD008037,CUST4983,Blinkit,50:29.5,18,Dairy,557,Wrong item delivered.,1,No,Yes
ORD008040,CUST1991,Blinkit,39:29.5,35,Dairy,305,Excellent experience!,5,No,No
ORD008042,CUST6106,Blinkit,19:29.5,31,Grocery,1115,Items missing from order.,2,No,Yes
ORD008044,CUST9407,JioMart,15:29.5,46,Snacks,209,Very satisfied with the service.,5,Yes,No
ORD008045,CUST6861,Swiggy Instamart,40:29.5,28,Grocery,377,Items missing from order.,2,No,Yes
ORD008046,CUST6098,Blinkit,57:29.5,24,Dairy,622,"Easy to order, loved it!",5,No,No
ORD008051,CUST6057,Swiggy Instamart,11:29.5,32,Grocery,389,Quick and reliable!,5,No,No
ORD008052,CUST6618,Blinkit,05:29.5,43,Grocery,350,"Fast delivery, great service!",5,Yes,No
ORD008053,CUST5768,Swiggy Instamart,55:29.5,11,Beverages,895,"Horrible experience, never ordering again.",1,No,Yes
ORD008054,CUST7042,JioMart,33:29.5,34,Fruits & Vegetables,259,"Very late delivery, not happy.",2,No,Yes
ORD008056,CUST9481,JioMart,01:29.5,34,Snacks,451,Wrong item delivered.,1,No,Yes
ORD008059,CUST4889,JioMart,53:29.5,39,Grocery,381,Delivery person was rude.,2,No,Yes
ORD008062,CUST7915,Blinkit,08:29.5,31,Personal Care,507,Wrong item delivered.,1,No,Yes
ORD008065,CUST4282,JioMart,26:29.5,28,Snacks,265,"Horrible experience, never ordering again.",1,No,Yes
ORD008066,CUST4297,JioMart,52:29.5,36,Personal Care,1258,"Horrible experience, never ordering again.",1,No,Yes
ORD008068,CUST6595,Blinkit,29:29.5,35,Beverages,495,Packaging could be better.,3,No,No
ORD008074,CUST5909,JioMart,05:29.5,13,Snacks,380,Delivery person was rude.,2,No,Yes
ORD008078,CUST2717,JioMart,25:29.5,25,Snacks,318,Good quality products.,4,No,No
ORD008084,CUST4654,JioMart,09:29.5,27,Fruits & Vegetables,543,Wrong item delivered.,1,No,Yes
ORD008085,CUST4772,JioMart,54:29.5,8,Snacks,139,Delivery person was rude.,2,No,Yes
ORD008086,CUST8643,Blinkit,45:29.5,12,Fruits & Vegetables,562,Quick and reliable!,5,No,No
ORD008089,CUST8876,Swiggy Instamart,31:29.5,18,Snacks,122,Good quality products.,4,No,No
ORD008091,CUST7158,Swiggy Instamart,15:29.5,34,Fruits & Vegetables,118,Items missing from order.,2,No,Yes
ORD008092,CUST4363,Swiggy Instamart,38:29.5,27,Snacks,475,"Horrible experience, never ordering again.",1,No,Yes
ORD008093,CUST7558,JioMart,26:29.5,34,Beverages,157,Quick and reliable!,5,No,No
ORD008096,CUST6944,JioMart,36:29.5,27,Dairy,491,Quick and reliable!,5,No,No
ORD008099,CUST6863,JioMart,09:29.5,25,Grocery,1186,Quick and reliable!,5,No,No
ORD008100,CUST1491,Blinkit,11:29.5,26,Beverages,785,"Not fresh, disappointed.",2,No,Yes
ORD008104,CUST8215,JioMart,12:29.5,22,Grocery,887,Excellent experience!,5,No,No
ORD008112,CUST3853,JioMart,42:29.5,30,Beverages,286,Good quality products.,4,No,No
ORD008113,CUST4587,Swiggy Instamart,41:29.5,34,Fruits & Vegetables,510,Excellent experience!,5,No,No
ORD008114,CUST5292,Swiggy Instamart,25:29.5,48,Grocery,791,"Very late delivery, not happy.",2,Yes,Yes
ORD008115,CUST3855,JioMart,52:29.5,47,Fruits & Vegetables,646,"Very late delivery, not happy.",2,Yes,Yes
ORD008119,CUST4211,JioMart,45:29.5,18,Dairy,566,Delivery person was rude.,2,No,Yes
ORD008121,CUST3884,Blinkit,54:29.5,18,Beverages,578,Packaging could be better.,3,No,No
ORD008124,CUST1343,Blinkit,57:29.5,26,Beverages,748,Quick and reliable!,5,No,No
ORD008129,CUST4444,Swiggy Instamart,14:29.5,42,Personal Care,231,Packaging could be better.,3,Yes,No
ORD008130,CUST5998,Swiggy Instamart,03:29.5,42,Fruits & Vegetables,59,"Easy to order, loved it!",5,Yes,No
ORD008132,CUST4934,Swiggy Instamart,54:29.5,27,Dairy,725,"Fast delivery, great service!",5,No,No
ORD008134,CUST7100,Swiggy Instamart,50:29.5,37,Dairy,255,"Not fresh, disappointed.",2,No,Yes
ORD008138,CUST2071,Blinkit,44:29.5,29,Grocery,1255,Items missing from order.,2,No,Yes
ORD008140,CUST3366,Swiggy Instamart,28:29.5,24,Grocery,1381,Wrong item delivered.,1,No,Yes
ORD008142,CUST4107,JioMart,11:29.5,24,Fruits & Vegetables,372,"Horrible experience, never ordering again.",1,No,Yes
ORD008143,CUST4140,JioMart,55:29.5,37,Fruits & Vegetables,623,Good quality products.,4,No,No
ORD008147,CUST6209,JioMart,21:29.5,5,Dairy,599,Excellent experience!,5,No,No
ORD008150,CUST1756,Swiggy Instamart,01:29.5,18,Beverages,846,Quick and reliable!,5,No,No
ORD008151,CUST4098,Swiggy Instamart,13:29.5,29,Fruits & Vegetables,532,Very satisfied with the service.,5,No,No
ORD008155,CUST6368,Swiggy Instamart,46:29.5,42,Personal Care,288,Very satisfied with the service.,5,Yes,No
ORD008158,CUST5588,Swiggy Instamart,42:29.5,33,Fruits & Vegetables,442,"Very late delivery, not happy.",2,No,Yes
ORD008163,CUST2333,JioMart,36:29.5,43,Personal Care,1200,Quick and reliable!,5,Yes,No
ORD008165,CUST2062,Swiggy Instamart,50:29.5,21,Dairy,436,Packaging could be better.,3,No,No
ORD008166,CUST3743,Swiggy Instamart,47:29.5,31,Dairy,394,Quick and reliable!,5,No,No
ORD008169,CUST9342,JioMart,38:29.5,33,Beverages,974,Quick and reliable!,5,No,No
ORD008171,CUST9168,Blinkit,42:29.5,44,Dairy,129,"Easy to order, loved it!",5,Yes,No
ORD008178,CUST8918,Blinkit,47:29.5,11,Dairy,572,"Easy to order, loved it!",5,No,No
ORD008180,CUST8762,JioMart,43:29.5,39,Grocery,1437,Items missing from order.,2,No,Yes
ORD008181,CUST5396,Blinkit,31:29.5,42,Fruits & Vegetables,223,Quick and reliable!,5,Yes,No
ORD008182,CUST7569,Swiggy Instamart,27:29.5,21,Beverages,265,Good quality products.,4,No,No
ORD008185,CUST4596,Blinkit,18:29.5,28,Snacks,75,Wrong item delivered.,1,No,Yes
ORD008186,CUST4325,JioMart,09:29.5,18,Personal Care,1050,Very satisfied with the service.,5,No,No
ORD008188,CUST4840,Swiggy Instamart,56:29.5,23,Fruits & Vegetables,308,Very satisfied with the service.,5,No,No
ORD008189,CUST7486,JioMart,42:29.5,24,Snacks,213,"Very late delivery, not happy.",2,No,Yes
ORD008190,CUST4581,JioMart,13:29.5,22,Personal Care,1620,Good quality products.,4,No,No
ORD008191,CUST6013,JioMart,16:29.5,48,Dairy,101,"Very late delivery, not happy.",2,Yes,Yes
ORD008192,CUST7963,Blinkit,53:29.5,35,Grocery,448,Quick and reliable!,5,No,No
ORD008194,CUST3575,Swiggy Instamart,58:29.5,27,Dairy,191,"Fast delivery, great service!",5,No,No
ORD008200,CUST5834,Swiggy Instamart,37:29.5,5,Grocery,1054,Quick and reliable!,5,No,No
ORD008201,CUST8282,Blinkit,12:29.5,21,Dairy,702,Wrong item delivered.,1,No,Yes
ORD008202,CUST9500,JioMart,55:29.5,38,Personal Care,1900,Items missing from order.,2,No,Yes
ORD008203,CUST6760,Swiggy Instamart,35:29.5,37,Personal Care,382,"Not fresh, disappointed.",2,No,Yes
ORD008204,CUST4771,Blinkit,04:29.5,13,Grocery,1050,Good quality products.,4,No,No
ORD008207,CUST9392,Blinkit,34:29.5,22,Snacks,79,Quick and reliable!,5,No,No
ORD008211,CUST8660,Blinkit,17:29.5,24,Personal Care,1040,"Horrible experience, never ordering again.",1,No,Yes
ORD008213,CUST7700,JioMart,29:29.5,11,Beverages,800,"Easy to order, loved it!",5,No,No
ORD008218,CUST7264,JioMart,46:29.5,39,Dairy,579,Delivery person was rude.,2,No,Yes
ORD008220,CUST3942,JioMart,49:29.5,25,Snacks,394,Good quality products.,4,No,No
ORD008221,CUST8236,JioMart,11:29.5,20,Grocery,547,Delivery person was rude.,2,No,Yes
ORD008224,CUST2243,JioMart,08:29.5,34,Grocery,484,"Not fresh, disappointed.",2,No,Yes
ORD008230,CUST9956,Blinkit,33:29.5,40,Beverages,791,Wrong item delivered.,1,No,Yes
ORD008231,CUST2280,Blinkit,46:29.5,30,Snacks,121,Excellent experience!,5,No,No
ORD008235,CUST2942,Swiggy Instamart,34:29.5,33,Personal Care,1189,Excellent experience!,5,No,No
ORD008242,CUST4221,Swiggy Instamart,07:29.5,35,Grocery,651,Wrong item delivered.,1,No,Yes
ORD008245,CUST5959,Swiggy Instamart,22:29.5,32,Snacks,165,"Very late delivery, not happy.",2,No,Yes
ORD008247,CUST4123,Swiggy Instamart,01:29.5,38,Dairy,636,Delivery person was rude.,2,No,Yes
ORD008251,CUST1139,Blinkit,57:29.5,22,Dairy,599,Quick and reliable!,5,No,No
ORD008254,CUST6679,Swiggy Instamart,17:29.5,23,Fruits & Vegetables,521,Wrong item delivered.,1,No,Yes
ORD008255,CUST7616,Swiggy Instamart,41:29.5,28,Fruits & Vegetables,124,Packaging could be better.,3,No,No
ORD008256,CUST7647,Blinkit,34:29.5,45,Beverages,851,"Horrible experience, never ordering again.",1,Yes,Yes
ORD008258,CUST8733,Blinkit,35:29.5,30,Snacks,350,Wrong item delivered.,1,No,Yes
ORD008263,CUST4717,JioMart,21:29.5,18,Dairy,282,"Easy to order, loved it!",5,No,No
ORD008265,CUST8773,Blinkit,58:29.5,28,Personal Care,1109,Packaging could be better.,3,No,No
ORD008269,CUST8559,JioMart,46:29.5,32,Beverages,309,Good quality products.,4,No,No
ORD008270,CUST6581,JioMart,29:29.5,23,Beverages,503,Packaging could be better.,3,No,No
ORD008273,CUST4077,Swiggy Instamart,05:29.5,20,Dairy,194,"Not fresh, disappointed.",2,No,Yes
ORD008279,CUST1493,Blinkit,53:29.5,16,Beverages,139,Quick and reliable!,5,No,No
ORD008285,CUST9188,JioMart,28:29.5,26,Grocery,881,"Very late delivery, not happy.",2,No,Yes
ORD008286,CUST6810,Blinkit,16:29.5,28,Snacks,295,"Fast delivery, great service!",5,No,No
ORD008289,CUST7867,Swiggy Instamart,40:29.5,16,Beverages,419,"Easy to order, loved it!",5,No,No
ORD008291,CUST7608,Blinkit,25:29.5,42,Personal Care,1399,Good quality products.,4,Yes,No
ORD008294,CUST6342,JioMart,28:29.5,39,Fruits & Vegetables,62,Very satisfied with the service.,5,No,No
ORD008295,CUST1380,JioMart,26:29.5,39,Snacks,476,Items missing from order.,2,No,Yes
ORD008297,CUST3279,JioMart,20:29.5,27,Fruits & Vegetables,526,Wrong item delivered.,1,No,Yes
ORD008300,CUST7404,Swiggy Instamart,50:29.5,35,Beverages,643,Items missing from order.,2,No,Yes
ORD008301,CUST7247,JioMart,10:29.5,16,Dairy,625,Delivery person was rude.,2,No,Yes
ORD008302,CUST4345,Blinkit,16:29.5,36,Beverages,391,Very satisfied with the service.,5,No,No
ORD008305,CUST9757,JioMart,26:29.5,28,Dairy,424,Very satisfied with the service.,5,No,No
ORD008306,CUST7331,Swiggy Instamart,05:29.5,34,Dairy,626,Delivery person was rude.,2,No,Yes
ORD008308,CUST8778,Swiggy Instamart,57:29.5,18,Personal Care,618,Packaging could be better.,3,No,No
ORD008309,CUST2779,Blinkit,12:29.5,28,Snacks,364,"Very late delivery, not happy.",2,No,Yes
ORD008310,CUST6387,Blinkit,55:29.5,17,Snacks,215,Delivery person was rude.,2,No,Yes
ORD008314,CUST3808,Blinkit,34:29.5,36,Personal Care,522,"Very late delivery, not happy.",2,No,Yes
ORD008315,CUST2709,JioMart,45:29.5,22,Personal Care,1237,Packaging could be better.,3,No,No
ORD008320,CUST4058,Swiggy Instamart,43:29.5,32,Fruits & Vegetables,390,Packaging could be better.,3,No,No
ORD008321,CUST4260,Blinkit,05:29.5,37,Beverages,140,"Very late delivery, not happy.",2,No,Yes
ORD008322,CUST2138,JioMart,59:29.5,32,Grocery,440,"Not fresh, disappointed.",2,No,Yes
ORD008324,CUST5650,JioMart,13:29.5,13,Beverages,926,"Not fresh, disappointed.",2,No,Yes
ORD008326,CUST4818,JioMart,59:29.5,49,Personal Care,580,Very satisfied with the service.,5,Yes,No
ORD008327,CUST5769,Blinkit,29:29.5,18,Snacks,436,"Not fresh, disappointed.",2,No,Yes
ORD008332,CUST7039,Swiggy Instamart,59:29.5,17,Grocery,976,Quick and reliable!,5,No,No
ORD008333,CUST9495,Blinkit,53:29.5,31,Grocery,203,Delivery person was rude.,2,No,Yes
ORD008334,CUST1180,JioMart,43:29.5,36,Personal Care,1961,Wrong item delivered.,1,No,Yes
ORD008338,CUST7407,Blinkit,56:29.5,48,Fruits & Vegetables,418,Items missing from order.,2,Yes,Yes
ORD008340,CUST2814,Swiggy Instamart,22:29.5,34,Beverages,275,Very satisfied with the service.,5,No,No
ORD008342,CUST9789,Swiggy Instamart,52:29.5,27,Personal Care,524,Wrong item delivered.,1,No,Yes
ORD008343,CUST7855,JioMart,27:29.5,34,Dairy,338,Packaging could be better.,3,No,No
ORD008345,CUST2126,Swiggy Instamart,43:29.5,24,Fruits & Vegetables,414,Very satisfied with the service.,5,No,No
ORD008346,CUST7373,JioMart,53:29.5,45,Dairy,713,Wrong item delivered.,1,Yes,Yes
ORD008347,CUST4382,Blinkit,53:29.5,26,Beverages,956,Excellent experience!,5,No,No
ORD008350,CUST6075,Swiggy Instamart,28:29.5,44,Grocery,851,Items missing from order.,2,Yes,Yes
ORD008353,CUST3601,JioMart,36:29.5,24,Snacks,488,Quick and reliable!,5,No,No
ORD008357,CUST8519,JioMart,20:29.5,32,Grocery,1434,Good quality products.,4,No,No
ORD008361,CUST3337,JioMart,48:29.5,38,Snacks,140,Excellent experience!,5,No,No
ORD008362,CUST8302,JioMart,23:29.5,26,Beverages,358,"Horrible experience, never ordering again.",1,No,Yes
ORD008363,CUST2048,JioMart,57:29.5,23,Dairy,465,Excellent experience!,5,No,No
ORD008364,CUST7541,Swiggy Instamart,13:29.5,55,Beverages,111,"Very late delivery, not happy.",2,Yes,Yes
ORD008365,CUST5044,JioMart,26:29.5,36,Snacks,349,"Not fresh, disappointed.",2,No,Yes
ORD008367,CUST6388,JioMart,52:29.5,40,Beverages,194,Packaging could be better.,3,No,No
ORD008371,CUST1640,JioMart,36:29.5,33,Dairy,658,Wrong item delivered.,1,No,Yes
ORD008374,CUST8476,JioMart,58:29.5,45,Dairy,219,Items missing from order.,2,Yes,Yes
ORD008379,CUST7800,Swiggy Instamart,16:29.5,22,Fruits & Vegetables,651,Good quality products.,4,No,No
ORD008380,CUST5081,Swiggy Instamart,33:29.5,34,Beverages,286,Wrong item delivered.,1,No,Yes
ORD008382,CUST8079,Blinkit,36:29.5,21,Snacks,267,"Not fresh, disappointed.",2,No,Yes
ORD008385,CUST4005,Blinkit,18:29.5,32,Dairy,542,"Fast delivery, great service!",5,No,No
ORD008389,CUST4927,Blinkit,44:29.5,36,Beverages,160,Items missing from order.,2,No,Yes
ORD008393,CUST5782,Swiggy Instamart,29:29.5,18,Grocery,890,Very satisfied with the service.,5,No,No
ORD008403,CUST6341,Swiggy Instamart,31:29.5,12,Fruits & Vegetables,581,Items missing from order.,2,No,Yes
ORD008406,CUST3700,Blinkit,38:29.5,40,Dairy,358,Excellent experience!,5,No,No
ORD008407,CUST5141,Swiggy Instamart,33:29.5,23,Snacks,495,"Not fresh, disappointed.",2,No,Yes
ORD008409,CUST9291,JioMart,26:29.5,16,Beverages,549,Good quality products.,4,No,No
ORD008411,CUST8572,Blinkit,22:29.5,44,Snacks,110,"Not fresh, disappointed.",2,Yes,Yes
ORD008412,CUST1437,Swiggy Instamart,31:29.5,21,Grocery,337,Delivery person was rude.,2,No,Yes
ORD008413,CUST2199,JioMart,48:29.5,23,Fruits & Vegetables,332,"Easy to order, loved it!",5,No,No
ORD008414,CUST8567,JioMart,14:29.5,40,Grocery,1353,Items missing from order.,2,No,Yes
ORD008416,CUST6630,Blinkit,24:29.5,32,Grocery,412,Delivery person was rude.,2,No,Yes
ORD008417,CUST7542,JioMart,47:29.5,35,Fruits & Vegetables,320,Excellent experience!,5,No,No
ORD008425,CUST6359,Swiggy Instamart,31:29.5,34,Fruits & Vegetables,186,"Very late delivery, not happy.",2,No,Yes
ORD008432,CUST4969,Swiggy Instamart,45:29.5,35,Personal Care,139,"Easy to order, loved it!",5,No,No
ORD008434,CUST3297,Blinkit,34:29.5,21,Snacks,151,"Not fresh, disappointed.",2,No,Yes
ORD008439,CUST1295,Swiggy Instamart,30:29.5,43,Beverages,357,Items missing from order.,2,Yes,Yes
ORD008445,CUST7403,Swiggy Instamart,12:29.5,23,Dairy,794,Very satisfied with the service.,5,No,No
ORD008446,CUST3759,Swiggy Instamart,40:29.5,31,Dairy,461,"Fast delivery, great service!",5,No,No
ORD008447,CUST2271,JioMart,39:29.5,18,Fruits & Vegetables,549,Excellent experience!,5,No,No
ORD008448,CUST1183,Swiggy Instamart,44:29.5,25,Snacks,413,Quick and reliable!,5,No,No
ORD008451,CUST8219,Blinkit,27:29.5,32,Snacks,252,Delivery person was rude.,2,No,Yes
ORD008454,CUST4549,Swiggy Instamart,20:29.5,38,Fruits & Vegetables,190,"Easy to order, loved it!",5,No,No
ORD008455,CUST1564,Swiggy Instamart,21:29.5,30,Snacks,433,Packaging could be better.,3,No,No
ORD008460,CUST9566,Blinkit,42:29.5,41,Beverages,859,Excellent experience!,5,Yes,No
ORD008462,CUST7399,JioMart,39:29.5,20,Dairy,175,"Horrible experience, never ordering again.",1,No,Yes
ORD008464,CUST8274,Blinkit,27:29.5,34,Snacks,308,Packaging could be better.,3,No,No
ORD008471,CUST7138,Blinkit,19:29.5,28,Grocery,821,Packaging could be better.,3,No,No
ORD008475,CUST1262,JioMart,41:29.5,25,Grocery,461,"Not fresh, disappointed.",2,No,Yes
ORD008476,CUST7908,JioMart,08:29.5,18,Dairy,742,Delivery person was rude.,2,No,Yes
ORD008477,CUST1457,Blinkit,17:29.5,29,Dairy,459,Items missing from order.,2,No,Yes
ORD008478,CUST1238,Swiggy Instamart,16:29.5,34,Beverages,935,"Easy to order, loved it!",5,No,No
ORD008488,CUST9396,Swiggy Instamart,10:29.5,19,Fruits & Vegetables,459,Delivery person was rude.,2,No,Yes
ORD008489,CUST2764,Blinkit,55:29.5,36,Beverages,218,Quick and reliable!,5,No,No
ORD008492,CUST4105,Swiggy Instamart,51:29.5,42,Snacks,111,Items missing from order.,2,Yes,Yes
ORD008494,CUST9875,Blinkit,16:29.5,26,Beverages,663,Very satisfied with the service.,5,No,No
ORD008495,CUST7472,Blinkit,36:29.5,47,Personal Care,675,"Not fresh, disappointed.",2,Yes,Yes
ORD008496,CUST8010,Blinkit,15:29.5,35,Grocery,816,Quick and reliable!,5,No,No
ORD008498,CUST4807,Blinkit,51:29.5,33,Beverages,498,Items missing from order.,2,No,Yes
ORD008501,CUST6842,Swiggy Instamart,13:29.5,35,Grocery,648,"Not fresh, disappointed.",2,No,Yes
ORD008503,CUST3844,Swiggy Instamart,01:29.5,45,Fruits & Vegetables,454,Quick and reliable!,5,Yes,No
ORD008505,CUST7588,JioMart,09:29.5,38,Dairy,740,Good quality products.,4,No,No
ORD008507,CUST1196,Blinkit,34:29.5,47,Personal Care,1796,"Not fresh, disappointed.",2,Yes,Yes
ORD008508,CUST7376,Swiggy Instamart,11:29.5,21,Grocery,305,Quick and reliable!,5,No,No
ORD008511,CUST4606,Swiggy Instamart,46:29.5,24,Fruits & Vegetables,368,Good quality products.,4,No,No
ORD008512,CUST2081,Swiggy Instamart,04:29.5,18,Dairy,722,Good quality products.,4,No,No
ORD008514,CUST7045,Swiggy Instamart,37:29.5,45,Beverages,374,"Fast delivery, great service!",5,Yes,No
ORD008523,CUST3809,JioMart,20:29.5,43,Dairy,329,Very satisfied with the service.,5,Yes,No
ORD008528,CUST3177,Blinkit,49:29.5,38,Grocery,1169,"Horrible experience, never ordering again.",1,No,Yes
ORD008529,CUST6440,JioMart,03:29.5,34,Personal Care,1198,"Not fresh, disappointed.",2,No,Yes
ORD008538,CUST9372,Blinkit,35:29.5,20,Snacks,73,Excellent experience!,5,No,No
ORD008539,CUST4808,JioMart,58:29.5,48,Grocery,611,Quick and reliable!,5,Yes,No
ORD008543,CUST1347,Blinkit,32:29.5,25,Beverages,535,"Horrible experience, never ordering again.",1,No,Yes
ORD008544,CUST3032,JioMart,20:29.5,47,Beverages,970,Quick and reliable!,5,Yes,No
ORD008546,CUST4873,JioMart,34:29.5,19,Snacks,347,"Not fresh, disappointed.",2,No,Yes
ORD008552,CUST7136,JioMart,31:29.5,35,Beverages,875,Delivery person was rude.,2,No,Yes
ORD008556,CUST3484,Blinkit,34:29.5,44,Snacks,442,"Not fresh, disappointed.",2,Yes,Yes
ORD008558,CUST4348,Blinkit,20:29.5,21,Snacks,108,"Easy to order, loved it!",5,No,No
ORD008562,CUST6385,Swiggy Instamart,06:29.5,30,Dairy,724,Very satisfied with the service.,5,No,No
ORD008563,CUST3199,JioMart,17:29.5,23,Grocery,1441,"Horrible experience, never ordering again.",1,No,Yes
ORD008565,CUST6202,Swiggy Instamart,42:29.5,37,Personal Care,1448,Packaging could be better.,3,No,No
ORD008566,CUST1648,Swiggy Instamart,25:29.5,35,Dairy,738,"Horrible experience, never ordering again.",1,No,Yes
ORD008567,CUST9533,JioMart,24:29.5,34,Grocery,584,"Fast delivery, great service!",5,No,No
ORD008575,CUST4372,Blinkit,11:29.5,25,Fruits & Vegetables,447,Delivery person was rude.,2,No,Yes
ORD008576,CUST9836,Blinkit,06:29.5,29,Dairy,125,"Horrible experience, never ordering again.",1,No,Yes
ORD008580,CUST7250,JioMart,11:29.5,42,Dairy,199,Items missing from order.,2,Yes,Yes
ORD008583,CUST4007,Blinkit,01:29.5,22,Grocery,1031,Packaging could be better.,3,No,No
ORD008585,CUST1099,Blinkit,45:29.5,28,Snacks,58,Good quality products.,4,No,No
ORD008586,CUST2058,JioMart,19:29.5,21,Grocery,242,Packaging could be better.,3,No,No
ORD008591,CUST3318,Blinkit,25:29.5,30,Beverages,871,"Easy to order, loved it!",5,No,No
ORD008602,CUST8652,Blinkit,30:29.5,36,Fruits & Vegetables,123,Items missing from order.,2,No,Yes
ORD008603,CUST6103,Swiggy Instamart,54:29.5,8,Dairy,794,Quick and reliable!,5,No,No
ORD008605,CUST4236,Blinkit,03:29.5,30,Dairy,309,"Not fresh, disappointed.",2,No,Yes
ORD008608,CUST3890,Swiggy Instamart,17:29.5,20,Dairy,420,Very satisfied with the service.,5,No,No
ORD008609,CUST5079,Blinkit,27:29.5,31,Snacks,277,Wrong item delivered.,1,No,Yes
ORD008610,CUST5966,JioMart,58:29.5,21,Snacks,449,Wrong item delivered.,1,No,Yes
ORD008613,CUST4299,Blinkit,52:29.5,35,Beverages,913,Packaging could be better.,3,No,No
ORD008617,CUST6891,Blinkit,33:29.5,36,Grocery,1036,Quick and reliable!,5,No,No
ORD008620,CUST3748,Blinkit,48:29.5,22,Snacks,53,Wrong item delivered.,1,No,Yes
ORD008623,CUST7925,Blinkit,48:29.5,36,Fruits & Vegetables,190,Quick and reliable!,5,No,No
ORD008625,CUST8101,Swiggy Instamart,18:29.5,36,Fruits & Vegetables,445,Items missing from order.,2,No,Yes
ORD008626,CUST3553,Swiggy Instamart,54:29.5,17,Grocery,1119,Items missing from order.,2,No,Yes
ORD008627,CUST8897,Swiggy Instamart,53:29.5,24,Beverages,119,Delivery person was rude.,2,No,Yes
ORD008630,CUST8002,JioMart,21:29.5,32,Dairy,270,"Horrible experience, never ordering again.",1,No,Yes
ORD008633,CUST9801,Swiggy Instamart,45:29.5,16,Personal Care,214,Excellent experience!,5,No,No
ORD008637,CUST7233,JioMart,17:29.5,34,Dairy,677,"Easy to order, loved it!",5,No,No
ORD008638,CUST8596,Blinkit,15:29.5,36,Personal Care,621,Excellent experience!,5,No,No
ORD008639,CUST6011,JioMart,55:29.5,18,Grocery,784,"Fast delivery, great service!",5,No,No
ORD008640,CUST8431,JioMart,32:29.5,12,Personal Care,1367,"Easy to order, loved it!",5,No,No
ORD008643,CUST8878,Blinkit,53:29.5,32,Snacks,475,Delivery person was rude.,2,No,Yes
ORD008644,CUST2178,JioMart,19:29.5,27,Snacks,67,"Fast delivery, great service!",5,No,No
ORD008645,CUST6459,Swiggy Instamart,08:29.5,42,Dairy,479,Packaging could be better.,3,Yes,No
ORD008650,CUST4106,Swiggy Instamart,17:29.5,31,Dairy,767,Wrong item delivered.,1,No,Yes
ORD008651,CUST1068,Swiggy Instamart,13:29.5,24,Snacks,439,Excellent experience!,5,No,No
ORD008652,CUST1210,Swiggy Instamart,06:29.5,36,Fruits & Vegetables,483,"Easy to order, loved it!",5,No,No
ORD008653,CUST9203,JioMart,22:29.5,17,Personal Care,638,Quick and reliable!,5,No,No
ORD008658,CUST7465,Blinkit,44:29.5,14,Snacks,133,Delivery person was rude.,2,No,Yes
ORD008662,CUST6043,Blinkit,23:29.5,36,Beverages,989,Very satisfied with the service.,5,No,No
ORD008665,CUST1636,Blinkit,25:29.5,8,Personal Care,914,"Horrible experience, never ordering again.",1,No,Yes
ORD008668,CUST3660,Swiggy Instamart,01:29.5,32,Beverages,828,Items missing from order.,2,No,Yes
ORD008669,CUST4182,Blinkit,09:29.5,34,Personal Care,1516,Quick and reliable!,5,No,No
ORD008670,CUST8148,JioMart,08:29.5,32,Grocery,785,Wrong item delivered.,1,No,Yes
ORD008671,CUST5182,Swiggy Instamart,45:29.5,44,Snacks,255,"Easy to order, loved it!",5,Yes,No
ORD008673,CUST9349,Blinkit,10:29.5,25,Snacks,86,Good quality products.,4,No,No
ORD008675,CUST7032,Blinkit,28:29.5,37,Personal Care,434,Wrong item delivered.,1,No,Yes
ORD008682,CUST1565,Swiggy Instamart,32:29.5,26,Personal Care,1067,"Fast delivery, great service!",5,No,No
ORD008683,CUST6921,JioMart,13:29.5,34,Beverages,366,"Fast delivery, great service!",5,No,No
ORD008687,CUST8462,Swiggy Instamart,01:29.5,47,Snacks,445,Quick and reliable!,5,Yes,No
ORD008693,CUST2912,JioMart,09:29.5,20,Grocery,806,Items missing from order.,2,No,Yes
ORD008695,CUST7297,Blinkit,36:29.5,26,Beverages,495,Items missing from order.,2,No,Yes
ORD008696,CUST7515,Blinkit,50:29.5,20,Snacks,367,"Not fresh, disappointed.",2,No,Yes
ORD008697,CUST2316,Swiggy Instamart,30:29.5,14,Snacks,438,"Not fresh, disappointed.",2,No,Yes
ORD008701,CUST3716,Blinkit,52:29.5,38,Fruits & Vegetables,225,"Not fresh, disappointed.",2,No,Yes
ORD008702,CUST7993,Blinkit,18:29.5,21,Personal Care,1472,Quick and reliable!,5,No,No
ORD008706,CUST9735,Blinkit,46:29.5,23,Snacks,431,"Not fresh, disappointed.",2,No,Yes
ORD008708,CUST6045,Blinkit,09:29.5,39,Grocery,1429,"Horrible experience, never ordering again.",1,No,Yes
ORD008710,CUST2456,Swiggy Instamart,47:29.5,14,Snacks,355,Delivery person was rude.,2,No,Yes
ORD008714,CUST5407,Swiggy Instamart,12:29.5,20,Fruits & Vegetables,211,Excellent experience!,5,No,No
ORD008718,CUST1105,Swiggy Instamart,52:29.5,34,Beverages,461,Excellent experience!,5,No,No
ORD008722,CUST2587,Blinkit,55:29.5,32,Personal Care,1958,Delivery person was rude.,2,No,Yes
ORD008723,CUST2144,Swiggy Instamart,18:29.5,25,Personal Care,530,"Fast delivery, great service!",5,No,No
ORD008724,CUST7845,Swiggy Instamart,26:29.5,13,Fruits & Vegetables,51,Wrong item delivered.,1,No,Yes
ORD008725,CUST9600,Swiggy Instamart,05:29.5,23,Fruits & Vegetables,332,Quick and reliable!,5,No,No
ORD008734,CUST4244,JioMart,50:29.5,23,Snacks,122,"Horrible experience, never ordering again.",1,No,Yes
ORD008738,CUST2806,Swiggy Instamart,27:29.5,40,Grocery,533,"Fast delivery, great service!",5,No,No
ORD008740,CUST4482,JioMart,09:29.5,38,Snacks,124,Good quality products.,4,No,No
ORD008741,CUST4041,JioMart,29:29.5,41,Fruits & Vegetables,487,Packaging could be better.,3,Yes,No
ORD008743,CUST1966,Swiggy Instamart,03:29.5,15,Dairy,231,"Horrible experience, never ordering again.",1,No,Yes
ORD008744,CUST3993,Blinkit,45:29.5,39,Dairy,147,Packaging could be better.,3,No,No
ORD008746,CUST5249,Blinkit,07:29.5,46,Beverages,190,Quick and reliable!,5,Yes,No
ORD008752,CUST5802,Blinkit,19:29.5,33,Dairy,509,Good quality products.,4,No,No
ORD008756,CUST5534,JioMart,30:29.5,39,Dairy,606,Packaging could be better.,3,No,No
ORD008758,CUST6605,Swiggy Instamart,16:29.5,31,Dairy,702,Quick and reliable!,5,No,No
ORD008761,CUST8829,JioMart,00:29.5,36,Personal Care,866,Packaging could be better.,3,No,No
ORD008763,CUST2651,JioMart,20:29.5,26,Snacks,455,"Very late delivery, not happy.",2,No,Yes
ORD008764,CUST1155,Swiggy Instamart,36:29.5,29,Dairy,188,Quick and reliable!,5,No,No
ORD008765,CUST2000,Blinkit,57:29.5,51,Fruits & Vegetables,463,"Not fresh, disappointed.",2,Yes,Yes
ORD008766,CUST5359,Swiggy Instamart,58:29.5,35,Dairy,614,Items missing from order.,2,No,Yes
ORD008771,CUST9557,Blinkit,53:29.5,36,Fruits & Vegetables,661,Excellent experience!,5,No,No
ORD008774,CUST9520,Swiggy Instamart,23:29.5,36,Beverages,168,"Not fresh, disappointed.",2,No,Yes
ORD008778,CUST6521,Swiggy Instamart,21:29.5,35,Dairy,573,"Very late delivery, not happy.",2,No,Yes
ORD008779,CUST8036,Swiggy Instamart,22:29.5,35,Grocery,1157,"Horrible experience, never ordering again.",1,No,Yes
ORD008781,CUST7074,Swiggy Instamart,01:29.5,30,Grocery,645,Excellent experience!,5,No,No
ORD008783,CUST6164,Blinkit,57:29.5,27,Fruits & Vegetables,217,Excellent experience!,5,No,No
ORD008787,CUST7200,JioMart,54:29.5,11,Personal Care,815,"Easy to order, loved it!",5,No,No
ORD008788,CUST1937,JioMart,30:29.5,40,Fruits & Vegetables,218,"Not fresh, disappointed.",2,No,Yes
ORD008797,CUST3013,JioMart,32:29.5,7,Snacks,219,Wrong item delivered.,1,No,Yes
ORD008801,CUST7036,JioMart,54:29.5,47,Beverages,343,Wrong item delivered.,1,Yes,Yes
ORD008807,CUST1051,JioMart,14:29.5,10,Grocery,751,Very satisfied with the service.,5,No,No
ORD008808,CUST6278,Swiggy Instamart,08:29.5,9,Dairy,658,"Horrible experience, never ordering again.",1,No,Yes
ORD008812,CUST6333,Blinkit,03:29.5,14,Snacks,107,Very satisfied with the service.,5,No,No
ORD008816,CUST7556,JioMart,09:29.5,19,Grocery,1312,"Horrible experience, never ordering again.",1,No,Yes
ORD008821,CUST2645,Swiggy Instamart,50:29.5,33,Grocery,308,"Horrible experience, never ordering again.",1,No,Yes
ORD008823,CUST5814,Swiggy Instamart,12:29.5,17,Fruits & Vegetables,533,Excellent experience!,5,No,No
ORD008825,CUST3345,Blinkit,17:29.5,18,Beverages,287,Delivery person was rude.,2,No,Yes
ORD008829,CUST3094,Swiggy Instamart,52:29.5,24,Personal Care,1635,"Fast delivery, great service!",5,No,No
ORD008830,CUST9158,JioMart,56:29.5,25,Fruits & Vegetables,381,Good quality products.,4,No,No
ORD008833,CUST9990,JioMart,54:29.5,40,Grocery,1266,Excellent experience!,5,No,No
ORD008839,CUST9858,Blinkit,24:29.5,21,Beverages,388,Items missing from order.,2,No,Yes
ORD008841,CUST4987,Swiggy Instamart,38:29.5,9,Beverages,509,Delivery person was rude.,2,No,Yes
ORD008843,CUST3792,JioMart,56:29.5,22,Beverages,628,Excellent experience!,5,No,No
ORD008846,CUST8125,Blinkit,34:29.5,19,Grocery,429,Excellent experience!,5,No,No
ORD008849,CUST6349,Swiggy Instamart,10:29.5,28,Beverages,787,Packaging could be better.,3,No,No
ORD008853,CUST5220,Swiggy Instamart,20:29.5,24,Grocery,1104,Good quality products.,4,No,No
ORD008855,CUST3016,Swiggy Instamart,19:29.5,44,Snacks,442,Quick and reliable!,5,Yes,No
ORD008860,CUST6452,Blinkit,22:29.5,19,Snacks,318,Quick and reliable!,5,No,No
ORD008862,CUST2059,Swiggy Instamart,36:29.5,34,Personal Care,1248,"Fast delivery, great service!",5,No,No
ORD008863,CUST6623,Blinkit,39:29.5,22,Snacks,288,"Not fresh, disappointed.",2,No,Yes
ORD008867,CUST4823,Swiggy Instamart,16:29.5,24,Personal Care,1068,Packaging could be better.,3,No,No
ORD008868,CUST4662,Swiggy Instamart,44:29.5,36,Dairy,438,Wrong item delivered.,1,No,Yes
ORD008869,CUST5244,Swiggy Instamart,51:29.5,55,Beverages,885,Packaging could be better.,3,Yes,No
ORD008887,CUST7359,Blinkit,02:29.5,35,Snacks,289,"Not fresh, disappointed.",2,No,Yes
ORD008891,CUST3069,Blinkit,14:29.5,26,Snacks,397,"Fast delivery, great service!",5,No,No
ORD008896,CUST1150,JioMart,42:29.5,36,Fruits & Vegetables,77,"Very late delivery, not happy.",2,No,Yes
ORD008897,CUST9819,Swiggy Instamart,07:29.5,27,Snacks,327,Items missing from order.,2,No,Yes
ORD008899,CUST6176,JioMart,58:29.5,33,Snacks,93,Packaging could be better.,3,No,No
ORD008901,CUST5863,JioMart,43:29.5,42,Beverages,964,Very satisfied with the service.,5,Yes,No
ORD008902,CUST4586,Swiggy Instamart,09:29.5,21,Fruits & Vegetables,492,"Easy to order, loved it!",5,No,No
ORD008904,CUST8467,Blinkit,44:29.5,30,Snacks,338,Wrong item delivered.,1,No,Yes
ORD008906,CUST5643,JioMart,33:29.5,39,Grocery,1425,Delivery person was rude.,2,No,Yes
ORD008908,CUST1562,JioMart,27:29.5,36,Grocery,1019,"Fast delivery, great service!",5,No,No
ORD008909,CUST6245,Blinkit,46:29.5,31,Beverages,572,"Fast delivery, great service!",5,No,No
ORD008916,CUST9110,Blinkit,08:29.5,28,Snacks,152,"Fast delivery, great service!",5,No,No
ORD008919,CUST1963,Blinkit,11:29.5,13,Personal Care,570,"Not fresh, disappointed.",2,No,Yes
ORD008920,CUST6458,Swiggy Instamart,48:29.5,41,Beverages,364,"Not fresh, disappointed.",2,Yes,Yes
ORD008923,CUST4687,Swiggy Instamart,14:29.5,19,Snacks,354,Quick and reliable!,5,No,No
ORD008925,CUST3933,Blinkit,57:29.5,14,Personal Care,1754,Delivery person was rude.,2,No,Yes
ORD008927,CUST7419,Swiggy Instamart,59:29.5,19,Grocery,522,"Very late delivery, not happy.",2,No,Yes
ORD008928,CUST5900,JioMart,44:29.5,33,Grocery,917,Wrong item delivered.,1,No,Yes
ORD008930,CUST1353,Swiggy Instamart,52:29.5,31,Personal Care,1076,"Horrible experience, never ordering again.",1,No,Yes
ORD008932,CUST7427,Blinkit,59:29.5,35,Dairy,127,"Fast delivery, great service!",5,No,No
ORD008939,CUST2176,JioMart,01:29.5,19,Beverages,168,"Easy to order, loved it!",5,No,No
ORD008940,CUST9648,Swiggy Instamart,15:29.5,40,Grocery,985,"Easy to order, loved it!",5,No,No
ORD008942,CUST5626,JioMart,44:29.5,26,Fruits & Vegetables,676,"Easy to order, loved it!",5,No,No
ORD008944,CUST9978,JioMart,20:29.5,24,Grocery,481,Very satisfied with the service.,5,No,No
ORD008945,CUST7451,Swiggy Instamart,52:29.5,38,Dairy,130,"Very late delivery, not happy.",2,No,Yes
ORD008952,CUST3681,Swiggy Instamart,43:29.5,27,Dairy,443,Delivery person was rude.,2,No,Yes
ORD008957,CUST3372,JioMart,50:29.5,15,Personal Care,291,Quick and reliable!,5,No,No
ORD008959,CUST4573,Swiggy Instamart,19:29.5,24,Fruits & Vegetables,356,Items missing from order.,2,No,Yes
ORD008963,CUST2670,JioMart,45:29.5,37,Personal Care,1903,Delivery person was rude.,2,No,Yes
ORD008964,CUST3418,Blinkit,44:29.5,25,Personal Care,1934,"Horrible experience, never ordering again.",1,No,Yes
ORD008965,CUST7169,Blinkit,43:29.5,40,Grocery,610,"Very late delivery, not happy.",2,No,Yes
ORD008968,CUST1922,JioMart,12:29.5,19,Fruits & Vegetables,184,"Not fresh, disappointed.",2,No,Yes
ORD008969,CUST2573,Swiggy Instamart,09:29.5,34,Personal Care,940,Good quality products.,4,No,No
ORD008970,CUST6825,JioMart,08:29.5,24,Grocery,1493,Excellent experience!,5,No,No
ORD008972,CUST3943,JioMart,59:29.5,20,Fruits & Vegetables,348,Very satisfied with the service.,5,No,No
ORD008976,CUST6545,JioMart,01:29.5,37,Beverages,477,Wrong item delivered.,1,No,Yes
ORD008979,CUST7619,JioMart,08:29.5,28,Beverages,742,Quick and reliable!,5,No,No
ORD008980,CUST5014,Swiggy Instamart,10:29.5,29,Grocery,517,Wrong item delivered.,1,No,Yes
ORD008981,CUST1556,Swiggy Instamart,57:29.5,25,Dairy,680,Delivery person was rude.,2,No,Yes
ORD008991,CUST7260,JioMart,44:29.5,31,Snacks,164,Packaging could be better.,3,No,No
ORD008996,CUST2966,JioMart,05:29.5,34,Snacks,443,"Fast delivery, great service!",5,No,No
ORD008997,CUST2910,Swiggy Instamart,43:29.5,35,Dairy,134,Items missing from order.,2,No,Yes
ORD009002,CUST4685,JioMart,48:29.5,40,Dairy,214,"Fast delivery, great service!",5,No,No
ORD009003,CUST1377,JioMart,09:29.5,29,Snacks,87,Quick and reliable!,5,No,No
ORD009005,CUST5484,Swiggy Instamart,11:29.5,30,Dairy,131,Good quality products.,4,No,No
ORD009006,CUST2549,Blinkit,33:29.5,23,Grocery,1065,Packaging could be better.,3,No,No
ORD009012,CUST3051,Blinkit,20:29.5,36,Grocery,1400,"Not fresh, disappointed.",2,No,Yes
ORD009013,CUST2629,Swiggy Instamart,21:29.5,29,Grocery,338,"Not fresh, disappointed.",2,No,Yes
ORD009022,CUST9684,Blinkit,39:29.5,22,Dairy,197,"Fast delivery, great service!",5,No,No
ORD009027,CUST3033,Blinkit,57:29.5,28,Beverages,514,"Not fresh, disappointed.",2,No,Yes
ORD009028,CUST4399,Blinkit,43:29.5,37,Personal Care,1821,Wrong item delivered.,1,No,Yes
ORD009033,CUST8327,Blinkit,01:29.5,26,Beverages,194,Good quality products.,4,No,No
ORD009035,CUST3015,JioMart,36:29.5,21,Grocery,373,"Very late delivery, not happy.",2,No,Yes
ORD009038,CUST4378,JioMart,41:29.5,15,Fruits & Vegetables,493,"Very late delivery, not happy.",2,No,Yes
ORD009041,CUST5206,Blinkit,31:29.5,23,Fruits & Vegetables,174,"Easy to order, loved it!",5,No,No
ORD009042,CUST1573,Swiggy Instamart,09:29.5,34,Fruits & Vegetables,339,"Easy to order, loved it!",5,No,No
ORD009045,CUST9292,Blinkit,08:29.5,24,Personal Care,1556,Packaging could be better.,3,No,No
ORD009047,CUST6956,JioMart,16:29.5,33,Grocery,559,Excellent experience!,5,No,No
ORD009049,CUST3811,JioMart,40:29.5,17,Personal Care,352,"Horrible experience, never ordering again.",1,No,Yes
ORD009059,CUST3291,Swiggy Instamart,12:29.5,32,Dairy,494,Quick and reliable!,5,No,No
ORD009061,CUST6127,Blinkit,50:29.5,7,Dairy,583,Wrong item delivered.,1,No,Yes
ORD009063,CUST6769,Swiggy Instamart,24:29.5,42,Personal Care,1147,Wrong item delivered.,1,Yes,Yes
ORD009065,CUST9365,Blinkit,11:29.5,19,Dairy,449,"Horrible experience, never ordering again.",1,No,Yes
ORD009071,CUST4081,Swiggy Instamart,02:29.5,20,Dairy,475,"Horrible experience, never ordering again.",1,No,Yes
ORD009074,CUST4526,JioMart,46:29.5,41,Grocery,458,Wrong item delivered.,1,Yes,Yes
ORD009076,CUST4539,Swiggy Instamart,15:29.5,29,Dairy,324,Wrong item delivered.,1,No,Yes
ORD009079,CUST3105,Swiggy Instamart,07:29.5,31,Snacks,145,Items missing from order.,2,No,Yes
ORD009084,CUST7255,Blinkit,03:29.5,30,Fruits & Vegetables,664,Excellent experience!,5,No,No
ORD009086,CUST7554,JioMart,09:29.5,49,Snacks,152,Packaging could be better.,3,Yes,No
ORD009087,CUST8472,Swiggy Instamart,03:29.5,20,Personal Care,504,Wrong item delivered.,1,No,Yes
ORD009089,CUST5164,Blinkit,10:29.5,22,Grocery,390,Very satisfied with the service.,5,No,No
ORD009090,CUST7968,JioMart,08:29.5,42,Personal Care,1663,Wrong item delivered.,1,Yes,Yes
ORD009093,CUST4338,JioMart,35:29.5,35,Personal Care,1239,Items missing from order.,2,No,Yes
ORD009094,CUST2156,Blinkit,03:29.5,25,Dairy,731,"Very late delivery, not happy.",2,No,Yes
ORD009096,CUST4156,Blinkit,13:29.5,34,Beverages,524,"Easy to order, loved it!",5,No,No
ORD009097,CUST7097,Blinkit,36:29.5,23,Grocery,773,"Easy to order, loved it!",5,No,No
ORD009099,CUST3687,JioMart,46:29.5,32,Snacks,84,Quick and reliable!,5,No,No
ORD009100,CUST7876,Blinkit,20:29.5,28,Dairy,485,Items missing from order.,2,No,Yes
ORD009103,CUST8104,Swiggy Instamart,08:29.5,36,Grocery,1003,"Easy to order, loved it!",5,No,No
ORD009110,CUST9707,Blinkit,15:29.5,5,Dairy,485,Excellent experience!,5,No,No
ORD009111,CUST2802,Swiggy Instamart,56:29.5,13,Snacks,117,Wrong item delivered.,1,No,Yes
ORD009114,CUST2080,Swiggy Instamart,30:29.5,27,Fruits & Vegetables,82,Delivery person was rude.,2,No,Yes
ORD009115,CUST6396,Blinkit,31:29.5,47,Personal Care,243,Quick and reliable!,5,Yes,No
ORD009120,CUST3397,Blinkit,12:29.5,27,Beverages,231,"Horrible experience, never ordering again.",1,No,Yes
ORD009123,CUST1161,JioMart,56:29.5,33,Personal Care,1173,Wrong item delivered.,1,No,Yes
ORD009126,CUST4640,JioMart,39:29.5,25,Fruits & Vegetables,384,"Fast delivery, great service!",5,No,No
ORD009128,CUST2720,Swiggy Instamart,08:29.5,50,Personal Care,850,Quick and reliable!,5,Yes,No
ORD009129,CUST3023,Blinkit,51:29.5,8,Snacks,184,Quick and reliable!,5,No,No
ORD009132,CUST6022,Blinkit,35:29.5,32,Fruits & Vegetables,258,"Very late delivery, not happy.",2,No,Yes
ORD009136,CUST6716,Blinkit,36:29.5,42,Snacks,472,"Fast delivery, great service!",5,Yes,No
ORD009137,CUST5620,Blinkit,27:29.5,34,Beverages,200,"Easy to order, loved it!",5,No,No
ORD009141,CUST3797,JioMart,51:29.5,38,Grocery,1155,Excellent experience!,5,No,No
ORD009146,CUST9711,Blinkit,35:29.5,25,Fruits & Vegetables,422,Quick and reliable!,5,No,No
ORD009147,CUST7597,Blinkit,20:29.5,34,Dairy,247,"Very late delivery, not happy.",2,No,Yes
ORD009149,CUST3090,JioMart,33:29.5,36,Fruits & Vegetables,261,"Easy to order, loved it!",5,No,No
ORD009152,CUST9414,Swiggy Instamart,01:29.5,25,Snacks,276,Wrong item delivered.,1,No,Yes
ORD009154,CUST3070,Blinkit,52:29.5,31,Personal Care,1912,Quick and reliable!,5,No,No
ORD009156,CUST7206,Blinkit,43:29.5,22,Personal Care,1903,"Very late delivery, not happy.",2,No,Yes
ORD009159,CUST7064,Swiggy Instamart,35:29.5,28,Personal Care,622,Wrong item delivered.,1,No,Yes
ORD009162,CUST8500,JioMart,59:29.5,43,Snacks,485,"Easy to order, loved it!",5,Yes,No
ORD009166,CUST8678,Blinkit,59:29.5,22,Grocery,1222,"Easy to order, loved it!",5,No,No
ORD009170,CUST8008,JioMart,09:29.5,29,Beverages,773,Packaging could be better.,3,No,No
ORD009172,CUST4748,Blinkit,59:29.5,36,Dairy,694,"Very late delivery, not happy.",2,No,Yes
ORD009175,CUST6007,Swiggy Instamart,42:29.5,39,Grocery,858,Very satisfied with the service.,5,No,No
ORD009181,CUST4932,Swiggy Instamart,29:29.5,44,Snacks,308,"Easy to order, loved it!",5,Yes,No
ORD009182,CUST2534,JioMart,17:29.5,42,Dairy,277,Very satisfied with the service.,5,Yes,No
ORD009184,CUST1940,JioMart,25:29.5,44,Fruits & Vegetables,671,"Fast delivery, great service!",5,Yes,No
ORD009185,CUST2385,Blinkit,13:29.5,33,Dairy,662,"Easy to order, loved it!",5,No,No
ORD009186,CUST5683,Swiggy Instamart,54:29.5,6,Snacks,258,Packaging could be better.,3,No,No
ORD009189,CUST7946,Swiggy Instamart,04:29.5,34,Beverages,465,"Horrible experience, never ordering again.",1,No,Yes
ORD009190,CUST9334,Blinkit,37:29.5,26,Grocery,808,Very satisfied with the service.,5,No,No
ORD009192,CUST8858,Swiggy Instamart,33:29.5,22,Beverages,586,Excellent experience!,5,No,No
ORD009193,CUST9156,JioMart,41:29.5,42,Personal Care,1127,"Not fresh, disappointed.",2,Yes,Yes
ORD009195,CUST9722,JioMart,02:29.5,32,Fruits & Vegetables,387,"Easy to order, loved it!",5,No,No
ORD009200,CUST1119,Swiggy Instamart,29:29.5,39,Beverages,363,"Very late delivery, not happy.",2,No,Yes
ORD009201,CUST7962,Blinkit,31:29.5,25,Grocery,862,Items missing from order.,2,No,Yes
ORD009202,CUST9754,JioMart,14:29.5,35,Snacks,351,Good quality products.,4,No,No
ORD009205,CUST9652,Swiggy Instamart,43:29.5,41,Fruits & Vegetables,602,Quick and reliable!,5,Yes,No
ORD009208,CUST3761,Blinkit,16:29.5,40,Personal Care,1879,Excellent experience!,5,No,No
ORD009209,CUST9577,JioMart,39:29.5,28,Grocery,429,"Not fresh, disappointed.",2,No,Yes
ORD009211,CUST3864,JioMart,18:29.5,31,Beverages,994,"Not fresh, disappointed.",2,No,Yes
ORD009212,CUST2230,JioMart,42:29.5,24,Beverages,577,Wrong item delivered.,1,No,Yes
ORD009213,CUST7013,JioMart,37:29.5,26,Snacks,296,Quick and reliable!,5,No,No
ORD009215,CUST9416,JioMart,06:29.5,29,Grocery,936,"Very late delivery, not happy.",2,No,Yes
ORD009216,CUST6788,Swiggy Instamart,50:29.5,36,Beverages,134,"Easy to order, loved it!",5,No,No
ORD009219,CUST9118,JioMart,19:29.5,26,Fruits & Vegetables,509,Delivery person was rude.,2,No,Yes
ORD009222,CUST7115,Blinkit,28:29.5,35,Beverages,223,"Easy to order, loved it!",5,No,No
ORD009223,CUST2855,Blinkit,44:29.5,26,Grocery,559,Wrong item delivered.,1,No,Yes
ORD009224,CUST6537,JioMart,49:29.5,22,Grocery,516,Wrong item delivered.,1,No,Yes
ORD009226,CUST9832,Swiggy Instamart,53:29.5,35,Fruits & Vegetables,591,Quick and reliable!,5,No,No
ORD009228,CUST5752,Swiggy Instamart,20:29.5,40,Beverages,307,Quick and reliable!,5,No,No
ORD009230,CUST8915,JioMart,52:29.5,37,Snacks,433,"Easy to order, loved it!",5,No,No
ORD009232,CUST5337,Swiggy Instamart,55:29.5,7,Beverages,667,Delivery person was rude.,2,No,Yes
ORD009234,CUST1036,JioMart,30:29.5,16,Dairy,663,"Horrible experience, never ordering again.",1,No,Yes
ORD009235,CUST7449,JioMart,49:29.5,39,Snacks,236,Delivery person was rude.,2,No,Yes
ORD009239,CUST1580,Swiggy Instamart,06:29.5,27,Personal Care,831,Good quality products.,4,No,No
ORD009242,CUST1942,JioMart,59:29.5,29,Dairy,388,"Not fresh, disappointed.",2,No,Yes
ORD009246,CUST6382,Swiggy Instamart,04:29.5,27,Grocery,746,Delivery person was rude.,2,No,Yes
ORD009249,CUST2755,Swiggy Instamart,25:29.5,48,Beverages,472,Very satisfied with the service.,5,Yes,No
ORD009253,CUST7587,JioMart,16:29.5,22,Dairy,677,Very satisfied with the service.,5,No,No
ORD009254,CUST6808,JioMart,24:29.5,28,Beverages,628,Good quality products.,4,No,No
ORD009256,CUST2660,JioMart,20:29.5,27,Grocery,746,"Fast delivery, great service!",5,No,No
ORD009257,CUST8058,Blinkit,25:29.5,35,Grocery,1388,Good quality products.,4,No,No
ORD009261,CUST9668,JioMart,21:29.5,43,Snacks,74,"Horrible experience, never ordering again.",1,Yes,Yes
ORD009264,CUST7729,Swiggy Instamart,44:29.5,11,Beverages,962,Quick and reliable!,5,No,No
ORD009266,CUST8985,JioMart,53:29.5,20,Snacks,316,Quick and reliable!,5,No,No
ORD009267,CUST1113,JioMart,50:29.5,20,Beverages,729,Items missing from order.,2,No,Yes
ORD009270,CUST4704,Swiggy Instamart,56:29.5,36,Grocery,1343,Very satisfied with the service.,5,No,No
ORD009272,CUST7477,Blinkit,06:29.5,38,Snacks,373,Good quality products.,4,No,No
ORD009277,CUST3984,JioMart,22:29.5,24,Beverages,313,Quick and reliable!,5,No,No
ORD009280,CUST2780,Blinkit,48:29.5,35,Beverages,239,Good quality products.,4,No,No
ORD009281,CUST8185,Swiggy Instamart,20:29.5,24,Dairy,459,"Very late delivery, not happy.",2,No,Yes
ORD009282,CUST8198,Swiggy Instamart,27:29.5,19,Beverages,455,"Not fresh, disappointed.",2,No,Yes
ORD009283,CUST3651,Blinkit,45:29.5,40,Dairy,212,Good quality products.,4,No,No
ORD009285,CUST6795,Blinkit,32:29.5,35,Grocery,231,Good quality products.,4,No,No
ORD009289,CUST4251,Swiggy Instamart,17:29.5,35,Personal Care,313,Items missing from order.,2,No,Yes
ORD009290,CUST2813,Swiggy Instamart,34:29.5,14,Beverages,134,"Not fresh, disappointed.",2,No,Yes
ORD009292,CUST5667,Swiggy Instamart,11:29.5,12,Fruits & Vegetables,347,"Fast delivery, great service!",5,No,No
ORD009296,CUST7898,Swiggy Instamart,51:29.5,41,Dairy,613,Good quality products.,4,Yes,No
ORD009297,CUST6426,JioMart,01:29.5,44,Dairy,710,Packaging could be better.,3,Yes,No
ORD009302,CUST5354,Swiggy Instamart,55:29.5,20,Fruits & Vegetables,347,Good quality products.,4,No,No
ORD009305,CUST9012,Blinkit,41:29.5,25,Fruits & Vegetables,604,Very satisfied with the service.,5,No,No
ORD009308,CUST6322,JioMart,05:29.5,56,Beverages,699,"Fast delivery, great service!",5,Yes,No
ORD009309,CUST7551,Swiggy Instamart,32:29.5,18,Grocery,947,Items missing from order.,2,No,Yes
ORD009315,CUST1346,JioMart,57:29.5,28,Personal Care,1775,"Very late delivery, not happy.",2,No,Yes
ORD009316,CUST3066,JioMart,04:29.5,36,Beverages,670,"Fast delivery, great service!",5,No,No
ORD009317,CUST3548,JioMart,27:29.5,7,Beverages,479,Quick and reliable!,5,No,No
ORD009320,CUST1223,Blinkit,46:29.5,23,Fruits & Vegetables,437,Delivery person was rude.,2,No,Yes
ORD009325,CUST1131,JioMart,14:29.5,31,Grocery,1107,Packaging could be better.,3,No,No
ORD009326,CUST8116,Blinkit,07:29.5,18,Personal Care,1285,"Horrible experience, never ordering again.",1,No,Yes
ORD009327,CUST8867,Swiggy Instamart,17:29.5,48,Snacks,263,"Not fresh, disappointed.",2,Yes,Yes
ORD009334,CUST3498,JioMart,08:29.5,9,Beverages,513,Good quality products.,4,No,No
ORD009336,CUST4061,Swiggy Instamart,39:29.5,28,Personal Care,1691,Good quality products.,4,No,No
ORD009339,CUST2884,Swiggy Instamart,51:29.5,11,Personal Care,1298,"Fast delivery, great service!",5,No,No
ORD009340,CUST5317,Blinkit,52:29.5,31,Beverages,941,Wrong item delivered.,1,No,Yes
ORD009341,CUST5052,Blinkit,20:29.5,27,Beverages,330,Delivery person was rude.,2,No,Yes
ORD009342,CUST8031,JioMart,36:29.5,25,Personal Care,1383,Items missing from order.,2,No,Yes
ORD009343,CUST4250,Blinkit,12:29.5,30,Snacks,325,Excellent experience!,5,No,No
ORD009345,CUST2688,Blinkit,31:29.5,26,Beverages,624,Excellent experience!,5,No,No
ORD009347,CUST3968,Swiggy Instamart,37:29.5,31,Personal Care,521,Excellent experience!,5,No,No
ORD009348,CUST4091,JioMart,20:29.5,43,Snacks,307,Items missing from order.,2,Yes,Yes
ORD009349,CUST3436,JioMart,38:29.5,29,Beverages,768,Good quality products.,4,No,No
ORD009350,CUST4758,JioMart,42:29.5,21,Personal Care,124,Quick and reliable!,5,No,No
ORD009351,CUST2973,Swiggy Instamart,03:29.5,51,Fruits & Vegetables,150,"Horrible experience, never ordering again.",1,Yes,Yes
ORD009353,CUST7574,Blinkit,32:29.5,44,Dairy,458,Wrong item delivered.,1,Yes,Yes
ORD009354,CUST1628,Swiggy Instamart,54:29.5,36,Beverages,552,Wrong item delivered.,1,No,Yes
ORD009355,CUST5486,JioMart,16:29.5,30,Dairy,156,"Very late delivery, not happy.",2,No,Yes
ORD009360,CUST4270,JioMart,32:29.5,26,Dairy,429,Delivery person was rude.,2,No,Yes
ORD009363,CUST7231,Swiggy Instamart,34:29.5,23,Dairy,438,Very satisfied with the service.,5,No,No
ORD009364,CUST7673,Swiggy Instamart,04:29.5,51,Snacks,497,Wrong item delivered.,1,Yes,Yes
ORD009365,CUST9601,Swiggy Instamart,18:29.5,19,Beverages,320,"Easy to order, loved it!",5,No,No
ORD009366,CUST6020,Swiggy Instamart,15:29.5,25,Beverages,393,Good quality products.,4,No,No
ORD009372,CUST2005,JioMart,48:29.5,31,Beverages,881,"Horrible experience, never ordering again.",1,No,Yes
ORD009373,CUST9353,JioMart,18:29.5,19,Beverages,556,Good quality products.,4,No,No
ORD009375,CUST1846,Swiggy Instamart,19:29.5,32,Grocery,994,"Easy to order, loved it!",5,No,No
ORD009376,CUST5985,JioMart,44:29.5,15,Snacks,95,Items missing from order.,2,No,Yes
ORD009377,CUST2803,JioMart,32:29.5,27,Grocery,1398,"Horrible experience, never ordering again.",1,No,Yes
ORD009380,CUST5596,JioMart,40:29.5,20,Personal Care,598,Items missing from order.,2,No,Yes
ORD009382,CUST7849,Blinkit,25:29.5,28,Beverages,186,"Horrible experience, never ordering again.",1,No,Yes
ORD009383,CUST5046,JioMart,56:29.5,34,Snacks,174,Excellent experience!,5,No,No
ORD009384,CUST6240,Swiggy Instamart,03:29.5,20,Personal Care,519,Excellent experience!,5,No,No
ORD009385,CUST1779,Swiggy Instamart,12:29.5,41,Grocery,891,"Very late delivery, not happy.",2,Yes,Yes
ORD009391,CUST4473,Swiggy Instamart,23:29.5,15,Grocery,803,"Not fresh, disappointed.",2,No,Yes
ORD009392,CUST5674,Blinkit,53:29.5,26,Personal Care,632,"Not fresh, disappointed.",2,No,Yes
ORD009396,CUST8059,Swiggy Instamart,11:29.5,23,Dairy,715,Packaging could be better.,3,No,No
ORD009401,CUST6476,JioMart,15:29.5,17,Beverages,826,Good quality products.,4,No,No
ORD009406,CUST3134,JioMart,50:29.5,17,Dairy,508,Quick and reliable!,5,No,No
ORD009409,CUST6920,JioMart,34:29.5,46,Snacks,148,"Very late delivery, not happy.",2,Yes,Yes
ORD009412,CUST4903,Blinkit,48:29.5,21,Dairy,761,Quick and reliable!,5,No,No
ORD009416,CUST2429,Swiggy Instamart,41:29.5,52,Dairy,688,"Fast delivery, great service!",5,Yes,No
ORD009419,CUST2971,Blinkit,29:29.5,26,Dairy,481,Excellent experience!,5,No,No
ORD009422,CUST4160,Swiggy Instamart,35:29.5,33,Dairy,311,Delivery person was rude.,2,No,Yes
ORD009429,CUST8769,Swiggy Instamart,22:29.5,26,Dairy,387,Delivery person was rude.,2,No,Yes
ORD009432,CUST3517,JioMart,26:29.5,13,Beverages,805,"Horrible experience, never ordering again.",1,No,Yes
ORD009436,CUST7851,Swiggy Instamart,12:29.5,26,Fruits & Vegetables,433,Delivery person was rude.,2,No,Yes
ORD009437,CUST5137,Swiggy Instamart,56:29.5,14,Grocery,1337,Quick and reliable!,5,No,No
ORD009439,CUST6996,Blinkit,04:29.5,36,Grocery,657,Delivery person was rude.,2,No,Yes
ORD009443,CUST2109,Swiggy Instamart,26:29.5,28,Fruits & Vegetables,258,Good quality products.,4,No,No
ORD009444,CUST8910,JioMart,51:29.5,23,Personal Care,398,"Very late delivery, not happy.",2,No,Yes
ORD009445,CUST7864,Blinkit,35:29.5,39,Personal Care,259,"Very late delivery, not happy.",2,No,Yes
ORD009446,CUST9581,JioMart,21:29.5,30,Personal Care,709,"Horrible experience, never ordering again.",1,No,Yes
ORD009448,CUST1358,Blinkit,57:29.5,39,Grocery,925,Items missing from order.,2,No,Yes
ORD009450,CUST5491,Blinkit,34:29.5,21,Fruits & Vegetables,404,Items missing from order.,2,No,Yes
ORD009463,CUST9344,JioMart,04:29.5,6,Personal Care,228,"Not fresh, disappointed.",2,No,Yes
ORD009465,CUST7393,Swiggy Instamart,44:29.5,27,Snacks,188,Wrong item delivered.,1,No,Yes
ORD009477,CUST9602,JioMart,54:29.5,21,Beverages,944,"Horrible experience, never ordering again.",1,No,Yes
ORD009479,CUST5971,Blinkit,57:29.5,33,Dairy,202,Items missing from order.,2,No,Yes
ORD009480,CUST4609,Swiggy Instamart,19:29.5,31,Beverages,429,Wrong item delivered.,1,No,Yes
ORD009481,CUST5855,Swiggy Instamart,41:29.5,32,Snacks,176,"Fast delivery, great service!",5,No,No
ORD009485,CUST4668,Swiggy Instamart,23:29.5,47,Dairy,471,"Not fresh, disappointed.",2,Yes,Yes
ORD009486,CUST1747,JioMart,20:29.5,19,Snacks,152,Good quality products.,4,No,No
ORD009497,CUST4440,Blinkit,08:29.5,19,Beverages,706,"Easy to order, loved it!",5,No,No
ORD009498,CUST9758,Blinkit,45:29.5,17,Dairy,604,Very satisfied with the service.,5,No,No
ORD009499,CUST2903,Blinkit,28:29.5,22,Snacks,478,Delivery person was rude.,2,No,Yes
ORD009502,CUST7047,Blinkit,21:29.5,19,Snacks,323,Excellent experience!,5,No,No
ORD009503,CUST6317,Swiggy Instamart,20:29.5,20,Grocery,556,"Horrible experience, never ordering again.",1,No,Yes
ORD009505,CUST9999,JioMart,25:29.5,31,Fruits & Vegetables,272,Wrong item delivered.,1,No,Yes
ORD009506,CUST5326,Blinkit,17:29.5,26,Grocery,368,Delivery person was rude.,2,No,Yes
ORD009507,CUST3189,Blinkit,37:29.5,21,Snacks,94,Wrong item delivered.,1,No,Yes
ORD009510,CUST6318,JioMart,56:29.5,41,Fruits & Vegetables,221,"Not fresh, disappointed.",2,Yes,Yes
ORD009511,CUST1938,Swiggy Instamart,26:29.5,18,Fruits & Vegetables,479,"Fast delivery, great service!",5,No,No
ORD009512,CUST1170,Swiggy Instamart,44:29.5,27,Fruits & Vegetables,67,"Fast delivery, great service!",5,No,No
ORD009516,CUST3895,JioMart,30:29.5,50,Beverages,351,Packaging could be better.,3,Yes,No
ORD009517,CUST5194,JioMart,04:29.5,30,Snacks,217,"Fast delivery, great service!",5,No,No
ORD009528,CUST4341,Swiggy Instamart,06:29.5,46,Snacks,270,Wrong item delivered.,1,Yes,Yes
ORD009530,CUST3550,JioMart,09:29.5,23,Grocery,1427,Delivery person was rude.,2,No,Yes
ORD009541,CUST4031,JioMart,18:29.5,34,Beverages,561,Excellent experience!,5,No,No
ORD009543,CUST4094,Blinkit,59:29.5,18,Personal Care,1776,Items missing from order.,2,No,Yes
ORD009544,CUST9036,JioMart,26:29.5,33,Beverages,169,"Very late delivery, not happy.",2,No,Yes
ORD009546,CUST5621,Swiggy Instamart,07:29.5,42,Snacks,159,Good quality products.,4,Yes,No
ORD009554,CUST3351,Swiggy Instamart,59:29.5,43,Snacks,456,"Very late delivery, not happy.",2,Yes,Yes
ORD009556,CUST7986,Swiggy Instamart,08:29.5,37,Fruits & Vegetables,352,"Very late delivery, not happy.",2,No,Yes
ORD009558,CUST8455,Blinkit,37:29.5,26,Beverages,633,"Very late delivery, not happy.",2,No,Yes
ORD009565,CUST7191,Blinkit,58:29.5,41,Grocery,382,Delivery person was rude.,2,Yes,Yes
ORD009569,CUST1222,Blinkit,42:29.5,47,Personal Care,858,"Not fresh, disappointed.",2,Yes,Yes
ORD009570,CUST1716,Swiggy Instamart,10:29.5,25,Fruits & Vegetables,194,Packaging could be better.,3,No,No
ORD009574,CUST5385,JioMart,31:29.5,17,Personal Care,872,"Very late delivery, not happy.",2,No,Yes
ORD009575,CUST3336,Blinkit,53:29.5,34,Snacks,254,"Very late delivery, not happy.",2,No,Yes
ORD009576,CUST1221,Swiggy Instamart,53:29.5,41,Personal Care,196,Good quality products.,4,Yes,No
ORD009579,CUST9886,JioMart,44:29.5,8,Personal Care,1909,Delivery person was rude.,2,No,Yes
ORD009586,CUST3672,Blinkit,01:29.5,29,Grocery,1328,"Easy to order, loved it!",5,No,No
ORD009592,CUST1915,Blinkit,07:29.5,33,Beverages,769,Delivery person was rude.,2,No,Yes
ORD009593,CUST9905,Blinkit,45:29.5,54,Fruits & Vegetables,54,Packaging could be better.,3,Yes,No
ORD009598,CUST1729,JioMart,11:29.5,44,Grocery,456,Packaging could be better.,3,Yes,No
ORD009600,CUST9923,JioMart,19:29.5,28,Fruits & Vegetables,627,Good quality products.,4,No,No
ORD009604,CUST7804,Blinkit,38:29.5,26,Personal Care,1093,"Fast delivery, great service!",5,No,No
ORD009609,CUST4713,Swiggy Instamart,17:29.5,26,Fruits & Vegetables,275,"Fast delivery, great service!",5,No,No
ORD009610,CUST7998,Swiggy Instamart,42:29.5,36,Personal Care,1601,"Not fresh, disappointed.",2,No,Yes
ORD009611,CUST7314,Blinkit,34:29.5,27,Grocery,1081,Quick and reliable!,5,No,No
ORD009618,CUST9057,Swiggy Instamart,52:29.5,15,Dairy,729,"Very late delivery, not happy.",2,No,Yes
ORD009624,CUST6854,JioMart,17:29.5,46,Fruits & Vegetables,695,Excellent experience!,5,Yes,No
ORD009625,CUST2249,Swiggy Instamart,07:29.5,36,Personal Care,1337,"Very late delivery, not happy.",2,No,Yes
ORD009626,CUST6467,Blinkit,48:29.5,18,Grocery,885,Quick and reliable!,5,No,No
ORD009628,CUST6906,Blinkit,19:29.5,43,Dairy,399,"Very late delivery, not happy.",2,Yes,Yes
ORD009631,CUST3475,Swiggy Instamart,19:29.5,41,Personal Care,509,Good quality products.,4,Yes,No
ORD009635,CUST6486,Swiggy Instamart,18:29.5,34,Grocery,1284,Delivery person was rude.,2,No,Yes
ORD009637,CUST7967,JioMart,10:29.5,43,Dairy,557,"Very late delivery, not happy.",2,Yes,Yes
ORD009651,CUST6247,Swiggy Instamart,20:29.5,25,Fruits & Vegetables,257,Wrong item delivered.,1,No,Yes
ORD009654,CUST8318,Blinkit,39:29.5,36,Beverages,820,Quick and reliable!,5,No,No
ORD009655,CUST8838,Swiggy Instamart,16:29.5,43,Beverages,586,"Horrible experience, never ordering again.",1,Yes,Yes
ORD009658,CUST8003,Blinkit,32:29.5,25,Beverages,681,Quick and reliable!,5,No,No
ORD009666,CUST6777,Blinkit,12:29.5,39,Personal Care,1686,Delivery person was rude.,2,No,Yes
ORD009668,CUST9097,JioMart,16:29.5,42,Dairy,225,Items missing from order.,2,Yes,Yes
ORD009670,CUST8885,JioMart,46:29.5,28,Grocery,1419,Excellent experience!,5,No,No
ORD009673,CUST3264,JioMart,05:29.5,15,Beverages,697,"Very late delivery, not happy.",2,No,Yes
ORD009674,CUST5028,Blinkit,26:29.5,33,Snacks,423,"Very late delivery, not happy.",2,No,Yes
ORD009675,CUST7278,Swiggy Instamart,01:29.5,26,Personal Care,1872,"Fast delivery, great service!",5,No,No
ORD009677,CUST9144,Swiggy Instamart,17:29.5,36,Snacks,174,Wrong item delivered.,1,No,Yes
ORD009678,CUST9826,JioMart,30:29.5,15,Grocery,710,"Fast delivery, great service!",5,No,No
ORD009680,CUST9070,Swiggy Instamart,56:29.5,25,Beverages,525,Wrong item delivered.,1,No,Yes
ORD009691,CUST6926,Swiggy Instamart,53:29.5,22,Grocery,406,Wrong item delivered.,1,No,Yes
ORD009693,CUST4330,JioMart,59:29.5,32,Dairy,678,"Very late delivery, not happy.",2,No,Yes
ORD009694,CUST1281,Swiggy Instamart,59:29.5,19,Beverages,987,Items missing from order.,2,No,Yes
ORD009695,CUST6937,Blinkit,37:29.5,50,Beverages,676,Wrong item delivered.,1,Yes,Yes
ORD009699,CUST1976,Swiggy Instamart,57:29.5,30,Grocery,472,Very satisfied with the service.,5,No,No
ORD009700,CUST6723,JioMart,15:29.5,40,Dairy,233,Items missing from order.,2,No,Yes
ORD009702,CUST3283,Blinkit,47:29.5,23,Grocery,1206,"Fast delivery, great service!",5,No,No
ORD009704,CUST8543,JioMart,02:29.5,27,Grocery,859,"Horrible experience, never ordering again.",1,No,Yes
ORD009707,CUST4973,Swiggy Instamart,29:29.5,28,Snacks,297,Items missing from order.,2,No,Yes
ORD009709,CUST4679,Swiggy Instamart,31:29.5,35,Grocery,440,Delivery person was rude.,2,No,Yes
ORD009712,CUST2920,Swiggy Instamart,59:29.5,14,Fruits & Vegetables,212,Wrong item delivered.,1,No,Yes
ORD009719,CUST2736,JioMart,11:29.5,25,Snacks,330,"Easy to order, loved it!",5,No,No
ORD009723,CUST1494,Swiggy Instamart,41:29.5,26,Snacks,289,Quick and reliable!,5,No,No
ORD009730,CUST1204,JioMart,39:29.5,35,Personal Care,1571,Good quality products.,4,No,No
ORD009731,CUST7823,Swiggy Instamart,55:29.5,22,Grocery,878,"Not fresh, disappointed.",2,No,Yes
ORD009732,CUST3452,Blinkit,05:29.5,21,Snacks,179,Very satisfied with the service.,5,No,No
ORD009734,CUST8696,Swiggy Instamart,35:29.5,33,Dairy,132,Excellent experience!,5,No,No
ORD009739,CUST7742,Blinkit,31:29.5,48,Personal Care,1643,Items missing from order.,2,Yes,Yes
ORD009740,CUST6526,JioMart,35:29.5,25,Grocery,1099,"Very late delivery, not happy.",2,No,Yes
ORD009742,CUST1216,JioMart,46:29.5,31,Fruits & Vegetables,428,"Horrible experience, never ordering again.",1,No,Yes
ORD009744,CUST2822,Swiggy Instamart,34:29.5,52,Beverages,387,Items missing from order.,2,Yes,Yes
ORD009745,CUST3554,JioMart,26:29.5,26,Grocery,208,Delivery person was rude.,2,No,Yes
ORD009747,CUST1526,Blinkit,28:29.5,30,Dairy,675,"Fast delivery, great service!",5,No,No
ORD009749,CUST9245,Blinkit,15:29.5,32,Beverages,616,Wrong item delivered.,1,No,Yes
ORD009751,CUST1178,JioMart,28:29.5,20,Grocery,964,Delivery person was rude.,2,No,Yes
ORD009753,CUST7940,JioMart,11:29.5,27,Fruits & Vegetables,374,Items missing from order.,2,No,Yes
ORD009757,CUST6014,Blinkit,40:29.5,37,Grocery,819,Very satisfied with the service.,5,No,No
ORD009758,CUST4724,JioMart,54:29.5,47,Personal Care,954,"Fast delivery, great service!",5,Yes,No
ORD009763,CUST9544,Blinkit,01:29.5,22,Snacks,65,"Very late delivery, not happy.",2,No,Yes
ORD009764,CUST7185,Blinkit,40:29.5,28,Snacks,219,Excellent experience!,5,No,No
ORD009771,CUST4009,Blinkit,18:29.5,23,Fruits & Vegetables,445,"Very late delivery, not happy.",2,No,Yes
ORD009789,CUST1459,JioMart,32:29.5,33,Grocery,870,Wrong item delivered.,1,No,Yes
ORD009792,CUST3666,JioMart,03:29.5,38,Fruits & Vegetables,375,"Easy to order, loved it!",5,No,No
ORD009797,CUST1179,JioMart,02:29.5,23,Dairy,702,Excellent experience!,5,No,No
ORD009798,CUST6064,Blinkit,54:29.5,38,Beverages,624,Very satisfied with the service.,5,No,No
ORD009799,CUST4075,Swiggy Instamart,26:29.5,23,Snacks,478,"Not fresh, disappointed.",2,No,Yes
ORD009806,CUST8926,JioMart,10:29.5,22,Snacks,228,Quick and reliable!,5,No,No
ORD009807,CUST1748,JioMart,28:29.5,12,Personal Care,1073,Delivery person was rude.,2,No,Yes
ORD009808,CUST1787,Swiggy Instamart,08:29.5,22,Grocery,797,"Very late delivery, not happy.",2,No,Yes
ORD009811,CUST6056,Swiggy Instamart,19:29.5,29,Beverages,580,"Not fresh, disappointed.",2,No,Yes
ORD009813,CUST6843,Swiggy Instamart,25:29.5,40,Personal Care,1617,"Easy to order, loved it!",5,No,No
ORD009816,CUST9195,Blinkit,26:29.5,48,Beverages,940,Items missing from order.,2,Yes,Yes
ORD009817,CUST4192,Swiggy Instamart,16:29.5,27,Snacks,360,Quick and reliable!,5,No,No
ORD009820,CUST6830,JioMart,39:29.5,42,Beverages,592,Items missing from order.,2,Yes,Yes
ORD009821,CUST3122,JioMart,41:29.5,26,Beverages,850,Items missing from order.,2,No,Yes
ORD009828,CUST3460,JioMart,08:29.5,26,Grocery,550,Delivery person was rude.,2,No,Yes
ORD009833,CUST5753,Blinkit,03:29.5,52,Beverages,707,Very satisfied with the service.,5,Yes,No
ORD009835,CUST3482,Swiggy Instamart,29:29.5,23,Grocery,453,Quick and reliable!,5,No,No
ORD009836,CUST8587,JioMart,46:29.5,24,Personal Care,1281,"Not fresh, disappointed.",2,No,Yes
ORD009839,CUST4794,Blinkit,03:29.5,33,Beverages,347,"Easy to order, loved it!",5,No,No
ORD009841,CUST3307,Blinkit,50:29.5,34,Snacks,440,"Horrible experience, never ordering again.",1,No,Yes
ORD009842,CUST3638,JioMart,03:29.5,22,Personal Care,1324,Delivery person was rude.,2,No,Yes
ORD009843,CUST9218,Swiggy Instamart,08:29.5,27,Grocery,643,Quick and reliable!,5,No,No
ORD009844,CUST9459,Swiggy Instamart,23:29.5,11,Grocery,1239,Quick and reliable!,5,No,No
ORD009846,CUST6593,JioMart,58:29.5,16,Beverages,910,"Easy to order, loved it!",5,No,No
ORD009850,CUST5765,Blinkit,42:29.5,30,Grocery,1011,Good quality products.,4,No,No
ORD009853,CUST1655,Swiggy Instamart,55:29.5,34,Snacks,249,"Very late delivery, not happy.",2,No,Yes
ORD009855,CUST4917,Swiggy Instamart,11:29.5,45,Fruits & Vegetables,379,"Easy to order, loved it!",5,Yes,No
ORD009856,CUST4421,JioMart,01:29.5,44,Grocery,584,Delivery person was rude.,2,Yes,Yes
ORD009861,CUST1244,Blinkit,31:29.5,21,Dairy,425,Good quality products.,4,No,No
ORD009865,CUST2428,Blinkit,35:29.5,20,Fruits & Vegetables,386,"Horrible experience, never ordering again.",1,No,Yes
ORD009866,CUST9174,Swiggy Instamart,55:29.5,26,Grocery,338,"Horrible experience, never ordering again.",1,No,Yes
ORD009867,CUST2541,Blinkit,57:29.5,26,Personal Care,517,Good quality products.,4,No,No
ORD009872,CUST3645,Blinkit,15:29.5,15,Snacks,477,Wrong item delivered.,1,No,Yes
ORD009873,CUST2116,Swiggy Instamart,27:29.5,23,Dairy,733,Good quality products.,4,No,No
ORD009874,CUST5589,Blinkit,13:29.5,5,Personal Care,507,Quick and reliable!,5,No,No
ORD009876,CUST6789,Swiggy Instamart,34:29.5,23,Fruits & Vegetables,688,Quick and reliable!,5,No,No
ORD009878,CUST2165,JioMart,52:29.5,17,Snacks,125,Packaging could be better.,3,No,No
ORD009881,CUST5226,JioMart,11:29.5,36,Personal Care,1273,"Not fresh, disappointed.",2,No,Yes
ORD009886,CUST3031,Blinkit,50:29.5,29,Grocery,846,"Horrible experience, never ordering again.",1,No,Yes
ORD009889,CUST6955,Blinkit,49:29.5,33,Personal Care,629,"Horrible experience, never ordering again.",1,No,Yes
ORD009890,CUST5696,JioMart,02:29.5,37,Grocery,453,"Fast delivery, great service!",5,No,No
ORD009892,CUST7701,JioMart,53:29.5,30,Fruits & Vegetables,668,Very satisfied with the service.,5,No,No
ORD009893,CUST3113,Blinkit,35:29.5,29,Personal Care,528,Packaging could be better.,3,No,No
ORD009895,CUST7008,JioMart,30:29.5,42,Dairy,616,Excellent experience!,5,Yes,No
ORD009898,CUST7122,Swiggy Instamart,47:29.5,29,Personal Care,353,Excellent experience!,5,No,No
ORD009899,CUST2367,Swiggy Instamart,02:29.5,41,Personal Care,847,Items missing from order.,2,Yes,Yes
ORD009905,CUST1934,Blinkit,52:29.5,33,Snacks,280,Items missing from order.,2,No,Yes
ORD009909,CUST2725,Blinkit,19:29.5,28,Dairy,329,Very satisfied with the service.,5,No,No
ORD009911,CUST7157,JioMart,08:29.5,32,Snacks,188,Excellent experience!,5,No,No
ORD009912,CUST3592,JioMart,26:29.5,24,Personal Care,1244,"Fast delivery, great service!",5,No,No
ORD009916,CUST7360,Swiggy Instamart,25:29.5,21,Beverages,778,"Easy to order, loved it!",5,No,No
ORD009924,CUST2787,Blinkit,11:29.5,13,Grocery,1119,Items missing from order.,2,No,Yes
ORD009931,CUST7578,Swiggy Instamart,28:29.5,23,Snacks,62,Good quality products.,4,No,No
ORD009935,CUST6610,JioMart,10:29.5,43,Snacks,124,"Fast delivery, great service!",5,Yes,No
ORD009941,CUST8447,Blinkit,13:29.5,34,Personal Care,1729,Packaging could be better.,3,No,No
ORD009943,CUST9930,Swiggy Instamart,16:29.5,23,Beverages,402,Delivery person was rude.,2,No,Yes
ORD009947,CUST4497,Swiggy Instamart,09:29.5,27,Snacks,59,Good quality products.,4,No,No
ORD009949,CUST1513,Blinkit,53:29.5,27,Personal Care,1947,Quick and reliable!,5,No,No
ORD009958,CUST1375,JioMart,22:29.5,30,Beverages,736,"Very late delivery, not happy.",2,No,Yes
ORD009964,CUST3322,JioMart,01:29.5,26,Snacks,104,"Horrible experience, never ordering again.",1,No,Yes
ORD009965,CUST2134,Swiggy Instamart,42:29.5,26,Fruits & Vegetables,288,Delivery person was rude.,2,No,Yes
ORD009968,CUST2338,JioMart,20:29.5,26,Dairy,279,Excellent experience!,5,No,No
ORD009969,CUST5887,JioMart,57:29.5,15,Dairy,543,Good quality products.,4,No,No
ORD009970,CUST8396,JioMart,47:29.5,29,Beverages,649,"Fast delivery, great service!",5,No,No
ORD009972,CUST9597,Blinkit,22:29.5,40,Grocery,1373,Very satisfied with the service.,5,No,No
ORD009976,CUST1880,Blinkit,35:29.5,35,Grocery,546,Delivery person was rude.,2,No,Yes
ORD009978,CUST8021,JioMart,23:29.5,9,Beverages,404,"Horrible experience, never ordering again.",1,No,Yes
ORD009980,CUST5864,Blinkit,53:29.5,39,Fruits & Vegetables,236,"Not fresh, disappointed.",2,No,Yes
ORD009982,CUST4253,Swiggy Instamart,56:29.5,40,Grocery,1004,"Horrible experience, never ordering again.",1,No,Yes
ORD009983,CUST6722,Swiggy Instamart,45:29.5,19,Beverages,570,"Horrible experience, never ordering again.",1,No,Yes
ORD009985,CUST8890,JioMart,09:29.5,33,Grocery,1247,Good quality products.,4,No,No
ORD009988,CUST3632,Swiggy Instamart,26:29.5,37,Grocery,236,Wrong item delivered.,1,No,Yes
ORD009989,CUST8156,JioMart,58:29.5,23,Beverages,475,Very satisfied with the service.,5,No,No
ORD009990,CUST6811,JioMart,21:29.5,11,Fruits & Vegetables,183,Items missing from order.,2,No,Yes
ORD010001,CUST3416,JioMart,02:29.5,25,Personal Care,1323,Excellent experience!,5,No,No
ORD010003,CUST6184,Swiggy Instamart,52:29.5,22,Snacks,215,"Not fresh, disappointed.",2,No,Yes
ORD010004,CUST2861,Blinkit,42:29.5,40,Grocery,723,"Fast delivery, great service!",5,No,No
ORD010010,CUST3059,Swiggy Instamart,48:29.5,35,Snacks,157,Good quality products.,4,No,No
ORD010013,CUST1597,Blinkit,38:29.5,38,Dairy,328,"Easy to order, loved it!",5,No,No
ORD010015,CUST4074,Blinkit,49:29.5,37,Fruits & Vegetables,195,Very satisfied with the service.,5,No,No
ORD010016,CUST7884,Swiggy Instamart,43:29.5,31,Grocery,774,Quick and reliable!,5,No,No
ORD010025,CUST7066,Swiggy Instamart,55:29.5,29,Dairy,208,Wrong item delivered.,1,No,Yes
ORD010026,CUST6960,Swiggy Instamart,48:29.5,13,Grocery,509,"Easy to order, loved it!",5,No,No
ORD010029,CUST6029,Swiggy Instamart,23:29.5,29,Snacks,400,"Very late delivery, not happy.",2,No,Yes
ORD010036,CUST6762,Blinkit,06:29.5,22,Fruits & Vegetables,370,Delivery person was rude.,2,No,Yes
ORD010047,CUST3898,JioMart,40:29.5,33,Snacks,481,"Fast delivery, great service!",5,No,No
ORD010057,CUST2700,JioMart,41:29.5,15,Personal Care,1035,Wrong item delivered.,1,No,Yes
ORD010063,CUST9924,JioMart,45:29.5,44,Grocery,322,Delivery person was rude.,2,Yes,Yes
ORD010065,CUST8276,Swiggy Instamart,30:29.5,22,Fruits & Vegetables,120,"Not fresh, disappointed.",2,No,Yes
ORD010069,CUST7891,Blinkit,23:29.5,24,Beverages,209,"Fast delivery, great service!",5,No,No
ORD010075,CUST4204,Swiggy Instamart,03:29.5,18,Dairy,233,Excellent experience!,5,No,No
ORD010076,CUST8693,JioMart,35:29.5,18,Beverages,301,Excellent experience!,5,No,No
ORD010077,CUST3038,JioMart,44:29.5,41,Beverages,580,Items missing from order.,2,Yes,Yes
ORD010082,CUST1124,Swiggy Instamart,10:29.5,33,Fruits & Vegetables,529,"Fast delivery, great service!",5,No,No
ORD010087,CUST5384,JioMart,27:29.5,9,Fruits & Vegetables,336,Delivery person was rude.,2,No,Yes
ORD010090,CUST7794,Blinkit,42:29.5,26,Personal Care,1747,Good quality products.,4,No,No
ORD010091,CUST4957,Swiggy Instamart,51:29.5,31,Dairy,595,Wrong item delivered.,1,No,Yes
ORD010093,CUST7792,Swiggy Instamart,06:29.5,51,Beverages,890,Delivery person was rude.,2,Yes,Yes
ORD010095,CUST1254,JioMart,27:29.5,32,Fruits & Vegetables,455,"Easy to order, loved it!",5,No,No
ORD010097,CUST3512,Swiggy Instamart,49:29.5,27,Fruits & Vegetables,193,Very satisfied with the service.,5,No,No
ORD010098,CUST7134,JioMart,48:29.5,32,Dairy,421,"Easy to order, loved it!",5,No,No
ORD010103,CUST8045,Blinkit,52:29.5,37,Personal Care,1985,Excellent experience!,5,No,No
ORD010107,CUST7444,JioMart,30:29.5,22,Grocery,950,"Easy to order, loved it!",5,No,No
ORD010110,CUST3111,Blinkit,12:29.5,29,Personal Care,348,Delivery person was rude.,2,No,Yes
ORD010113,CUST7604,Swiggy Instamart,45:29.5,40,Dairy,725,"Easy to order, loved it!",5,No,No
ORD010117,CUST8166,Blinkit,57:29.5,28,Grocery,682,Packaging could be better.,3,No,No
ORD010123,CUST7422,Blinkit,08:29.5,41,Personal Care,1649,Items missing from order.,2,Yes,Yes
ORD010132,CUST1189,Swiggy Instamart,14:29.5,34,Grocery,849,Delivery person was rude.,2,No,Yes
ORD010134,CUST1455,Swiggy Instamart,03:29.5,29,Personal Care,507,Wrong item delivered.,1,No,Yes
ORD010137,CUST7265,JioMart,52:29.5,21,Fruits & Vegetables,609,"Very late delivery, not happy.",2,No,Yes
ORD010141,CUST6867,Swiggy Instamart,46:29.5,43,Grocery,598,Delivery person was rude.,2,Yes,Yes
ORD010147,CUST9772,JioMart,16:29.5,22,Personal Care,1386,"Fast delivery, great service!",5,No,No
ORD010149,CUST7194,Blinkit,33:29.5,5,Dairy,448,Good quality products.,4,No,No
ORD010151,CUST1847,Blinkit,34:29.5,35,Personal Care,877,Items missing from order.,2,No,Yes
ORD010153,CUST2359,Swiggy Instamart,46:29.5,31,Personal Care,1173,Excellent experience!,5,No,No
ORD010154,CUST3355,Blinkit,58:29.5,38,Dairy,719,Very satisfied with the service.,5,No,No
ORD010156,CUST2694,JioMart,26:29.5,23,Dairy,756,Quick and reliable!,5,No,No
ORD010158,CUST8522,Blinkit,49:29.5,30,Fruits & Vegetables,636,Good quality products.,4,No,No
ORD010160,CUST2754,Blinkit,09:29.5,33,Personal Care,1093,"Very late delivery, not happy.",2,No,Yes
ORD010166,CUST2267,Blinkit,43:29.5,24,Grocery,1185,Wrong item delivered.,1,No,Yes
ORD010169,CUST4407,JioMart,39:29.5,31,Snacks,481,"Fast delivery, great service!",5,No,No
ORD010170,CUST7402,Swiggy Instamart,30:29.5,23,Fruits & Vegetables,271,"Horrible experience, never ordering again.",1,No,Yes
ORD010171,CUST2649,Blinkit,04:29.5,24,Dairy,605,Good quality products.,4,No,No
ORD010172,CUST9045,JioMart,22:29.5,33,Grocery,786,"Very late delivery, not happy.",2,No,Yes
ORD010174,CUST7778,Blinkit,49:29.5,12,Dairy,783,Delivery person was rude.,2,No,Yes
ORD010175,CUST2205,Swiggy Instamart,01:29.5,31,Fruits & Vegetables,522,Excellent experience!,5,No,No
ORD010176,CUST8971,Blinkit,53:29.5,10,Fruits & Vegetables,130,Excellent experience!,5,No,No
ORD010177,CUST2250,Swiggy Instamart,43:29.5,28,Beverages,247,"Very late delivery, not happy.",2,No,Yes
ORD010178,CUST4445,Swiggy Instamart,27:29.5,19,Snacks,131,Wrong item delivered.,1,No,Yes
ORD010179,CUST7879,Blinkit,18:29.5,27,Dairy,391,"Easy to order, loved it!",5,No,No
ORD010180,CUST7148,JioMart,55:29.5,47,Fruits & Vegetables,651,Delivery person was rude.,2,Yes,Yes
ORD010181,CUST6137,Swiggy Instamart,09:29.5,36,Personal Care,1512,Packaging could be better.,3,No,No
ORD010185,CUST5894,JioMart,02:29.5,16,Personal Care,1049,Quick and reliable!,5,No,No
ORD010188,CUST1515,Blinkit,11:29.5,34,Beverages,371,Quick and reliable!,5,No,No
ORD010192,CUST8928,Swiggy Instamart,15:29.5,26,Fruits & Vegetables,153,Excellent experience!,5,No,No
ORD010193,CUST9953,Swiggy Instamart,17:29.5,12,Dairy,509,Packaging could be better.,3,No,No
ORD010198,CUST2992,Blinkit,42:29.5,5,Snacks,219,Good quality products.,4,No,No
ORD010200,CUST1484,JioMart,06:29.5,24,Dairy,652,Items missing from order.,2,No,Yes
ORD010201,CUST9781,Blinkit,35:29.5,38,Beverages,520,Quick and reliable!,5,No,No
ORD010204,CUST9384,Blinkit,17:29.5,21,Snacks,223,Packaging could be better.,3,No,No
ORD010206,CUST4543,Swiggy Instamart,09:29.5,36,Personal Care,1940,Delivery person was rude.,2,No,Yes
ORD010209,CUST4554,JioMart,02:29.5,29,Snacks,284,Very satisfied with the service.,5,No,No
ORD010211,CUST6366,Swiggy Instamart,23:29.5,18,Grocery,546,"Very late delivery, not happy.",2,No,Yes
ORD010213,CUST4600,Blinkit,31:29.5,31,Fruits & Vegetables,61,Good quality products.,4,No,No
ORD010221,CUST6710,Blinkit,47:29.5,17,Personal Care,286,Excellent experience!,5,No,No
ORD010222,CUST5822,JioMart,00:29.5,31,Dairy,645,Good quality products.,4,No,No
ORD010227,CUST7552,Swiggy Instamart,05:29.5,49,Fruits & Vegetables,297,Delivery person was rude.,2,Yes,Yes
ORD010230,CUST3833,JioMart,00:29.5,28,Dairy,556,Excellent experience!,5,No,No
ORD010231,CUST4242,Blinkit,45:29.5,13,Snacks,220,"Horrible experience, never ordering again.",1,No,Yes
ORD010236,CUST3714,Blinkit,31:29.5,27,Dairy,392,"Not fresh, disappointed.",2,No,Yes
ORD010244,CUST2762,Swiggy Instamart,25:29.5,50,Fruits & Vegetables,500,Items missing from order.,2,Yes,Yes
ORD010251,CUST8363,Blinkit,50:29.5,37,Dairy,624,Excellent experience!,5,No,No
ORD010253,CUST1553,Swiggy Instamart,03:29.5,36,Personal Care,321,"Fast delivery, great service!",5,No,No
ORD010254,CUST9378,Blinkit,36:29.5,19,Grocery,375,Delivery person was rude.,2,No,Yes
ORD010261,CUST1490,JioMart,20:29.5,21,Beverages,514,Items missing from order.,2,No,Yes
ORD010269,CUST2190,Swiggy Instamart,22:29.5,42,Dairy,464,Excellent experience!,5,Yes,No
ORD010270,CUST4525,Swiggy Instamart,45:29.5,10,Beverages,160,"Very late delivery, not happy.",2,No,Yes
ORD010272,CUST7094,Blinkit,50:29.5,30,Dairy,393,"Very late delivery, not happy.",2,No,Yes
ORD010274,CUST6151,Blinkit,28:29.5,35,Beverages,597,Quick and reliable!,5,No,No
ORD010277,CUST6219,Swiggy Instamart,47:29.5,38,Snacks,52,Excellent experience!,5,No,No
ORD010285,CUST7317,JioMart,39:29.5,34,Beverages,158,Delivery person was rude.,2,No,Yes
ORD010291,CUST5555,Swiggy Instamart,07:29.5,33,Dairy,480,Items missing from order.,2,No,Yes
ORD010296,CUST6244,Blinkit,43:29.5,38,Grocery,560,"Not fresh, disappointed.",2,No,Yes
ORD010298,CUST4229,JioMart,28:29.5,36,Personal Care,1537,"Easy to order, loved it!",5,No,No
ORD010302,CUST1766,Blinkit,21:29.5,25,Personal Care,336,"Easy to order, loved it!",5,No,No
ORD010304,CUST7901,Swiggy Instamart,46:29.5,47,Snacks,225,Excellent experience!,5,Yes,No
ORD010312,CUST1348,JioMart,13:29.5,29,Beverages,159,Good quality products.,4,No,No
ORD010314,CUST1292,Swiggy Instamart,34:29.5,23,Fruits & Vegetables,573,Packaging could be better.,3,No,No
ORD010319,CUST7599,Blinkit,46:29.5,42,Dairy,205,"Not fresh, disappointed.",2,Yes,Yes
ORD010322,CUST9642,Swiggy Instamart,31:29.5,17,Grocery,1316,Very satisfied with the service.,5,No,No
ORD010327,CUST8698,Swiggy Instamart,17:29.5,35,Fruits & Vegetables,402,Excellent experience!,5,No,No
ORD010328,CUST2558,Swiggy Instamart,20:29.5,26,Personal Care,505,Wrong item delivered.,1,No,Yes
ORD010330,CUST5931,JioMart,14:29.5,20,Fruits & Vegetables,400,"Very late delivery, not happy.",2,No,Yes
ORD010333,CUST6665,Blinkit,20:29.5,32,Grocery,527,"Not fresh, disappointed.",2,No,Yes
ORD010334,CUST7559,Swiggy Instamart,37:29.5,34,Personal Care,1109,Delivery person was rude.,2,No,Yes
ORD010335,CUST2306,Swiggy Instamart,20:29.5,21,Snacks,430,Packaging could be better.,3,No,No
ORD010342,CUST9082,Blinkit,47:29.5,35,Dairy,332,"Not fresh, disappointed.",2,No,Yes
ORD010345,CUST2683,JioMart,12:29.5,39,Grocery,672,"Horrible experience, never ordering again.",1,No,Yes
ORD010347,CUST4670,Swiggy Instamart,07:29.5,27,Snacks,221,"Fast delivery, great service!",5,No,No
ORD010351,CUST2722,Blinkit,41:29.5,31,Personal Care,594,Very satisfied with the service.,5,No,No
ORD010354,CUST4708,Blinkit,42:29.5,31,Beverages,675,"Very late delivery, not happy.",2,No,Yes
ORD010355,CUST3788,Swiggy Instamart,46:29.5,27,Grocery,828,"Very late delivery, not happy.",2,No,Yes
ORD010360,CUST1080,JioMart,59:29.5,16,Grocery,1223,Very satisfied with the service.,5,No,No
ORD010363,CUST1705,Swiggy Instamart,28:29.5,15,Fruits & Vegetables,193,"Horrible experience, never ordering again.",1,No,Yes
ORD010365,CUST1786,Blinkit,35:29.5,41,Dairy,188,Delivery person was rude.,2,Yes,Yes
ORD010370,CUST7218,Blinkit,04:29.5,12,Beverages,720,Items missing from order.,2,No,Yes
ORD010380,CUST8320,Swiggy Instamart,35:29.5,38,Grocery,701,Excellent experience!,5,No,No
ORD010383,CUST9644,Swiggy Instamart,05:29.5,25,Dairy,688,"Fast delivery, great service!",5,No,No
ORD010385,CUST8830,Blinkit,08:29.5,31,Snacks,418,Wrong item delivered.,1,No,Yes
ORD010388,CUST6274,JioMart,28:29.5,29,Dairy,498,Good quality products.,4,No,No
ORD010391,CUST2504,JioMart,19:29.5,30,Snacks,144,"Easy to order, loved it!",5,No,No
ORD010392,CUST5322,JioMart,51:29.5,22,Dairy,196,Delivery person was rude.,2,No,Yes
ORD010394,CUST2356,Blinkit,54:29.5,12,Fruits & Vegetables,605,"Not fresh, disappointed.",2,No,Yes
ORD010398,CUST2278,Blinkit,57:29.5,20,Dairy,357,Excellent experience!,5,No,No
ORD010399,CUST2231,Swiggy Instamart,20:29.5,26,Snacks,136,Items missing from order.,2,No,Yes
ORD010400,CUST9103,Swiggy Instamart,02:29.5,21,Dairy,643,Wrong item delivered.,1,No,Yes
ORD010402,CUST4481,Blinkit,44:29.5,30,Personal Care,1294,Good quality products.,4,No,No
ORD010403,CUST1215,JioMart,42:29.5,20,Dairy,351,"Horrible experience, never ordering again.",1,No,Yes
ORD010405,CUST8670,Blinkit,58:29.5,26,Grocery,1427,"Not fresh, disappointed.",2,No,Yes
ORD010407,CUST4078,Swiggy Instamart,52:29.5,45,Beverages,331,Wrong item delivered.,1,Yes,Yes
ORD010410,CUST6577,Swiggy Instamart,38:29.5,23,Beverages,279,Wrong item delivered.,1,No,Yes
ORD010411,CUST4418,JioMart,20:29.5,43,Snacks,388,"Very late delivery, not happy.",2,Yes,Yes
ORD010413,CUST9420,JioMart,45:29.5,23,Dairy,553,"Easy to order, loved it!",5,No,No
ORD010415,CUST6108,JioMart,33:29.5,11,Dairy,728,Excellent experience!,5,No,No
ORD010418,CUST9265,Blinkit,47:29.5,22,Grocery,1457,"Not fresh, disappointed.",2,No,Yes
ORD010422,CUST6957,Swiggy Instamart,07:29.5,30,Dairy,708,"Very late delivery, not happy.",2,No,Yes
ORD010426,CUST4326,Swiggy Instamart,04:29.5,19,Snacks,409,"Fast delivery, great service!",5,No,No
ORD010432,CUST3690,Swiggy Instamart,39:29.5,12,Beverages,841,Wrong item delivered.,1,No,Yes
ORD010433,CUST6032,Blinkit,17:29.5,42,Personal Care,112,Items missing from order.,2,Yes,Yes
ORD010434,CUST2672,Swiggy Instamart,03:29.5,35,Beverages,152,"Easy to order, loved it!",5,No,No
ORD010435,CUST3413,Swiggy Instamart,52:29.5,32,Grocery,781,"Not fresh, disappointed.",2,No,Yes
ORD010438,CUST2805,Blinkit,27:29.5,37,Personal Care,783,"Fast delivery, great service!",5,No,No
ORD010442,CUST4064,Swiggy Instamart,11:29.5,42,Fruits & Vegetables,652,Quick and reliable!,5,Yes,No
ORD010443,CUST5370,Blinkit,59:29.5,37,Beverages,484,Wrong item delivered.,1,No,Yes
ORD010447,CUST8416,Swiggy Instamart,05:29.5,17,Beverages,764,Wrong item delivered.,1,No,Yes
ORD010451,CUST2377,JioMart,35:29.5,10,Fruits & Vegetables,275,Delivery person was rude.,2,No,Yes
ORD010452,CUST6806,JioMart,02:29.5,34,Beverages,744,Wrong item delivered.,1,No,Yes
ORD010454,CUST4474,Blinkit,51:29.5,32,Grocery,561,Very satisfied with the service.,5,No,No
ORD010455,CUST3467,JioMart,30:29.5,27,Snacks,112,"Very late delivery, not happy.",2,No,Yes
ORD010459,CUST9321,JioMart,57:29.5,30,Personal Care,872,"Fast delivery, great service!",5,No,No
ORD010465,CUST2602,Blinkit,51:29.5,48,Grocery,395,"Very late delivery, not happy.",2,Yes,Yes
ORD010466,CUST1805,JioMart,31:29.5,18,Beverages,302,"Very late delivery, not happy.",2,No,Yes
ORD010468,CUST7923,Blinkit,32:29.5,25,Dairy,381,"Fast delivery, great service!",5,No,No
ORD010469,CUST4177,Swiggy Instamart,20:29.5,33,Fruits & Vegetables,465,"Not fresh, disappointed.",2,No,Yes
ORD010473,CUST3894,JioMart,13:29.5,38,Dairy,527,"Very late delivery, not happy.",2,No,Yes
ORD010475,CUST9676,JioMart,50:29.5,29,Beverages,584,"Fast delivery, great service!",5,No,No
ORD010476,CUST9087,Swiggy Instamart,37:29.5,42,Grocery,747,"Fast delivery, great service!",5,Yes,No
ORD010477,CUST9497,Swiggy Instamart,58:29.5,17,Grocery,974,Wrong item delivered.,1,No,Yes
ORD010478,CUST8103,Blinkit,42:29.5,38,Fruits & Vegetables,181,"Easy to order, loved it!",5,No,No
ORD010479,CUST2788,Blinkit,46:29.5,31,Beverages,514,"Fast delivery, great service!",5,No,No
ORD010480,CUST1817,Swiggy Instamart,11:29.5,27,Beverages,189,Quick and reliable!,5,No,No
ORD010482,CUST2819,JioMart,27:29.5,15,Fruits & Vegetables,329,"Horrible experience, never ordering again.",1,No,Yes
ORD010483,CUST4597,JioMart,48:29.5,31,Snacks,270,"Not fresh, disappointed.",2,No,Yes
ORD010488,CUST4911,Blinkit,25:29.5,36,Personal Care,375,Delivery person was rude.,2,No,Yes
ORD010489,CUST2078,Swiggy Instamart,56:29.5,19,Beverages,595,"Fast delivery, great service!",5,No,No
ORD010490,CUST9718,JioMart,42:29.5,15,Grocery,541,Items missing from order.,2,No,Yes
ORD010492,CUST5513,JioMart,53:29.5,26,Grocery,1390,Good quality products.,4,No,No
ORD010493,CUST4710,Swiggy Instamart,21:29.5,20,Personal Care,714,"Fast delivery, great service!",5,No,No
ORD010500,CUST9112,Blinkit,09:29.5,30,Snacks,365,Wrong item delivered.,1,No,Yes
ORD010501,CUST4370,Blinkit,27:29.5,35,Fruits & Vegetables,168,"Easy to order, loved it!",5,No,No
ORD010502,CUST3802,Swiggy Instamart,02:29.5,36,Dairy,788,Delivery person was rude.,2,No,Yes
ORD010504,CUST6695,Swiggy Instamart,34:29.5,50,Snacks,59,Quick and reliable!,5,Yes,No
ORD010512,CUST6002,Blinkit,50:29.5,15,Grocery,212,"Not fresh, disappointed.",2,No,Yes
ORD010514,CUST3789,JioMart,53:29.5,44,Beverages,781,Delivery person was rude.,2,Yes,Yes
ORD010515,CUST6162,Blinkit,25:29.5,7,Grocery,369,Packaging could be better.,3,No,No
ORD010518,CUST4069,Swiggy Instamart,12:29.5,28,Dairy,174,Good quality products.,4,No,No
ORD010520,CUST8458,Swiggy Instamart,09:29.5,35,Snacks,114,Wrong item delivered.,1,No,Yes
ORD010525,CUST6473,JioMart,46:29.5,31,Snacks,135,Very satisfied with the service.,5,No,No
ORD010527,CUST3908,Blinkit,27:29.5,34,Beverages,569,"Fast delivery, great service!",5,No,No
ORD010529,CUST2261,JioMart,02:29.5,35,Fruits & Vegetables,430,Good quality products.,4,No,No
ORD010539,CUST1740,Blinkit,09:29.5,21,Personal Care,1501,"Not fresh, disappointed.",2,No,Yes
ORD010542,CUST4740,JioMart,56:29.5,37,Dairy,105,Quick and reliable!,5,No,No
ORD010547,CUST2538,Blinkit,48:29.5,32,Personal Care,418,"Not fresh, disappointed.",2,No,Yes
ORD010554,CUST9940,Swiggy Instamart,13:29.5,39,Grocery,607,Good quality products.,4,No,No
ORD010557,CUST5153,JioMart,07:29.5,38,Grocery,970,Items missing from order.,2,No,Yes
ORD010564,CUST9484,Swiggy Instamart,21:29.5,41,Dairy,313,Delivery person was rude.,2,Yes,Yes
ORD010574,CUST6852,JioMart,59:29.5,31,Personal Care,1469,Quick and reliable!,5,No,No
ORD010576,CUST1506,Blinkit,32:29.5,22,Personal Care,348,"Horrible experience, never ordering again.",1,No,Yes
ORD010577,CUST5003,JioMart,15:29.5,33,Beverages,140,Items missing from order.,2,No,Yes
ORD010579,CUST6888,Swiggy Instamart,41:29.5,19,Snacks,315,"Not fresh, disappointed.",2,No,Yes
ORD010580,CUST4380,Swiggy Instamart,55:29.5,37,Personal Care,938,"Horrible experience, never ordering again.",1,No,Yes
ORD010586,CUST9927,Swiggy Instamart,21:29.5,39,Grocery,1479,Wrong item delivered.,1,No,Yes
ORD010587,CUST8360,Blinkit,57:29.5,34,Fruits & Vegetables,694,"Not fresh, disappointed.",2,No,Yes
ORD010588,CUST9632,JioMart,57:29.5,32,Dairy,725,Quick and reliable!,5,No,No
ORD010589,CUST3866,Blinkit,03:29.5,24,Fruits & Vegetables,533,"Horrible experience, never ordering again.",1,No,Yes
ORD010594,CUST7836,Swiggy Instamart,27:29.5,24,Fruits & Vegetables,482,Very satisfied with the service.,5,No,No
ORD010604,CUST6685,Blinkit,04:29.5,56,Fruits & Vegetables,370,Items missing from order.,2,Yes,Yes
ORD010605,CUST5725,JioMart,40:29.5,32,Personal Care,1860,"Very late delivery, not happy.",2,No,Yes
ORD010609,CUST3410,JioMart,58:29.5,39,Dairy,420,"Fast delivery, great service!",5,No,No
ORD010615,CUST5974,Swiggy Instamart,23:29.5,45,Grocery,1070,"Very late delivery, not happy.",2,Yes,Yes
ORD010620,CUST1255,Blinkit,10:29.5,29,Grocery,1411,"Fast delivery, great service!",5,No,No
ORD010621,CUST8436,Swiggy Instamart,29:29.5,35,Grocery,1216,Good quality products.,4,No,No
ORD010622,CUST1670,Swiggy Instamart,54:29.5,39,Personal Care,1096,Excellent experience!,5,No,No
ORD010628,CUST6010,Blinkit,33:29.5,25,Beverages,478,"Easy to order, loved it!",5,No,No
ORD010630,CUST8050,JioMart,25:29.5,15,Personal Care,523,"Not fresh, disappointed.",2,No,Yes
ORD010632,CUST1010,JioMart,54:29.5,30,Fruits & Vegetables,321,Good quality products.,4,No,No
ORD010635,CUST3256,JioMart,57:29.5,28,Beverages,273,"Very late delivery, not happy.",2,No,Yes
ORD010636,CUST6737,Swiggy Instamart,45:29.5,41,Personal Care,540,Quick and reliable!,5,Yes,No
ORD010640,CUST2409,JioMart,47:29.5,39,Beverages,256,Packaging could be better.,3,No,No
ORD010641,CUST5434,Swiggy Instamart,05:29.5,26,Fruits & Vegetables,597,"Fast delivery, great service!",5,No,No
ORD010643,CUST4223,Blinkit,47:29.5,18,Dairy,288,Delivery person was rude.,2,No,Yes
ORD010652,CUST7328,JioMart,47:29.5,53,Fruits & Vegetables,259,"Not fresh, disappointed.",2,Yes,Yes
ORD010654,CUST7539,JioMart,30:29.5,24,Fruits & Vegetables,547,Wrong item delivered.,1,No,Yes
ORD010655,CUST2607,Blinkit,52:29.5,20,Fruits & Vegetables,639,Very satisfied with the service.,5,No,No
ORD010657,CUST5948,JioMart,53:29.5,33,Fruits & Vegetables,132,Very satisfied with the service.,5,No,No
ORD010661,CUST6283,Swiggy Instamart,59:29.5,28,Snacks,380,Good quality products.,4,No,No
ORD010666,CUST7820,Blinkit,23:29.5,36,Snacks,98,Quick and reliable!,5,No,No
ORD010669,CUST5997,JioMart,29:29.5,19,Grocery,1101,Packaging could be better.,3,No,No
ORD010673,CUST9942,Swiggy Instamart,58:29.5,37,Grocery,269,Good quality products.,4,No,No
ORD010676,CUST8158,JioMart,54:29.5,25,Snacks,340,"Very late delivery, not happy.",2,No,Yes
ORD010679,CUST9627,Blinkit,37:29.5,22,Beverages,761,Quick and reliable!,5,No,No
ORD010683,CUST6858,JioMart,06:29.5,23,Personal Care,1425,Items missing from order.,2,No,Yes
ORD010685,CUST6803,Swiggy Instamart,59:29.5,27,Personal Care,427,Wrong item delivered.,1,No,Yes
ORD010692,CUST1432,Swiggy Instamart,34:29.5,32,Grocery,532,Very satisfied with the service.,5,No,No
ORD010693,CUST7896,Blinkit,52:29.5,17,Beverages,509,Quick and reliable!,5,No,No
ORD010694,CUST2448,JioMart,33:29.5,26,Fruits & Vegetables,518,Packaging could be better.,3,No,No
ORD010696,CUST5954,Blinkit,27:29.5,38,Personal Care,339,Excellent experience!,5,No,No
ORD010698,CUST9391,JioMart,31:29.5,41,Dairy,496,Good quality products.,4,Yes,No
ORD010704,CUST7433,JioMart,26:29.5,22,Grocery,1322,"Fast delivery, great service!",5,No,No
ORD010706,CUST7601,JioMart,58:29.5,27,Snacks,131,"Horrible experience, never ordering again.",1,No,Yes
ORD010707,CUST1097,Swiggy Instamart,52:29.5,28,Snacks,325,"Easy to order, loved it!",5,No,No
ORD010708,CUST8582,Blinkit,14:29.5,25,Beverages,149,Good quality products.,4,No,No
ORD010709,CUST9487,JioMart,25:29.5,40,Dairy,793,Packaging could be better.,3,No,No
ORD010713,CUST1896,Swiggy Instamart,22:29.5,24,Snacks,179,Good quality products.,4,No,No
ORD010714,CUST5426,JioMart,37:29.5,42,Snacks,132,"Fast delivery, great service!",5,Yes,No
ORD010721,CUST1997,Blinkit,24:29.5,37,Snacks,362,"Horrible experience, never ordering again.",1,No,Yes
ORD010724,CUST1868,JioMart,28:29.5,21,Snacks,65,"Easy to order, loved it!",5,No,No
ORD010725,CUST4359,Swiggy Instamart,51:29.5,25,Personal Care,535,Good quality products.,4,No,No
ORD010726,CUST9458,JioMart,29:29.5,29,Fruits & Vegetables,459,Quick and reliable!,5,No,No
ORD010733,CUST6093,Swiggy Instamart,33:29.5,42,Beverages,102,Excellent experience!,5,Yes,No
ORD010735,CUST8945,JioMart,36:29.5,10,Fruits & Vegetables,452,Quick and reliable!,5,No,No
ORD010739,CUST1000,JioMart,28:29.5,29,Personal Care,444,"Horrible experience, never ordering again.",1,No,Yes
ORD010745,CUST4347,JioMart,48:29.5,29,Fruits & Vegetables,335,Very satisfied with the service.,5,No,No
ORD010748,CUST1403,JioMart,04:29.5,25,Personal Care,1833,Packaging could be better.,3,No,No
ORD010749,CUST9287,Swiggy Instamart,00:29.5,36,Dairy,223,Packaging could be better.,3,No,No
ORD010750,CUST8271,Blinkit,41:29.5,28,Dairy,240,Packaging could be better.,3,No,No
ORD010758,CUST4849,JioMart,57:29.5,36,Snacks,406,"Fast delivery, great service!",5,No,No
ORD010759,CUST9957,Blinkit,18:29.5,32,Beverages,445,"Horrible experience, never ordering again.",1,No,Yes
ORD010765,CUST1354,Swiggy Instamart,44:29.5,20,Snacks,332,"Fast delivery, great service!",5,No,No
ORD010775,CUST5751,Swiggy Instamart,42:29.5,32,Grocery,867,Good quality products.,4,No,No
ORD010781,CUST7409,JioMart,29:29.5,17,Snacks,455,Packaging could be better.,3,No,No
ORD010782,CUST7321,Blinkit,46:29.5,25,Fruits & Vegetables,431,"Horrible experience, never ordering again.",1,No,Yes
ORD010791,CUST2968,JioMart,53:29.5,35,Snacks,457,Excellent experience!,5,No,No
ORD010792,CUST7380,Blinkit,35:29.5,14,Fruits & Vegetables,128,Items missing from order.,2,No,Yes
ORD010795,CUST1558,JioMart,04:29.5,27,Fruits & Vegetables,500,"Horrible experience, never ordering again.",1,No,Yes
ORD010797,CUST1698,Blinkit,46:29.5,25,Beverages,314,"Not fresh, disappointed.",2,No,Yes
ORD010799,CUST3282,Swiggy Instamart,42:29.5,15,Snacks,422,"Not fresh, disappointed.",2,No,Yes
ORD010800,CUST8666,Swiggy Instamart,10:29.5,31,Beverages,489,Packaging could be better.,3,No,No
ORD010804,CUST3593,Blinkit,46:29.5,25,Snacks,345,"Easy to order, loved it!",5,No,No
ORD010807,CUST9244,Swiggy Instamart,42:29.5,31,Snacks,416,Quick and reliable!,5,No,No
ORD010812,CUST9405,Swiggy Instamart,02:29.5,22,Personal Care,1048,Items missing from order.,2,No,Yes
ORD010813,CUST2028,Blinkit,56:29.5,10,Beverages,395,Packaging could be better.,3,No,No
ORD010818,CUST8528,JioMart,44:29.5,35,Dairy,421,Quick and reliable!,5,No,No
ORD010819,CUST3294,JioMart,11:29.5,23,Fruits & Vegetables,158,Packaging could be better.,3,No,No
ORD010821,CUST5963,Swiggy Instamart,07:29.5,27,Snacks,313,Good quality products.,4,No,No
ORD010822,CUST7454,Swiggy Instamart,59:29.5,32,Beverages,531,Very satisfied with the service.,5,No,No
ORD010828,CUST9306,Blinkit,56:29.5,24,Beverages,648,"Fast delivery, great service!",5,No,No
ORD010835,CUST2107,JioMart,23:29.5,47,Beverages,211,"Very late delivery, not happy.",2,Yes,Yes
ORD010836,CUST1736,Swiggy Instamart,50:29.5,52,Snacks,101,Very satisfied with the service.,5,Yes,No
ORD010845,CUST4793,Blinkit,26:29.5,27,Fruits & Vegetables,491,Very satisfied with the service.,5,No,No
ORD010846,CUST4876,JioMart,59:29.5,29,Snacks,468,"Not fresh, disappointed.",2,No,Yes
ORD010848,CUST3850,JioMart,46:29.5,29,Snacks,168,Excellent experience!,5,No,No
ORD010851,CUST2054,Swiggy Instamart,53:29.5,32,Fruits & Vegetables,252,"Horrible experience, never ordering again.",1,No,Yes
ORD010852,CUST2014,JioMart,11:29.5,50,Snacks,464,Delivery person was rude.,2,Yes,Yes
ORD010853,CUST5103,Swiggy Instamart,32:29.5,44,Personal Care,1288,Good quality products.,4,Yes,No
ORD010861,CUST6261,JioMart,52:29.5,51,Fruits & Vegetables,442,Good quality products.,4,Yes,No
ORD010869,CUST9046,JioMart,25:29.5,39,Beverages,180,Good quality products.,4,No,No
ORD010876,CUST9659,Blinkit,50:29.5,11,Personal Care,1530,Wrong item delivered.,1,No,Yes
ORD010879,CUST1397,Blinkit,33:29.5,18,Dairy,368,"Easy to order, loved it!",5,No,No
ORD010880,CUST2576,Swiggy Instamart,23:29.5,14,Fruits & Vegetables,333,"Very late delivery, not happy.",2,No,Yes
ORD010881,CUST4334,Swiggy Instamart,07:29.5,30,Dairy,578,Packaging could be better.,3,No,No
ORD010882,CUST1544,JioMart,22:29.5,29,Beverages,783,Quick and reliable!,5,No,No
ORD010888,CUST2179,JioMart,20:29.5,41,Beverages,677,Delivery person was rude.,2,Yes,Yes
ORD010890,CUST4036,Blinkit,42:29.5,31,Fruits & Vegetables,649,Wrong item delivered.,1,No,Yes
ORD010896,CUST9205,Blinkit,30:29.5,19,Personal Care,989,Packaging could be better.,3,No,No
ORD010897,CUST6768,JioMart,42:29.5,25,Snacks,425,Items missing from order.,2,No,Yes
ORD010898,CUST6840,Swiggy Instamart,33:29.5,27,Snacks,462,"Easy to order, loved it!",5,No,No
ORD010902,CUST8004,JioMart,19:29.5,33,Grocery,572,"Horrible experience, never ordering again.",1,No,Yes
ORD010906,CUST3083,JioMart,02:29.5,30,Grocery,914,Quick and reliable!,5,No,No
ORD010908,CUST5886,JioMart,39:29.5,33,Snacks,168,Wrong item delivered.,1,No,Yes
ORD010911,CUST9170,Blinkit,41:29.5,41,Grocery,406,Items missing from order.,2,Yes,Yes
ORD010913,CUST1843,Blinkit,23:29.5,37,Snacks,110,Wrong item delivered.,1,No,Yes
ORD010923,CUST3586,Blinkit,04:29.5,27,Personal Care,1411,Quick and reliable!,5,No,No
ORD010927,CUST4955,Blinkit,42:29.5,18,Grocery,636,"Fast delivery, great service!",5,No,No
ORD010932,CUST1928,Blinkit,50:29.5,23,Fruits & Vegetables,187,Packaging could be better.,3,No,No
ORD010933,CUST9944,Swiggy Instamart,38:29.5,37,Fruits & Vegetables,310,Excellent experience!,5,No,No
ORD010936,CUST5309,Swiggy Instamart,49:29.5,32,Fruits & Vegetables,162,"Easy to order, loved it!",5,No,No
ORD010939,CUST6538,Blinkit,19:29.5,49,Snacks,467,Quick and reliable!,5,Yes,No
ORD010940,CUST7904,JioMart,13:29.5,28,Fruits & Vegetables,175,"Fast delivery, great service!",5,No,No
ORD010941,CUST5274,JioMart,01:29.5,13,Dairy,472,Delivery person was rude.,2,No,Yes
ORD010943,CUST6481,Swiggy Instamart,22:29.5,12,Snacks,135,"Fast delivery, great service!",5,No,No
ORD010944,CUST1973,JioMart,07:29.5,20,Beverages,802,Good quality products.,4,No,No
ORD010947,CUST9963,Swiggy Instamart,37:29.5,31,Beverages,440,Excellent experience!,5,No,No
ORD010949,CUST2021,JioMart,25:29.5,24,Personal Care,861,"Easy to order, loved it!",5,No,No
ORD010955,CUST2159,Blinkit,42:29.5,31,Personal Care,226,Packaging could be better.,3,No,No
ORD010959,CUST3121,JioMart,36:29.5,50,Beverages,234,"Fast delivery, great service!",5,Yes,No
ORD010960,CUST5432,Blinkit,42:29.5,26,Fruits & Vegetables,367,"Easy to order, loved it!",5,No,No
ORD010961,CUST1683,Swiggy Instamart,53:29.5,31,Snacks,63,Quick and reliable!,5,No,No
ORD010962,CUST2704,Blinkit,47:29.5,15,Snacks,125,Very satisfied with the service.,5,No,No
ORD010963,CUST1583,Swiggy Instamart,40:29.5,24,Snacks,352,Packaging could be better.,3,No,No
ORD010964,CUST9136,Blinkit,16:29.5,36,Fruits & Vegetables,248,"Fast delivery, great service!",5,No,No
ORD010966,CUST4690,Blinkit,08:29.5,30,Beverages,417,"Not fresh, disappointed.",2,No,Yes
ORD010967,CUST6738,Blinkit,21:29.5,34,Fruits & Vegetables,358,Excellent experience!,5,No,No
ORD010969,CUST8824,Blinkit,10:29.5,31,Beverages,164,"Horrible experience, never ordering again.",1,No,Yes
ORD010976,CUST9752,Blinkit,20:29.5,39,Beverages,799,Items missing from order.,2,No,Yes
ORD010977,CUST7215,Swiggy Instamart,11:29.5,42,Snacks,358,"Very late delivery, not happy.",2,Yes,Yes
ORD010978,CUST1296,Blinkit,43:29.5,27,Beverages,532,"Easy to order, loved it!",5,No,No
ORD010984,CUST8040,JioMart,32:29.5,50,Personal Care,1680,Quick and reliable!,5,Yes,No
ORD010987,CUST2893,JioMart,43:29.5,27,Snacks,416,"Not fresh, disappointed.",2,No,Yes
ORD010989,CUST2933,Swiggy Instamart,57:29.5,34,Fruits & Vegetables,400,"Very late delivery, not happy.",2,No,Yes
ORD010994,CUST8152,Blinkit,37:29.5,32,Grocery,1196,Quick and reliable!,5,No,No
ORD010997,CUST4801,Swiggy Instamart,07:29.5,30,Snacks,392,"Very late delivery, not happy.",2,No,Yes
ORD010998,CUST2507,JioMart,19:29.5,37,Fruits & Vegetables,672,Wrong item delivered.,1,No,Yes
ORD010999,CUST1164,JioMart,13:29.5,47,Dairy,204,"Easy to order, loved it!",5,Yes,No
ORD011007,CUST2255,JioMart,42:29.5,27,Grocery,1026,Quick and reliable!,5,No,No
ORD011012,CUST5630,Blinkit,38:29.5,48,Fruits & Vegetables,334,Excellent experience!,5,Yes,No
ORD011014,CUST6146,Swiggy Instamart,16:29.5,34,Fruits & Vegetables,636,"Fast delivery, great service!",5,No,No
ORD011017,CUST5790,Blinkit,37:29.5,20,Snacks,391,Delivery person was rude.,2,No,Yes
ORD011019,CUST7517,Blinkit,50:29.5,21,Fruits & Vegetables,249,Excellent experience!,5,No,No
ORD011021,CUST3005,Blinkit,35:29.5,18,Dairy,414,Items missing from order.,2,No,Yes
ORD011024,CUST5099,Swiggy Instamart,24:29.5,39,Dairy,689,"Easy to order, loved it!",5,No,No
ORD011030,CUST8266,Swiggy Instamart,56:29.5,44,Beverages,980,"Easy to order, loved it!",5,Yes,No
ORD011032,CUST7011,JioMart,20:29.5,32,Grocery,464,Items missing from order.,2,No,Yes
ORD011033,CUST5795,Swiggy Instamart,56:29.5,33,Snacks,262,"Fast delivery, great service!",5,No,No
ORD011036,CUST5383,JioMart,06:29.5,37,Snacks,279,Very satisfied with the service.,5,No,No
ORD011041,CUST1884,Swiggy Instamart,59:29.5,34,Grocery,1470,Delivery person was rude.,2,No,Yes
ORD011051,CUST5996,Swiggy Instamart,21:29.5,26,Fruits & Vegetables,402,Items missing from order.,2,No,Yes
ORD011055,CUST3325,Blinkit,22:29.5,38,Grocery,1335,Quick and reliable!,5,No,No
ORD011057,CUST4851,Swiggy Instamart,07:29.5,23,Snacks,362,Quick and reliable!,5,No,No
ORD011064,CUST5428,JioMart,33:29.5,23,Grocery,666,"Not fresh, disappointed.",2,No,Yes
ORD011068,CUST2384,Blinkit,17:29.5,38,Grocery,221,"Fast delivery, great service!",5,No,No
ORD011069,CUST1978,JioMart,30:29.5,37,Grocery,457,"Easy to order, loved it!",5,No,No
ORD011074,CUST7268,Swiggy Instamart,50:29.5,13,Grocery,448,"Fast delivery, great service!",5,No,No
ORD011081,CUST4021,JioMart,57:29.5,29,Grocery,1073,"Very late delivery, not happy.",2,No,Yes
ORD011084,CUST1856,Blinkit,37:29.5,42,Grocery,1291,"Very late delivery, not happy.",2,Yes,Yes
ORD011090,CUST6508,Blinkit,24:29.5,30,Fruits & Vegetables,473,"Easy to order, loved it!",5,No,No
ORD011092,CUST4547,JioMart,40:29.5,34,Dairy,268,"Very late delivery, not happy.",2,No,Yes
ORD011094,CUST6586,JioMart,11:29.5,34,Snacks,366,"Not fresh, disappointed.",2,No,Yes
ORD011097,CUST1935,JioMart,45:29.5,18,Beverages,501,Delivery person was rude.,2,No,Yes
ORD011100,CUST5709,Blinkit,54:29.5,28,Snacks,440,"Easy to order, loved it!",5,No,No
ORD011105,CUST5261,Swiggy Instamart,05:29.5,30,Grocery,1280,Very satisfied with the service.,5,No,No
ORD011110,CUST3160,JioMart,39:29.5,30,Beverages,480,Items missing from order.,2,No,Yes
ORD011111,CUST1248,Blinkit,55:29.5,38,Grocery,977,Wrong item delivered.,1,No,Yes
ORD011112,CUST5598,Swiggy Instamart,24:29.5,35,Beverages,371,Delivery person was rude.,2,No,Yes
ORD011113,CUST5495,Swiggy Instamart,23:29.5,23,Fruits & Vegetables,235,Delivery person was rude.,2,No,Yes
ORD011116,CUST9893,JioMart,04:29.5,24,Grocery,232,"Easy to order, loved it!",5,No,No
ORD011120,CUST1632,JioMart,39:29.5,33,Dairy,153,"Easy to order, loved it!",5,No,No
ORD011121,CUST5493,JioMart,18:29.5,34,Grocery,310,Quick and reliable!,5,No,No
ORD011124,CUST5104,JioMart,36:29.5,53,Personal Care,1044,Very satisfied with the service.,5,Yes,No
ORD011126,CUST3036,Swiggy Instamart,40:29.5,39,Grocery,776,Very satisfied with the service.,5,No,No
ORD011127,CUST6028,JioMart,56:29.5,30,Personal Care,1607,"Fast delivery, great service!",5,No,No
ORD011128,CUST6259,JioMart,13:29.5,21,Dairy,678,Delivery person was rude.,2,No,Yes
ORD011143,CUST2303,Blinkit,08:29.5,29,Grocery,905,Wrong item delivered.,1,No,Yes
ORD011150,CUST5524,Swiggy Instamart,33:29.5,15,Fruits & Vegetables,240,Wrong item delivered.,1,No,Yes
ORD011157,CUST1812,Blinkit,08:29.5,39,Personal Care,1859,Excellent experience!,5,No,No
ORD011162,CUST9302,Blinkit,57:29.5,52,Grocery,926,Packaging could be better.,3,Yes,No
ORD011163,CUST8214,Blinkit,51:29.5,26,Grocery,1328,Items missing from order.,2,No,Yes
ORD011169,CUST5217,JioMart,33:29.5,21,Beverages,783,Excellent experience!,5,No,No
ORD011170,CUST1264,Blinkit,34:29.5,24,Grocery,845,Excellent experience!,5,No,No
ORD011182,CUST2268,Swiggy Instamart,14:29.5,26,Grocery,648,Quick and reliable!,5,No,No
ORD011184,CUST4343,Swiggy Instamart,05:29.5,38,Dairy,530,Good quality products.,4,No,No
ORD011185,CUST6337,JioMart,21:29.5,41,Snacks,164,Items missing from order.,2,Yes,Yes
ORD011193,CUST6350,Blinkit,47:29.5,32,Snacks,82,"Very late delivery, not happy.",2,No,Yes
ORD011202,CUST7034,Blinkit,17:29.5,38,Fruits & Vegetables,561,"Fast delivery, great service!",5,No,No
ORD011203,CUST1730,Swiggy Instamart,55:29.5,20,Fruits & Vegetables,206,Very satisfied with the service.,5,No,No
ORD011206,CUST1418,Swiggy Instamart,38:29.5,31,Personal Care,1473,Quick and reliable!,5,No,No
ORD011208,CUST4464,JioMart,00:29.5,21,Fruits & Vegetables,486,Delivery person was rude.,2,No,Yes
ORD011211,CUST9326,JioMart,14:29.5,36,Grocery,494,Wrong item delivered.,1,No,Yes
ORD011213,CUST4520,Blinkit,54:29.5,38,Beverages,869,"Not fresh, disappointed.",2,No,Yes
ORD011219,CUST2266,JioMart,39:29.5,30,Grocery,1186,"Easy to order, loved it!",5,No,No
ORD011221,CUST9249,Swiggy Instamart,32:29.5,25,Fruits & Vegetables,531,"Horrible experience, never ordering again.",1,No,Yes
ORD011222,CUST9982,Blinkit,48:29.5,43,Personal Care,1003,Delivery person was rude.,2,Yes,Yes
ORD011234,CUST4195,Swiggy Instamart,15:29.5,26,Fruits & Vegetables,302,Items missing from order.,2,No,Yes
ORD011235,CUST5801,JioMart,06:29.5,21,Dairy,121,Excellent experience!,5,No,No
ORD011236,CUST4998,Swiggy Instamart,48:29.5,41,Snacks,412,Wrong item delivered.,1,Yes,Yes
ORD011240,CUST4782,Blinkit,44:29.5,39,Beverages,537,Wrong item delivered.,1,No,Yes
ORD011241,CUST8468,Blinkit,30:29.5,37,Beverages,752,Wrong item delivered.,1,No,Yes
ORD011246,CUST7716,Swiggy Instamart,55:29.5,30,Beverages,369,Quick and reliable!,5,No,No
ORD011248,CUST2305,JioMart,59:29.5,39,Dairy,387,Items missing from order.,2,No,Yes
ORD011250,CUST9284,Swiggy Instamart,51:29.5,20,Dairy,324,Quick and reliable!,5,No,No
ORD011254,CUST4774,Blinkit,02:29.5,5,Dairy,247,Good quality products.,4,No,No
ORD011258,CUST3052,JioMart,16:29.5,35,Fruits & Vegetables,366,"Very late delivery, not happy.",2,No,Yes
ORD011260,CUST5013,Swiggy Instamart,22:29.5,21,Dairy,685,Items missing from order.,2,No,Yes
ORD011265,CUST6596,Blinkit,10:29.5,28,Grocery,961,Excellent experience!,5,No,No
ORD011269,CUST7692,JioMart,54:29.5,33,Beverages,636,Delivery person was rude.,2,No,Yes
ORD011272,CUST3431,Blinkit,43:29.5,14,Fruits & Vegetables,393,Packaging could be better.,3,No,No
ORD011286,CUST8068,Blinkit,10:29.5,20,Grocery,858,Very satisfied with the service.,5,No,No
ORD011290,CUST3168,Swiggy Instamart,23:29.5,18,Personal Care,438,Packaging could be better.,3,No,No
ORD011292,CUST9672,JioMart,41:29.5,36,Grocery,252,"Easy to order, loved it!",5,No,No
ORD011295,CUST6805,Blinkit,55:29.5,13,Dairy,344,"Very late delivery, not happy.",2,No,Yes
ORD011300,CUST2950,Blinkit,37:29.5,53,Fruits & Vegetables,190,"Very late delivery, not happy.",2,Yes,Yes
ORD011302,CUST6515,Blinkit,51:29.5,43,Personal Care,1013,"Not fresh, disappointed.",2,Yes,Yes
ORD011306,CUST6815,Swiggy Instamart,19:29.5,36,Snacks,113,Very satisfied with the service.,5,No,No
ORD011308,CUST7699,JioMart,55:29.5,31,Grocery,1122,Wrong item delivered.,1,No,Yes
ORD011315,CUST9345,JioMart,19:29.5,24,Personal Care,1432,"Fast delivery, great service!",5,No,No
ORD011316,CUST2372,JioMart,51:29.5,19,Personal Care,566,"Fast delivery, great service!",5,No,No
ORD011317,CUST3494,Swiggy Instamart,37:29.5,29,Fruits & Vegetables,200,"Very late delivery, not happy.",2,No,Yes
ORD011318,CUST1127,JioMart,37:29.5,31,Fruits & Vegetables,110,Packaging could be better.,3,No,No
ORD011326,CUST5576,JioMart,29:29.5,38,Grocery,437,"Easy to order, loved it!",5,No,No
ORD011328,CUST4805,Swiggy Instamart,29:29.5,17,Grocery,536,"Easy to order, loved it!",5,No,No
ORD011331,CUST6588,JioMart,37:29.5,26,Personal Care,1369,"Horrible experience, never ordering again.",1,No,Yes
ORD011332,CUST1791,Swiggy Instamart,23:29.5,32,Personal Care,1528,"Horrible experience, never ordering again.",1,No,Yes
ORD011334,CUST9604,Blinkit,31:29.5,25,Beverages,659,Wrong item delivered.,1,No,Yes
ORD011338,CUST6288,Swiggy Instamart,07:29.5,38,Dairy,225,"Fast delivery, great service!",5,No,No
ORD011344,CUST4451,Blinkit,47:29.5,29,Snacks,164,Good quality products.,4,No,No
ORD011345,CUST8053,JioMart,08:29.5,18,Snacks,402,"Horrible experience, never ordering again.",1,No,Yes
ORD011346,CUST9505,Blinkit,49:29.5,34,Dairy,702,"Horrible experience, never ordering again.",1,No,Yes
ORD011351,CUST5666,Blinkit,03:29.5,35,Snacks,63,Quick and reliable!,5,No,No
ORD011354,CUST5716,Blinkit,27:29.5,8,Snacks,463,Quick and reliable!,5,No,No
ORD011358,CUST4664,Blinkit,45:29.5,37,Grocery,308,"Easy to order, loved it!",5,No,No
ORD011359,CUST3774,Swiggy Instamart,36:29.5,17,Personal Care,334,Wrong item delivered.,1,No,Yes
ORD011364,CUST5565,Swiggy Instamart,40:29.5,28,Grocery,1039,"Not fresh, disappointed.",2,No,Yes
ORD011365,CUST3310,Blinkit,16:29.5,43,Snacks,413,"Not fresh, disappointed.",2,Yes,Yes
ORD011369,CUST3766,Swiggy Instamart,43:29.5,44,Personal Care,1296,"Very late delivery, not happy.",2,Yes,Yes
ORD011372,CUST9844,JioMart,54:29.5,28,Beverages,576,"Horrible experience, never ordering again.",1,No,Yes
ORD011375,CUST1109,Swiggy Instamart,26:29.5,25,Snacks,408,Excellent experience!,5,No,No
ORD011385,CUST8435,Swiggy Instamart,32:29.5,13,Fruits & Vegetables,387,Packaging could be better.,3,No,No
ORD011389,CUST8281,JioMart,17:29.5,28,Personal Care,177,Quick and reliable!,5,No,No
ORD011390,CUST8082,Blinkit,56:29.5,38,Snacks,68,Excellent experience!,5,No,No
ORD011391,CUST9081,JioMart,41:29.5,41,Personal Care,1777,Excellent experience!,5,Yes,No
ORD011393,CUST2423,Blinkit,41:29.5,49,Snacks,161,"Very late delivery, not happy.",2,Yes,Yes
ORD011394,CUST3241,JioMart,33:29.5,34,Beverages,704,"Very late delivery, not happy.",2,No,Yes
ORD011402,CUST3567,Swiggy Instamart,35:29.5,24,Beverages,629,"Very late delivery, not happy.",2,No,Yes
ORD011404,CUST6494,JioMart,43:29.5,40,Personal Care,1856,"Fast delivery, great service!",5,No,No
ORD011407,CUST9402,JioMart,19:29.5,31,Personal Care,602,"Fast delivery, great service!",5,No,No
ORD011411,CUST8100,Swiggy Instamart,30:29.5,34,Dairy,326,Items missing from order.,2,No,Yes
ORD011419,CUST3242,Swiggy Instamart,19:29.5,39,Fruits & Vegetables,500,Items missing from order.,2,No,Yes
ORD011421,CUST4607,JioMart,25:29.5,33,Beverages,299,"Fast delivery, great service!",5,No,No
ORD011435,CUST1052,Blinkit,26:29.5,47,Snacks,342,"Easy to order, loved it!",5,Yes,No
ORD011439,CUST4416,Swiggy Instamart,49:29.5,9,Dairy,179,Packaging could be better.,3,No,No
ORD011440,CUST3918,Blinkit,48:29.5,5,Personal Care,966,"Horrible experience, never ordering again.",1,No,Yes
ORD011450,CUST5916,Blinkit,18:29.5,42,Fruits & Vegetables,216,Quick and reliable!,5,Yes,No
ORD011455,CUST7425,Swiggy Instamart,22:29.5,41,Fruits & Vegetables,571,Quick and reliable!,5,Yes,No
ORD011458,CUST8880,Swiggy Instamart,56:29.5,32,Beverages,266,"Horrible experience, never ordering again.",1,No,Yes
ORD011471,CUST8614,Blinkit,47:29.5,44,Snacks,418,"Not fresh, disappointed.",2,Yes,Yes
ORD011474,CUST6694,JioMart,50:29.5,48,Snacks,58,Delivery person was rude.,2,Yes,Yes
ORD011476,CUST3098,Blinkit,07:29.5,35,Dairy,630,"Not fresh, disappointed.",2,No,Yes
ORD011478,CUST9014,Swiggy Instamart,50:29.5,24,Personal Care,733,Excellent experience!,5,No,No
ORD011482,CUST5766,Swiggy Instamart,31:29.5,22,Dairy,117,Good quality products.,4,No,No
ORD011494,CUST7966,JioMart,43:29.5,34,Fruits & Vegetables,230,Wrong item delivered.,1,No,Yes
ORD011495,CUST7531,JioMart,53:29.5,21,Fruits & Vegetables,337,Items missing from order.,2,No,Yes
ORD011496,CUST5271,JioMart,26:29.5,52,Snacks,113,"Fast delivery, great service!",5,Yes,No
ORD011499,CUST8954,Blinkit,54:29.5,36,Personal Care,603,"Very late delivery, not happy.",2,No,Yes
ORD011503,CUST6054,Swiggy Instamart,28:29.5,26,Personal Care,454,"Horrible experience, never ordering again.",1,No,Yes
ORD011504,CUST8334,Swiggy Instamart,20:29.5,33,Fruits & Vegetables,113,Packaging could be better.,3,No,No
ORD011507,CUST3728,Blinkit,21:29.5,6,Snacks,326,"Very late delivery, not happy.",2,No,Yes
ORD011512,CUST3117,Swiggy Instamart,52:29.5,34,Fruits & Vegetables,361,Packaging could be better.,3,No,No
ORD011516,CUST7212,Blinkit,02:29.5,23,Fruits & Vegetables,276,Delivery person was rude.,2,No,Yes
ORD011520,CUST2039,Blinkit,34:29.5,25,Grocery,974,Items missing from order.,2,No,Yes
ORD011521,CUST1806,JioMart,34:29.5,40,Beverages,300,Items missing from order.,2,No,Yes
ORD011523,CUST4448,JioMart,09:29.5,27,Fruits & Vegetables,95,Quick and reliable!,5,No,No
ORD011524,CUST6932,Blinkit,47:29.5,34,Personal Care,109,Items missing from order.,2,No,Yes
ORD011529,CUST7480,Blinkit,38:29.5,27,Personal Care,973,"Very late delivery, not happy.",2,No,Yes
ORD011537,CUST5074,JioMart,49:29.5,32,Personal Care,564,Delivery person was rude.,2,No,Yes
ORD011539,CUST1591,Blinkit,24:29.5,51,Beverages,694,"Very late delivery, not happy.",2,Yes,Yes
ORD011543,CUST9216,Swiggy Instamart,54:29.5,40,Dairy,408,"Easy to order, loved it!",5,No,No
ORD011544,CUST7519,Blinkit,43:29.5,20,Snacks,345,"Horrible experience, never ordering again.",1,No,Yes
ORD011556,CUST7190,JioMart,31:29.5,53,Personal Care,292,Very satisfied with the service.,5,Yes,No
ORD011564,CUST7805,Blinkit,54:29.5,40,Snacks,439,Quick and reliable!,5,No,No
ORD011565,CUST1330,Blinkit,33:29.5,17,Grocery,585,"Horrible experience, never ordering again.",1,No,Yes
ORD011568,CUST3487,JioMart,21:29.5,41,Personal Care,725,Good quality products.,4,Yes,No
ORD011578,CUST5490,JioMart,44:29.5,32,Dairy,242,"Not fresh, disappointed.",2,No,Yes
ORD011589,CUST7657,JioMart,49:29.5,15,Beverages,754,Good quality products.,4,No,No
ORD011591,CUST8919,Blinkit,58:29.5,26,Personal Care,642,"Fast delivery, great service!",5,No,No
ORD011595,CUST5007,Swiggy Instamart,38:29.5,22,Grocery,782,"Not fresh, disappointed.",2,No,Yes
ORD011600,CUST7106,Blinkit,30:29.5,32,Dairy,545,"Horrible experience, never ordering again.",1,No,Yes
ORD011602,CUST2774,JioMart,12:29.5,20,Dairy,492,Delivery person was rude.,2,No,Yes
ORD011603,CUST8409,JioMart,39:29.5,29,Grocery,309,"Easy to order, loved it!",5,No,No
ORD011605,CUST1407,JioMart,13:29.5,28,Snacks,413,Excellent experience!,5,No,No
ORD011609,CUST7059,Swiggy Instamart,31:29.5,36,Snacks,377,"Horrible experience, never ordering again.",1,No,Yes
ORD011612,CUST6089,JioMart,15:29.5,36,Snacks,324,Delivery person was rude.,2,No,Yes
ORD011615,CUST2370,Blinkit,33:29.5,45,Personal Care,308,"Horrible experience, never ordering again.",1,Yes,Yes
ORD011623,CUST7605,JioMart,50:29.5,14,Beverages,333,"Not fresh, disappointed.",2,No,Yes
ORD011625,CUST9575,Swiggy Instamart,44:29.5,17,Grocery,479,"Easy to order, loved it!",5,No,No
ORD011630,CUST7747,Blinkit,13:29.5,49,Personal Care,409,"Very late delivery, not happy.",2,Yes,Yes
ORD011631,CUST6102,JioMart,01:29.5,28,Fruits & Vegetables,93,"Fast delivery, great service!",5,No,No
ORD011635,CUST6266,Swiggy Instamart,01:29.5,31,Beverages,771,Items missing from order.,2,No,Yes
ORD011637,CUST1091,Swiggy Instamart,37:29.5,30,Beverages,294,"Horrible experience, never ordering again.",1,No,Yes
ORD011638,CUST5393,Swiggy Instamart,09:29.5,21,Grocery,349,Very satisfied with the service.,5,No,No
ORD011639,CUST4427,JioMart,56:29.5,20,Personal Care,485,Packaging could be better.,3,No,No
ORD011640,CUST9007,JioMart,46:29.5,17,Snacks,452,Very satisfied with the service.,5,No,No
ORD011649,CUST2334,Swiggy Instamart,43:29.5,27,Beverages,164,"Fast delivery, great service!",5,No,No
ORD011650,CUST2721,JioMart,29:29.5,27,Dairy,450,"Very late delivery, not happy.",2,No,Yes
ORD011653,CUST7155,Blinkit,41:29.5,28,Snacks,212,Items missing from order.,2,No,Yes
ORD011659,CUST3722,Swiggy Instamart,56:29.5,20,Personal Care,1859,Quick and reliable!,5,No,No
ORD011660,CUST4233,JioMart,01:29.5,28,Snacks,287,Quick and reliable!,5,No,No
ORD011661,CUST8169,JioMart,34:29.5,36,Dairy,395,Items missing from order.,2,No,Yes
ORD011664,CUST7949,Swiggy Instamart,33:29.5,33,Dairy,760,"Horrible experience, never ordering again.",1,No,Yes
ORD011665,CUST9113,Blinkit,48:29.5,31,Personal Care,346,Quick and reliable!,5,No,No
ORD011667,CUST9594,Swiggy Instamart,05:29.5,21,Grocery,1480,Wrong item delivered.,1,No,Yes
ORD011676,CUST8134,Swiggy Instamart,43:29.5,38,Snacks,84,"Not fresh, disappointed.",2,No,Yes
ORD011679,CUST9560,Swiggy Instamart,25:29.5,35,Beverages,919,"Fast delivery, great service!",5,No,No
ORD011687,CUST7082,JioMart,57:29.5,38,Snacks,364,Delivery person was rude.,2,No,Yes
ORD011688,CUST9509,JioMart,00:29.5,19,Snacks,461,"Easy to order, loved it!",5,No,No
ORD011690,CUST8735,Blinkit,20:29.5,6,Personal Care,328,Good quality products.,4,No,No
ORD011694,CUST3217,Swiggy Instamart,56:29.5,33,Fruits & Vegetables,687,Good quality products.,4,No,No
ORD011698,CUST1160,Blinkit,19:29.5,24,Beverages,586,Good quality products.,4,No,No
ORD011699,CUST6205,JioMart,44:29.5,34,Grocery,1407,"Easy to order, loved it!",5,No,No
ORD011701,CUST3936,Swiggy Instamart,40:29.5,29,Fruits & Vegetables,560,Delivery person was rude.,2,No,Yes
ORD011704,CUST2098,Swiggy Instamart,16:29.5,46,Dairy,585,Very satisfied with the service.,5,Yes,No
ORD011706,CUST6109,Blinkit,23:29.5,24,Beverages,459,Delivery person was rude.,2,No,Yes
ORD011709,CUST2537,JioMart,57:29.5,32,Grocery,236,Delivery person was rude.,2,No,Yes
ORD011712,CUST6423,JioMart,01:29.5,41,Snacks,250,"Very late delivery, not happy.",2,Yes,Yes
ORD011714,CUST2001,JioMart,21:29.5,50,Personal Care,1630,"Very late delivery, not happy.",2,Yes,Yes
ORD011716,CUST3563,JioMart,32:29.5,26,Personal Care,923,"Very late delivery, not happy.",2,No,Yes
ORD011718,CUST6741,Blinkit,15:29.5,19,Personal Care,1000,Items missing from order.,2,No,Yes
ORD011719,CUST4703,Swiggy Instamart,11:29.5,30,Personal Care,1376,"Easy to order, loved it!",5,No,No
ORD011724,CUST5656,JioMart,37:29.5,41,Personal Care,591,"Fast delivery, great service!",5,Yes,No
ORD011725,CUST7982,Swiggy Instamart,27:29.5,18,Beverages,290,Packaging could be better.,3,No,No
ORD011726,CUST6009,JioMart,11:29.5,34,Dairy,358,Quick and reliable!,5,No,No
ORD011727,CUST7017,JioMart,01:29.5,32,Personal Care,1990,Very satisfied with the service.,5,No,No
ORD011731,CUST4319,Blinkit,30:29.5,33,Personal Care,577,Delivery person was rude.,2,No,Yes
ORD011736,CUST5587,Blinkit,04:29.5,22,Grocery,607,"Horrible experience, never ordering again.",1,No,Yes
ORD011737,CUST3921,Blinkit,29:29.5,30,Snacks,361,Excellent experience!,5,No,No
ORD011738,CUST5307,Swiggy Instamart,46:29.5,21,Fruits & Vegetables,496,Excellent experience!,5,No,No
ORD011740,CUST3075,JioMart,32:29.5,27,Beverages,412,Packaging could be better.,3,No,No
ORD011746,CUST4429,Blinkit,26:29.5,32,Beverages,146,Quick and reliable!,5,No,No
ORD011752,CUST3400,Blinkit,34:29.5,37,Grocery,307,Items missing from order.,2,No,Yes
ORD011757,CUST6297,Blinkit,44:29.5,14,Beverages,883,Delivery person was rude.,2,No,Yes
ORD011760,CUST3244,Swiggy Instamart,18:29.5,53,Beverages,749,Good quality products.,4,Yes,No
ORD011763,CUST7969,Swiggy Instamart,28:29.5,30,Grocery,995,Excellent experience!,5,No,No
ORD011766,CUST5957,Blinkit,08:29.5,33,Personal Care,1778,Packaging could be better.,3,No,No
ORD011767,CUST9198,JioMart,43:29.5,36,Snacks,183,"Horrible experience, never ordering again.",1,No,Yes
ORD011768,CUST2921,Swiggy Instamart,57:29.5,29,Beverages,292,"Very late delivery, not happy.",2,No,Yes
ORD011772,CUST7316,Blinkit,20:29.5,33,Dairy,558,"Horrible experience, never ordering again.",1,No,Yes
ORD011777,CUST6193,Blinkit,08:29.5,34,Grocery,1500,Delivery person was rude.,2,No,Yes
ORD011778,CUST9694,JioMart,25:29.5,22,Personal Care,545,"Very late delivery, not happy.",2,No,Yes
ORD011783,CUST3341,Swiggy Instamart,26:29.5,28,Fruits & Vegetables,135,Very satisfied with the service.,5,No,No
ORD011784,CUST8163,JioMart,27:29.5,14,Fruits & Vegetables,480,Wrong item delivered.,1,No,Yes
ORD011785,CUST8235,JioMart,58:29.5,29,Grocery,1026,"Horrible experience, never ordering again.",1,No,Yes
ORD011790,CUST6704,Swiggy Instamart,00:29.5,31,Dairy,436,Quick and reliable!,5,No,No
ORD011793,CUST6991,Blinkit,10:29.5,23,Fruits & Vegetables,600,Very satisfied with the service.,5,No,No
ORD011794,CUST8636,Blinkit,05:29.5,39,Beverages,595,Quick and reliable!,5,No,No
ORD011800,CUST7130,Blinkit,53:29.5,19,Personal Care,1995,Very satisfied with the service.,5,No,No
ORD011802,CUST1174,JioMart,42:29.5,24,Grocery,1409,Items missing from order.,2,No,Yes
ORD011803,CUST4208,Blinkit,56:29.5,45,Fruits & Vegetables,496,Items missing from order.,2,Yes,Yes
ORD011823,CUST5492,Swiggy Instamart,02:29.5,37,Beverages,339,Items missing from order.,2,No,Yes
ORD011825,CUST1498,Blinkit,20:29.5,38,Beverages,568,"Very late delivery, not happy.",2,No,Yes
ORD011827,CUST8446,Swiggy Instamart,54:29.5,35,Dairy,185,Packaging could be better.,3,No,No
ORD011828,CUST9033,Swiggy Instamart,10:29.5,43,Snacks,60,Quick and reliable!,5,Yes,No
ORD011833,CUST1625,JioMart,48:29.5,25,Fruits & Vegetables,525,Items missing from order.,2,No,Yes
ORD011838,CUST3156,Blinkit,12:29.5,33,Fruits & Vegetables,462,Very satisfied with the service.,5,No,No
ORD011846,CUST2597,Blinkit,06:29.5,39,Fruits & Vegetables,295,Excellent experience!,5,No,No
ORD011854,CUST7000,JioMart,50:29.5,40,Beverages,563,Wrong item delivered.,1,No,Yes
ORD011860,CUST2064,Blinkit,01:29.5,34,Dairy,608,"Easy to order, loved it!",5,No,No
ORD011877,CUST6745,Swiggy Instamart,13:29.5,28,Dairy,418,"Horrible experience, never ordering again.",1,No,Yes
ORD011879,CUST6594,JioMart,12:29.5,23,Grocery,566,"Horrible experience, never ordering again.",1,No,Yes
ORD011886,CUST3990,Blinkit,42:29.5,23,Dairy,454,Items missing from order.,2,No,Yes
ORD011890,CUST1329,Blinkit,30:29.5,43,Grocery,460,Very satisfied with the service.,5,Yes,No
ORD011892,CUST1171,JioMart,08:29.5,38,Snacks,86,"Not fresh, disappointed.",2,No,Yes
ORD011893,CUST4563,JioMart,57:29.5,26,Personal Care,277,"Fast delivery, great service!",5,No,No
ORD011896,CUST2331,Blinkit,46:29.5,28,Dairy,497,Items missing from order.,2,No,Yes
ORD011897,CUST5042,JioMart,42:29.5,38,Dairy,304,"Fast delivery, great service!",5,No,No
ORD011902,CUST1873,JioMart,54:29.5,27,Snacks,270,Packaging could be better.,3,No,No
ORD011906,CUST5570,Blinkit,22:29.5,36,Snacks,210,Delivery person was rude.,2,No,Yes
ORD011907,CUST3300,JioMart,47:29.5,38,Snacks,158,Packaging could be better.,3,No,No
ORD011910,CUST4702,Blinkit,56:29.5,20,Dairy,572,"Not fresh, disappointed.",2,No,Yes
ORD011924,CUST9569,Blinkit,19:29.5,45,Fruits & Vegetables,343,"Horrible experience, never ordering again.",1,Yes,Yes
ORD011925,CUST8367,Blinkit,39:29.5,28,Grocery,696,Very satisfied with the service.,5,No,No
ORD011928,CUST7318,Blinkit,29:29.5,45,Beverages,997,"Very late delivery, not happy.",2,Yes,Yes
ORD011932,CUST8108,Blinkit,50:29.5,39,Personal Care,272,"Fast delivery, great service!",5,No,No
ORD011933,CUST6683,JioMart,57:29.5,25,Personal Care,230,Wrong item delivered.,1,No,Yes
ORD011935,CUST4398,Swiggy Instamart,05:29.5,27,Beverages,704,"Not fresh, disappointed.",2,No,Yes
ORD011938,CUST5406,Blinkit,48:29.5,24,Fruits & Vegetables,391,"Easy to order, loved it!",5,No,No
ORD011944,CUST8662,JioMart,35:29.5,44,Dairy,638,Excellent experience!,5,Yes,No
ORD011948,CUST9471,JioMart,44:29.5,35,Snacks,202,"Easy to order, loved it!",5,No,No
ORD011952,CUST8655,Blinkit,43:29.5,12,Grocery,746,"Not fresh, disappointed.",2,No,Yes
ORD011953,CUST6291,JioMart,05:29.5,24,Dairy,649,"Fast delivery, great service!",5,No,No
ORD011959,CUST6879,Swiggy Instamart,52:29.5,21,Grocery,1128,Very satisfied with the service.,5,No,No
ORD011965,CUST6516,Blinkit,09:29.5,33,Snacks,423,Wrong item delivered.,1,No,Yes
ORD011968,CUST6865,Blinkit,23:29.5,27,Beverages,676,Items missing from order.,2,No,Yes
ORD011969,CUST6018,Blinkit,03:29.5,38,Snacks,80,"Horrible experience, never ordering again.",1,No,Yes
ORD011972,CUST9958,Swiggy Instamart,22:29.5,37,Grocery,596,Items missing from order.,2,No,Yes
ORD011981,CUST5138,JioMart,37:29.5,27,Dairy,349,Excellent experience!,5,No,No
ORD011984,CUST8906,Swiggy Instamart,31:29.5,31,Grocery,418,"Horrible experience, never ordering again.",1,No,Yes
ORD011987,CUST1657,JioMart,54:29.5,41,Beverages,346,Delivery person was rude.,2,Yes,Yes
ORD011995,CUST1467,JioMart,32:29.5,20,Dairy,259,Delivery person was rude.,2,No,Yes
ORD011998,CUST3726,JioMart,54:29.5,33,Grocery,1028,Very satisfied with the service.,5,No,No
ORD011999,CUST5924,Blinkit,29:29.5,28,Fruits & Vegetables,282,"Fast delivery, great service!",5,No,No
ORD012009,CUST6670,JioMart,35:29.5,35,Grocery,1443,Wrong item delivered.,1,No,Yes
ORD012012,CUST3708,JioMart,51:29.5,26,Personal Care,285,Packaging could be better.,3,No,No
ORD012016,CUST4283,JioMart,32:29.5,35,Dairy,677,"Horrible experience, never ordering again.",1,No,Yes
ORD012017,CUST3819,Blinkit,45:29.5,39,Fruits & Vegetables,411,Delivery person was rude.,2,No,Yes
ORD012018,CUST5936,Blinkit,58:29.5,40,Dairy,171,"Easy to order, loved it!",5,No,No
ORD012021,CUST4024,Blinkit,44:29.5,41,Beverages,347,"Horrible experience, never ordering again.",1,Yes,Yes
ORD012029,CUST1081,Blinkit,17:29.5,5,Beverages,124,Wrong item delivered.,1,No,Yes
ORD012030,CUST8820,JioMart,50:29.5,5,Beverages,102,Packaging could be better.,3,No,No
ORD012032,CUST6647,JioMart,35:29.5,14,Grocery,1266,Items missing from order.,2,No,Yes
ORD012041,CUST2569,JioMart,14:29.5,47,Snacks,92,"Horrible experience, never ordering again.",1,Yes,Yes
ORD012048,CUST5639,Swiggy Instamart,48:29.5,31,Snacks,111,Items missing from order.,2,No,Yes
ORD012049,CUST7956,Blinkit,10:29.5,35,Beverages,427,"Fast delivery, great service!",5,No,No
ORD012050,CUST7452,Swiggy Instamart,09:29.5,5,Beverages,247,Packaging could be better.,3,No,No
ORD012052,CUST2174,JioMart,23:29.5,23,Dairy,350,Good quality products.,4,No,No
ORD012056,CUST4632,Swiggy Instamart,42:29.5,42,Grocery,1462,Quick and reliable!,5,Yes,No
ORD012058,CUST4852,Swiggy Instamart,51:29.5,19,Dairy,358,"Easy to order, loved it!",5,No,No
ORD012063,CUST1026,Blinkit,59:29.5,18,Snacks,104,Wrong item delivered.,1,No,Yes
ORD012065,CUST2265,Blinkit,27:29.5,27,Fruits & Vegetables,342,"Easy to order, loved it!",5,No,No
ORD012068,CUST9191,Swiggy Instamart,16:29.5,33,Grocery,1160,"Fast delivery, great service!",5,No,No
ORD012072,CUST5946,Blinkit,04:29.5,43,Beverages,225,"Very late delivery, not happy.",2,Yes,Yes
ORD012074,CUST2521,Blinkit,10:29.5,20,Fruits & Vegetables,163,Good quality products.,4,No,No
ORD012094,CUST6673,Swiggy Instamart,44:29.5,30,Personal Care,862,Delivery person was rude.,2,No,Yes
ORD012098,CUST3635,JioMart,02:29.5,31,Fruits & Vegetables,634,Delivery person was rude.,2,No,Yes
ORD012099,CUST6226,Swiggy Instamart,06:29.5,15,Dairy,792,Delivery person was rude.,2,No,Yes
ORD012100,CUST3109,JioMart,30:29.5,31,Personal Care,249,Wrong item delivered.,1,No,Yes
ORD012120,CUST2829,Swiggy Instamart,20:29.5,39,Snacks,321,"Easy to order, loved it!",5,No,No
ORD012124,CUST7282,Blinkit,38:29.5,37,Snacks,294,"Horrible experience, never ordering again.",1,No,Yes
ORD012130,CUST4237,Blinkit,50:29.5,28,Personal Care,937,"Easy to order, loved it!",5,No,No
ORD012136,CUST5615,Blinkit,37:29.5,49,Dairy,611,Excellent experience!,5,Yes,No
ORD012138,CUST2991,JioMart,05:29.5,23,Dairy,616,"Fast delivery, great service!",5,No,No
ORD012144,CUST5134,Blinkit,29:29.5,21,Snacks,459,"Not fresh, disappointed.",2,No,Yes
ORD012147,CUST5852,JioMart,43:29.5,34,Grocery,1298,Delivery person was rude.,2,No,Yes
ORD012148,CUST1385,Swiggy Instamart,30:29.5,33,Snacks,68,Quick and reliable!,5,No,No
ORD012150,CUST5378,JioMart,28:29.5,58,Fruits & Vegetables,243,Quick and reliable!,5,Yes,No
ORD012152,CUST5804,Blinkit,47:29.5,24,Snacks,279,Good quality products.,4,No,No
ORD012153,CUST6847,Blinkit,06:29.5,36,Dairy,113,"Horrible experience, never ordering again.",1,No,Yes
ORD012154,CUST7833,Swiggy Instamart,25:29.5,23,Beverages,139,Very satisfied with the service.,5,No,No
ORD012161,CUST6853,Swiggy Instamart,37:29.5,13,Personal Care,716,Excellent experience!,5,No,No
ORD012164,CUST7491,Blinkit,11:29.5,27,Beverages,773,"Fast delivery, great service!",5,No,No
ORD012170,CUST3065,Blinkit,23:29.5,17,Snacks,314,"Very late delivery, not happy.",2,No,Yes
ORD012177,CUST4999,Swiggy Instamart,29:29.5,54,Personal Care,256,Quick and reliable!,5,Yes,No
ORD012179,CUST8510,Blinkit,55:29.5,19,Dairy,305,Delivery person was rude.,2,No,Yes
ORD012183,CUST7107,Blinkit,39:29.5,33,Personal Care,838,Items missing from order.,2,No,Yes
ORD012185,CUST3404,Blinkit,34:29.5,30,Snacks,66,"Fast delivery, great service!",5,No,No
ORD012186,CUST2656,JioMart,19:29.5,34,Personal Care,268,"Very late delivery, not happy.",2,No,Yes
ORD012187,CUST7257,Blinkit,46:29.5,38,Beverages,442,Delivery person was rude.,2,No,Yes
ORD012188,CUST9398,JioMart,39:29.5,17,Fruits & Vegetables,93,"Easy to order, loved it!",5,No,No
ORD012194,CUST1366,Blinkit,34:29.5,27,Grocery,1148,Very satisfied with the service.,5,No,No
ORD012196,CUST5208,Blinkit,39:29.5,14,Grocery,521,"Fast delivery, great service!",5,No,No
ORD012199,CUST2907,JioMart,28:29.5,10,Dairy,375,Good quality products.,4,No,No
ORD012204,CUST9833,Swiggy Instamart,54:29.5,44,Grocery,908,"Very late delivery, not happy.",2,Yes,Yes
ORD012206,CUST1800,Blinkit,00:29.5,24,Snacks,390,Wrong item delivered.,1,No,Yes
ORD012208,CUST8748,Swiggy Instamart,05:29.5,37,Personal Care,479,"Very late delivery, not happy.",2,No,Yes
ORD012211,CUST5502,Blinkit,17:29.5,18,Beverages,983,Very satisfied with the service.,5,No,No
ORD012212,CUST4042,JioMart,57:29.5,38,Beverages,879,Wrong item delivered.,1,No,Yes
ORD012213,CUST5535,JioMart,46:29.5,23,Personal Care,1663,Packaging could be better.,3,No,No
ORD012214,CUST9217,Swiggy Instamart,10:29.5,34,Beverages,519,"Fast delivery, great service!",5,No,No
ORD012238,CUST8547,JioMart,41:29.5,9,Dairy,341,Good quality products.,4,No,No
ORD012239,CUST7893,Blinkit,37:29.5,34,Fruits & Vegetables,390,"Horrible experience, never ordering again.",1,No,Yes
ORD012240,CUST6386,Blinkit,18:29.5,34,Beverages,651,Quick and reliable!,5,No,No
ORD012244,CUST1205,Blinkit,20:29.5,31,Fruits & Vegetables,581,Delivery person was rude.,2,No,Yes
ORD012249,CUST8280,Swiggy Instamart,14:29.5,24,Fruits & Vegetables,683,Excellent experience!,5,No,No
ORD012250,CUST3486,Blinkit,47:29.5,12,Beverages,792,"Easy to order, loved it!",5,No,No
ORD012251,CUST8568,Blinkit,10:29.5,28,Fruits & Vegetables,68,"Very late delivery, not happy.",2,No,Yes
ORD012257,CUST5189,Blinkit,44:29.5,44,Personal Care,225,Quick and reliable!,5,Yes,No
ORD012264,CUST4400,Blinkit,32:29.5,26,Dairy,386,Wrong item delivered.,1,No,Yes
ORD012266,CUST7048,Swiggy Instamart,34:29.5,18,Grocery,668,Very satisfied with the service.,5,No,No
ORD012269,CUST6166,Swiggy Instamart,04:29.5,18,Dairy,267,Delivery person was rude.,2,No,Yes
ORD012274,CUST3731,Swiggy Instamart,31:29.5,39,Grocery,1171,Wrong item delivered.,1,No,Yes
ORD012276,CUST8070,Swiggy Instamart,19:29.5,27,Fruits & Vegetables,144,"Very late delivery, not happy.",2,No,Yes
ORD012280,CUST9040,Swiggy Instamart,30:29.5,29,Dairy,492,Delivery person was rude.,2,No,Yes
ORD012284,CUST3157,JioMart,01:29.5,41,Grocery,531,"Horrible experience, never ordering again.",1,Yes,Yes
ORD012289,CUST4576,Swiggy Instamart,31:29.5,34,Personal Care,1976,"Very late delivery, not happy.",2,No,Yes
ORD012290,CUST4462,Blinkit,37:29.5,14,Snacks,121,"Very late delivery, not happy.",2,No,Yes
ORD012291,CUST2812,JioMart,53:29.5,38,Fruits & Vegetables,673,"Horrible experience, never ordering again.",1,No,Yes
ORD012294,CUST3606,Swiggy Instamart,34:29.5,16,Grocery,1188,Wrong item delivered.,1,No,Yes
ORD012295,CUST7571,Swiggy Instamart,11:29.5,35,Dairy,716,Packaging could be better.,3,No,No
ORD012297,CUST6767,JioMart,19:29.5,33,Dairy,660,"Very late delivery, not happy.",2,No,Yes
ORD012298,CUST4567,Swiggy Instamart,48:29.5,22,Fruits & Vegetables,103,Wrong item delivered.,1,No,Yes
ORD012311,CUST9107,Swiggy Instamart,14:29.5,14,Grocery,643,"Not fresh, disappointed.",2,No,Yes
ORD012313,CUST5690,JioMart,30:29.5,29,Grocery,1229,"Very late delivery, not happy.",2,No,Yes
ORD012334,CUST2319,JioMart,45:29.5,38,Grocery,315,Delivery person was rude.,2,No,Yes
ORD012336,CUST1374,JioMart,36:29.5,30,Dairy,468,"Easy to order, loved it!",5,No,No
ORD012340,CUST8731,Swiggy Instamart,01:29.5,30,Grocery,1050,"Horrible experience, never ordering again.",1,No,Yes
ORD012341,CUST2490,Blinkit,19:29.5,23,Personal Care,237,Good quality products.,4,No,No
ORD012344,CUST7378,Blinkit,17:29.5,42,Dairy,142,Items missing from order.,2,Yes,Yes
ORD012346,CUST4162,Swiggy Instamart,37:29.5,36,Snacks,302,Good quality products.,4,No,No
ORD012354,CUST6287,Swiggy Instamart,06:29.5,28,Dairy,164,"Fast delivery, great service!",5,No,No
ORD012356,CUST5800,Blinkit,06:29.5,29,Personal Care,1413,"Very late delivery, not happy.",2,No,Yes
ORD012357,CUST2061,Swiggy Instamart,49:29.5,26,Fruits & Vegetables,512,Packaging could be better.,3,No,No
ORD012359,CUST4391,Blinkit,25:29.5,5,Fruits & Vegetables,652,Quick and reliable!,5,No,No
ORD012370,CUST3609,Swiggy Instamart,38:29.5,23,Beverages,924,Excellent experience!,5,No,No
ORD012374,CUST1112,JioMart,11:29.5,43,Personal Care,518,"Horrible experience, never ordering again.",1,Yes,Yes
ORD012380,CUST2152,Blinkit,13:29.5,32,Beverages,474,"Easy to order, loved it!",5,No,No
ORD012382,CUST5260,Blinkit,50:29.5,30,Beverages,575,Delivery person was rude.,2,No,Yes
ORD012383,CUST9803,Swiggy Instamart,35:29.5,23,Personal Care,1904,Delivery person was rude.,2,No,Yes
ORD012388,CUST8877,Swiggy Instamart,18:29.5,27,Grocery,1403,Items missing from order.,2,No,Yes
ORD012396,CUST8209,JioMart,29:29.5,54,Beverages,907,Very satisfied with the service.,5,Yes,No
ORD012402,CUST2831,Swiggy Instamart,08:29.5,28,Snacks,445,"Not fresh, disappointed.",2,No,Yes
ORD012405,CUST7764,JioMart,24:29.5,35,Personal Care,111,"Very late delivery, not happy.",2,No,Yes
ORD012410,CUST4442,Blinkit,10:29.5,31,Personal Care,1580,Delivery person was rude.,2,No,Yes
ORD012413,CUST6407,Blinkit,20:29.5,47,Personal Care,1168,Items missing from order.,2,Yes,Yes
ORD012415,CUST8507,Swiggy Instamart,57:29.5,22,Dairy,578,Items missing from order.,2,No,Yes
ORD012416,CUST9053,Blinkit,06:29.5,38,Grocery,1486,Wrong item delivered.,1,No,Yes
ORD012420,CUST5838,Swiggy Instamart,37:29.5,34,Grocery,1095,Items missing from order.,2,No,Yes
ORD012426,CUST1585,Swiggy Instamart,10:29.5,18,Grocery,704,"Easy to order, loved it!",5,No,No
ORD012442,CUST3530,Swiggy Instamart,02:29.5,55,Beverages,801,"Easy to order, loved it!",5,Yes,No
ORD012443,CUST3106,Swiggy Instamart,48:29.5,38,Personal Care,1514,Items missing from order.,2,No,Yes
ORD012445,CUST5789,Swiggy Instamart,38:29.5,25,Personal Care,746,Good quality products.,4,No,No
ORD012446,CUST7295,Blinkit,12:29.5,13,Dairy,462,Very satisfied with the service.,5,No,No
ORD012456,CUST9332,JioMart,56:29.5,20,Personal Care,100,Excellent experience!,5,No,No
ORD012460,CUST3791,Blinkit,31:29.5,39,Grocery,820,Delivery person was rude.,2,No,Yes
ORD012461,CUST6639,JioMart,06:29.5,28,Beverages,569,Delivery person was rude.,2,No,Yes
ORD012466,CUST7133,JioMart,55:29.5,34,Grocery,763,Wrong item delivered.,1,No,Yes
ORD012467,CUST7192,Blinkit,19:29.5,27,Dairy,639,Good quality products.,4,No,No
ORD012468,CUST8950,Swiggy Instamart,57:29.5,16,Fruits & Vegetables,107,"Very late delivery, not happy.",2,No,Yes
ORD012473,CUST8929,JioMart,04:29.5,29,Fruits & Vegetables,198,Items missing from order.,2,No,Yes
ORD012475,CUST1233,Blinkit,01:29.5,27,Snacks,264,"Fast delivery, great service!",5,No,No
ORD012477,CUST6609,Blinkit,10:29.5,33,Personal Care,1012,Items missing from order.,2,No,Yes
ORD012483,CUST5559,JioMart,39:29.5,31,Dairy,178,Delivery person was rude.,2,No,Yes
ORD012485,CUST4226,Swiggy Instamart,50:29.5,34,Personal Care,1679,"Easy to order, loved it!",5,No,No
ORD012488,CUST8525,Blinkit,23:29.5,38,Snacks,456,Delivery person was rude.,2,No,Yes
ORD012491,CUST4741,Swiggy Instamart,21:29.5,32,Personal Care,154,Very satisfied with the service.,5,No,No
ORD012496,CUST2619,Swiggy Instamart,01:29.5,25,Fruits & Vegetables,267,"Horrible experience, never ordering again.",1,No,Yes
ORD012497,CUST6398,Blinkit,25:29.5,29,Beverages,316,Good quality products.,4,No,No
ORD012503,CUST2301,Swiggy Instamart,22:29.5,25,Fruits & Vegetables,418,Excellent experience!,5,No,No
ORD012506,CUST9567,Blinkit,59:29.5,37,Dairy,519,Good quality products.,4,No,No
ORD012507,CUST5062,Blinkit,15:29.5,28,Grocery,1311,"Not fresh, disappointed.",2,No,Yes
ORD012509,CUST5195,Swiggy Instamart,57:29.5,39,Grocery,470,"Not fresh, disappointed.",2,No,Yes
ORD012511,CUST5015,Swiggy Instamart,02:29.5,31,Dairy,651,Items missing from order.,2,No,Yes
ORD012525,CUST4403,JioMart,39:29.5,38,Grocery,1170,"Very late delivery, not happy.",2,No,Yes
ORD012528,CUST8819,Blinkit,45:29.5,38,Dairy,459,"Easy to order, loved it!",5,No,No
ORD012532,CUST1836,Swiggy Instamart,13:29.5,33,Beverages,712,"Horrible experience, never ordering again.",1,No,Yes
ORD012539,CUST2366,JioMart,08:29.5,17,Grocery,1400,"Fast delivery, great service!",5,No,No
ORD012550,CUST8252,Blinkit,09:29.5,39,Grocery,805,"Very late delivery, not happy.",2,No,Yes
ORD012551,CUST4191,Blinkit,26:29.5,27,Personal Care,810,Packaging could be better.,3,No,No
ORD012552,CUST8475,JioMart,38:29.5,19,Snacks,478,"Easy to order, loved it!",5,No,No
ORD012554,CUST5124,Swiggy Instamart,11:29.5,39,Fruits & Vegetables,105,Excellent experience!,5,No,No
ORD012556,CUST5435,Swiggy Instamart,55:29.5,24,Snacks,119,"Horrible experience, never ordering again.",1,No,Yes
ORD012558,CUST3892,Swiggy Instamart,23:29.5,20,Fruits & Vegetables,683,Items missing from order.,2,No,Yes
ORD012562,CUST9424,Swiggy Instamart,36:29.5,17,Beverages,611,"Not fresh, disappointed.",2,No,Yes
ORD012565,CUST5328,JioMart,45:29.5,27,Personal Care,1342,Packaging could be better.,3,No,No
ORD012568,CUST6589,Blinkit,38:29.5,41,Beverages,317,"Not fresh, disappointed.",2,Yes,Yes
ORD012570,CUST9242,Swiggy Instamart,41:29.5,41,Personal Care,1170,Packaging could be better.,3,Yes,No
ORD012571,CUST6059,JioMart,38:29.5,25,Personal Care,460,"Fast delivery, great service!",5,No,No
ORD012573,CUST2826,JioMart,13:29.5,24,Personal Care,1286,Wrong item delivered.,1,No,Yes
ORD012577,CUST6229,Blinkit,40:29.5,38,Personal Care,438,Very satisfied with the service.,5,No,No
ORD012580,CUST9122,Swiggy Instamart,36:29.5,13,Dairy,366,Good quality products.,4,No,No
ORD012583,CUST2074,Blinkit,02:29.5,30,Beverages,814,Delivery person was rude.,2,No,Yes
ORD012587,CUST8261,Swiggy Instamart,06:29.5,30,Grocery,578,Quick and reliable!,5,No,No
ORD012593,CUST4797,Blinkit,17:29.5,18,Personal Care,853,Very satisfied with the service.,5,No,No
ORD012595,CUST6033,Swiggy Instamart,38:29.5,54,Personal Care,1858,Good quality products.,4,Yes,No
ORD012606,CUST3562,Blinkit,57:29.5,36,Snacks,89,Items missing from order.,2,No,Yes
ORD012611,CUST3574,Blinkit,13:29.5,34,Snacks,453,"Very late delivery, not happy.",2,No,Yes
ORD012612,CUST6335,Blinkit,18:29.5,38,Beverages,774,"Not fresh, disappointed.",2,No,Yes
ORD012619,CUST8732,Swiggy Instamart,02:29.5,46,Dairy,194,"Very late delivery, not happy.",2,Yes,Yes
ORD012622,CUST3375,Swiggy Instamart,31:29.5,28,Grocery,993,Packaging could be better.,3,No,No
ORD012623,CUST6017,JioMart,49:29.5,23,Beverages,759,Packaging could be better.,3,No,No
ORD012642,CUST4417,Blinkit,10:29.5,32,Dairy,767,"Not fresh, disappointed.",2,No,Yes
ORD012644,CUST5829,JioMart,04:29.5,44,Snacks,194,Delivery person was rude.,2,Yes,Yes
ORD012653,CUST9240,Blinkit,06:29.5,21,Dairy,135,Good quality products.,4,No,No
ORD012659,CUST3628,Blinkit,53:29.5,41,Dairy,671,Packaging could be better.,3,Yes,No
ORD012660,CUST6332,Swiggy Instamart,27:29.5,35,Fruits & Vegetables,176,Packaging could be better.,3,No,No
ORD012665,CUST8979,JioMart,20:29.5,15,Snacks,456,Packaging could be better.,3,No,No
ORD012673,CUST5522,JioMart,39:29.5,36,Personal Care,531,"Horrible experience, never ordering again.",1,No,Yes
ORD012675,CUST7053,JioMart,28:29.5,8,Grocery,315,"Not fresh, disappointed.",2,No,Yes
ORD012679,CUST8730,JioMart,03:29.5,31,Grocery,1331,Excellent experience!,5,No,No
ORD012685,CUST3464,Swiggy Instamart,24:29.5,33,Dairy,559,Excellent experience!,5,No,No
ORD012688,CUST2441,JioMart,13:29.5,28,Fruits & Vegetables,645,Very satisfied with the service.,5,No,No
ORD012689,CUST8180,Swiggy Instamart,50:29.5,24,Fruits & Vegetables,560,Wrong item delivered.,1,No,Yes
ORD012695,CUST5774,Blinkit,17:29.5,28,Snacks,229,Excellent experience!,5,No,No
ORD012698,CUST2114,JioMart,00:29.5,20,Personal Care,658,Delivery person was rude.,2,No,Yes
ORD012704,CUST6263,JioMart,01:29.5,18,Dairy,462,Delivery person was rude.,2,No,Yes
ORD012706,CUST4730,JioMart,37:29.5,28,Grocery,519,Excellent experience!,5,No,No
ORD012707,CUST8549,JioMart,48:29.5,56,Beverages,112,"Horrible experience, never ordering again.",1,Yes,Yes
ORD012715,CUST2952,Blinkit,22:29.5,33,Dairy,567,Packaging could be better.,3,No,No
ORD012721,CUST9657,Blinkit,14:29.5,29,Dairy,768,"Very late delivery, not happy.",2,No,Yes
ORD012729,CUST6358,Blinkit,52:29.5,22,Grocery,903,Excellent experience!,5,No,No
ORD012736,CUST2509,Blinkit,23:29.5,29,Dairy,259,Packaging could be better.,3,No,No
ORD012738,CUST9712,Blinkit,30:29.5,37,Beverages,230,Excellent experience!,5,No,No
ORD012740,CUST9413,Blinkit,54:29.5,45,Dairy,484,Quick and reliable!,5,Yes,No
ORD012744,CUST2197,JioMart,01:29.5,30,Snacks,475,Items missing from order.,2,No,Yes
ORD012747,CUST8630,Blinkit,51:29.5,28,Snacks,168,Excellent experience!,5,No,No
ORD012749,CUST3493,JioMart,50:29.5,24,Snacks,297,Good quality products.,4,No,No
ORD012752,CUST3976,JioMart,09:29.5,34,Grocery,682,"Easy to order, loved it!",5,No,No
ORD012756,CUST8084,Swiggy Instamart,32:29.5,18,Dairy,682,Very satisfied with the service.,5,No,No
ORD012758,CUST7577,JioMart,31:29.5,32,Dairy,468,"Horrible experience, never ordering again.",1,No,Yes
ORD012762,CUST1309,Swiggy Instamart,05:29.5,44,Dairy,308,Items missing from order.,2,Yes,Yes
ORD012768,CUST5241,Blinkit,52:29.5,37,Beverages,852,Wrong item delivered.,1,No,Yes
ORD012770,CUST6351,Blinkit,51:29.5,30,Grocery,664,Items missing from order.,2,No,Yes
ORD012783,CUST9739,Blinkit,36:29.5,27,Fruits & Vegetables,76,Packaging could be better.,3,No,No
ORD012786,CUST9848,Swiggy Instamart,34:29.5,19,Snacks,282,"Fast delivery, great service!",5,No,No
ORD012789,CUST6365,Swiggy Instamart,57:29.5,47,Beverages,949,Quick and reliable!,5,Yes,No
ORD012806,CUST1416,Blinkit,17:29.5,46,Snacks,143,"Easy to order, loved it!",5,Yes,No
ORD012816,CUST7234,JioMart,06:29.5,36,Snacks,140,"Very late delivery, not happy.",2,No,Yes
ORD012822,CUST2993,Blinkit,48:29.5,32,Fruits & Vegetables,570,Items missing from order.,2,No,Yes
ORD012827,CUST6871,Blinkit,35:29.5,33,Snacks,362,"Fast delivery, great service!",5,No,No
ORD012834,CUST6895,JioMart,48:29.5,50,Grocery,1375,Quick and reliable!,5,Yes,No
ORD012838,CUST2834,JioMart,13:29.5,20,Grocery,1461,"Easy to order, loved it!",5,No,No
ORD012843,CUST7881,JioMart,33:29.5,33,Personal Care,1828,Good quality products.,4,No,No
ORD012848,CUST6078,JioMart,20:29.5,15,Personal Care,614,"Easy to order, loved it!",5,No,No
ORD012851,CUST5926,Blinkit,00:29.5,20,Grocery,238,"Horrible experience, never ordering again.",1,No,Yes
ORD012853,CUST2383,JioMart,50:29.5,37,Grocery,740,Items missing from order.,2,No,Yes
ORD012854,CUST7384,Blinkit,37:29.5,30,Snacks,350,Quick and reliable!,5,No,No
ORD012856,CUST1259,Blinkit,37:29.5,20,Snacks,469,"Fast delivery, great service!",5,No,No
ORD012859,CUST1743,Blinkit,23:29.5,24,Dairy,547,Excellent experience!,5,No,No
ORD012860,CUST3305,Swiggy Instamart,03:29.5,33,Grocery,261,"Not fresh, disappointed.",2,No,Yes
ORD012862,CUST3905,JioMart,41:29.5,26,Dairy,767,"Easy to order, loved it!",5,No,No
ORD012869,CUST1638,JioMart,56:29.5,42,Fruits & Vegetables,553,"Not fresh, disappointed.",2,Yes,Yes
ORD012870,CUST2002,Blinkit,54:29.5,21,Snacks,407,"Not fresh, disappointed.",2,No,Yes
ORD012877,CUST3824,Swiggy Instamart,39:29.5,26,Dairy,471,"Very late delivery, not happy.",2,No,Yes
ORD012878,CUST3861,Swiggy Instamart,51:29.5,31,Dairy,626,"Fast delivery, great service!",5,No,No
ORD012879,CUST9496,JioMart,36:29.5,32,Fruits & Vegetables,589,Packaging could be better.,3,No,No
ORD012889,CUST7613,Blinkit,19:29.5,18,Dairy,631,"Very late delivery, not happy.",2,No,Yes
ORD012898,CUST1560,JioMart,13:29.5,29,Fruits & Vegetables,319,"Fast delivery, great service!",5,No,No
ORD012900,CUST7679,Blinkit,32:29.5,37,Snacks,406,"Not fresh, disappointed.",2,No,Yes
ORD012902,CUST9838,Swiggy Instamart,42:29.5,13,Grocery,1169,Packaging could be better.,3,No,No
ORD012903,CUST7177,Swiggy Instamart,46:29.5,35,Fruits & Vegetables,270,Excellent experience!,5,No,No
ORD012913,CUST2086,Swiggy Instamart,05:29.5,27,Grocery,1135,"Horrible experience, never ordering again.",1,No,Yes
ORD012920,CUST3202,Blinkit,42:29.5,14,Personal Care,1166,Items missing from order.,2,No,Yes
ORD012927,CUST6290,Swiggy Instamart,33:29.5,20,Beverages,299,"Easy to order, loved it!",5,No,No
ORD012930,CUST2579,Blinkit,56:29.5,18,Beverages,165,Good quality products.,4,No,No
ORD012931,CUST8828,JioMart,02:29.5,12,Personal Care,1728,Excellent experience!,5,No,No
ORD012933,CUST4215,JioMart,35:29.5,25,Grocery,1018,"Not fresh, disappointed.",2,No,Yes
ORD012940,CUST2346,Blinkit,54:29.5,33,Grocery,1030,Very satisfied with the service.,5,No,No
ORD012941,CUST2553,JioMart,52:29.5,34,Dairy,319,Delivery person was rude.,2,No,Yes
ORD012958,CUST7140,Blinkit,20:29.5,43,Grocery,214,Wrong item delivered.,1,Yes,Yes
ORD012959,CUST3379,Swiggy Instamart,57:29.5,32,Grocery,583,"Easy to order, loved it!",5,No,No
ORD012965,CUST1234,Blinkit,08:29.5,41,Fruits & Vegetables,606,"Very late delivery, not happy.",2,Yes,Yes
ORD012966,CUST3342,JioMart,46:29.5,37,Beverages,201,"Very late delivery, not happy.",2,No,Yes
ORD012968,CUST4896,Blinkit,32:29.5,57,Beverages,897,Wrong item delivered.,1,Yes,Yes
ORD012969,CUST3652,Blinkit,09:29.5,40,Dairy,338,Excellent experience!,5,No,No
ORD012971,CUST6284,Swiggy Instamart,57:29.5,37,Beverages,298,"Fast delivery, great service!",5,No,No
ORD012972,CUST1191,Swiggy Instamart,29:29.5,26,Grocery,438,Packaging could be better.,3,No,No
ORD012974,CUST8927,Swiggy Instamart,31:29.5,25,Fruits & Vegetables,282,"Easy to order, loved it!",5,No,No
ORD012978,CUST8407,JioMart,59:29.5,33,Snacks,138,Wrong item delivered.,1,No,Yes
ORD012986,CUST9429,Blinkit,27:29.5,29,Snacks,382,Wrong item delivered.,1,No,Yes
ORD012988,CUST6525,JioMart,55:29.5,27,Snacks,73,Delivery person was rude.,2,No,Yes
ORD012992,CUST8984,Blinkit,59:29.5,25,Snacks,156,"Not fresh, disappointed.",2,No,Yes
ORD012993,CUST9993,Swiggy Instamart,43:29.5,45,Personal Care,843,Delivery person was rude.,2,Yes,Yes
ORD012999,CUST2034,Swiggy Instamart,41:29.5,24,Fruits & Vegetables,336,"Horrible experience, never ordering again.",1,No,Yes
ORD013000,CUST6987,Blinkit,28:29.5,30,Grocery,1259,"Not fresh, disappointed.",2,No,Yes
ORD013001,CUST7988,Blinkit,01:29.5,30,Fruits & Vegetables,486,"Fast delivery, great service!",5,No,No
ORD013007,CUST8494,JioMart,26:29.5,50,Grocery,376,"Not fresh, disappointed.",2,Yes,Yes
ORD013013,CUST6030,JioMart,19:29.5,45,Dairy,295,Items missing from order.,2,Yes,Yes
ORD013015,CUST8146,JioMart,17:29.5,30,Beverages,265,Good quality products.,4,No,No
ORD013018,CUST3991,Blinkit,09:29.5,50,Grocery,983,"Horrible experience, never ordering again.",1,Yes,Yes
ORD013023,CUST4634,Blinkit,23:29.5,41,Snacks,340,Quick and reliable!,5,Yes,No
ORD013027,CUST9611,Blinkit,24:29.5,18,Dairy,550,Good quality products.,4,No,No
ORD013033,CUST6941,Swiggy Instamart,22:29.5,27,Beverages,909,Packaging could be better.,3,No,No
ORD013035,CUST4775,Blinkit,00:29.5,28,Personal Care,1152,Items missing from order.,2,No,Yes
ORD013043,CUST3491,Swiggy Instamart,45:29.5,41,Snacks,121,Very satisfied with the service.,5,Yes,No
ORD013047,CUST5561,JioMart,13:29.5,22,Dairy,155,Items missing from order.,2,No,Yes
ORD013050,CUST5857,JioMart,44:29.5,18,Dairy,332,Quick and reliable!,5,No,No
ORD013051,CUST7386,Swiggy Instamart,23:29.5,30,Dairy,207,Wrong item delivered.,1,No,Yes
ORD013055,CUST8667,JioMart,37:29.5,24,Snacks,472,"Horrible experience, never ordering again.",1,No,Yes
ORD013059,CUST1005,Swiggy Instamart,23:29.5,29,Beverages,306,"Very late delivery, not happy.",2,No,Yes
ORD013063,CUST4420,Swiggy Instamart,32:29.5,28,Beverages,341,Very satisfied with the service.,5,No,No
ORD013064,CUST2094,JioMart,35:29.5,30,Snacks,439,"Not fresh, disappointed.",2,No,Yes
ORD013065,CUST1970,JioMart,27:29.5,29,Snacks,184,Items missing from order.,2,No,Yes
ORD013072,CUST7410,Blinkit,31:29.5,24,Snacks,165,"Very late delivery, not happy.",2,No,Yes
ORD013073,CUST3612,JioMart,53:29.5,24,Grocery,535,Very satisfied with the service.,5,No,No
ORD013076,CUST4168,JioMart,14:29.5,37,Dairy,737,"Fast delivery, great service!",5,No,No
ORD013079,CUST2155,Blinkit,41:29.5,28,Beverages,957,"Very late delivery, not happy.",2,No,Yes
ORD013102,CUST9867,Blinkit,52:29.5,38,Beverages,882,Packaging could be better.,3,No,No
ORD013108,CUST1671,Swiggy Instamart,06:29.5,37,Dairy,173,Very satisfied with the service.,5,No,No
ORD013113,CUST7978,Swiggy Instamart,34:29.5,36,Snacks,232,Packaging could be better.,3,No,No
ORD013115,CUST8983,JioMart,20:29.5,34,Personal Care,601,"Horrible experience, never ordering again.",1,No,Yes
ORD013120,CUST2451,Blinkit,34:29.5,24,Fruits & Vegetables,295,"Fast delivery, great service!",5,No,No
ORD013122,CUST4953,Swiggy Instamart,17:29.5,43,Fruits & Vegetables,331,Excellent experience!,5,Yes,No
ORD013123,CUST9102,JioMart,40:29.5,32,Fruits & Vegetables,329,Items missing from order.,2,No,Yes
ORD013124,CUST8085,JioMart,44:29.5,39,Snacks,102,"Very late delivery, not happy.",2,No,Yes
ORD013142,CUST4627,Swiggy Instamart,12:29.5,23,Snacks,275,Delivery person was rude.,2,No,Yes
ORD013153,CUST2555,JioMart,12:29.5,31,Dairy,132,Good quality products.,4,No,No
ORD013164,CUST1610,Blinkit,28:29.5,33,Dairy,626,"Very late delivery, not happy.",2,No,Yes
ORD013169,CUST3961,Swiggy Instamart,23:29.5,40,Fruits & Vegetables,600,Packaging could be better.,3,No,No
ORD013170,CUST1395,Blinkit,45:29.5,25,Grocery,689,Very satisfied with the service.,5,No,No
ORD013171,CUST6389,Swiggy Instamart,37:29.5,15,Grocery,687,"Very late delivery, not happy.",2,No,Yes
ORD013172,CUST2618,JioMart,46:29.5,13,Grocery,1126,Wrong item delivered.,1,No,Yes
ORD013174,CUST7752,Swiggy Instamart,37:29.5,32,Beverages,703,"Fast delivery, great service!",5,No,No
ORD013176,CUST8481,Swiggy Instamart,10:29.5,30,Dairy,464,Good quality products.,4,No,No
ORD013180,CUST6773,JioMart,19:29.5,26,Fruits & Vegetables,274,Very satisfied with the service.,5,No,No
ORD013187,CUST5311,Swiggy Instamart,15:29.5,38,Personal Care,1006,"Horrible experience, never ordering again.",1,No,Yes
ORD013192,CUST7575,Blinkit,14:29.5,14,Grocery,1232,"Very late delivery, not happy.",2,No,Yes
ORD013194,CUST3818,Blinkit,35:29.5,36,Personal Care,1011,Items missing from order.,2,No,Yes
ORD013201,CUST6186,JioMart,32:29.5,29,Fruits & Vegetables,389,"Not fresh, disappointed.",2,No,Yes
ORD013207,CUST9146,Blinkit,56:29.5,23,Beverages,624,"Easy to order, loved it!",5,No,No
ORD013227,CUST3914,Blinkit,09:29.5,14,Personal Care,1083,Delivery person was rude.,2,No,Yes
ORD013229,CUST2244,Swiggy Instamart,22:29.5,44,Personal Care,500,Excellent experience!,5,Yes,No
ORD013233,CUST7629,Swiggy Instamart,34:29.5,42,Beverages,782,Items missing from order.,2,Yes,Yes
ORD013235,CUST3388,JioMart,36:29.5,26,Personal Care,849,Good quality products.,4,No,No
ORD013237,CUST9729,Blinkit,41:29.5,26,Grocery,896,"Not fresh, disappointed.",2,No,Yes
ORD013238,CUST6796,Swiggy Instamart,37:29.5,39,Dairy,160,Excellent experience!,5,No,No
ORD013240,CUST3179,Blinkit,46:29.5,42,Fruits & Vegetables,404,"Fast delivery, great service!",5,Yes,No
ORD013243,CUST5815,JioMart,34:29.5,41,Snacks,336,"Easy to order, loved it!",5,Yes,No
ORD013245,CUST6305,Swiggy Instamart,48:29.5,32,Snacks,240,Excellent experience!,5,No,No
ORD013254,CUST9101,JioMart,07:29.5,25,Grocery,521,"Not fresh, disappointed.",2,No,Yes
ORD013263,CUST5862,JioMart,32:29.5,17,Beverages,304,Very satisfied with the service.,5,No,No
ORD013275,CUST5284,Swiggy Instamart,21:29.5,36,Snacks,160,Delivery person was rude.,2,No,Yes
ORD013277,CUST5318,Blinkit,15:29.5,55,Dairy,407,Wrong item delivered.,1,Yes,Yes
ORD013280,CUST6972,Swiggy Instamart,38:29.5,20,Dairy,489,"Very late delivery, not happy.",2,No,Yes
ORD013283,CUST9853,JioMart,01:29.5,28,Fruits & Vegetables,410,Items missing from order.,2,No,Yes
ORD013287,CUST6270,Blinkit,38:29.5,35,Grocery,692,Good quality products.,4,No,No
ORD013288,CUST5045,Blinkit,32:29.5,38,Beverages,660,Items missing from order.,2,No,Yes
ORD013291,CUST2583,Blinkit,14:29.5,20,Dairy,119,"Fast delivery, great service!",5,No,No
ORD013294,CUST9771,Swiggy Instamart,49:29.5,36,Beverages,469,Excellent experience!,5,No,No
ORD013297,CUST4732,Blinkit,22:29.5,13,Personal Care,1213,Packaging could be better.,3,No,No
ORD013300,CUST8623,Blinkit,28:29.5,37,Snacks,179,"Very late delivery, not happy.",2,No,Yes
ORD013304,CUST8174,Swiggy Instamart,39:29.5,17,Snacks,337,"Very late delivery, not happy.",2,No,Yes
ORD013313,CUST8809,Blinkit,25:29.5,35,Fruits & Vegetables,91,Good quality products.,4,No,No
ORD013320,CUST1451,JioMart,15:29.5,28,Snacks,483,Packaging could be better.,3,No,No
ORD013327,CUST6076,Swiggy Instamart,20:29.5,30,Personal Care,1450,Packaging could be better.,3,No,No
ORD013331,CUST4810,JioMart,35:29.5,32,Beverages,340,Good quality products.,4,No,No
ORD013338,CUST1867,JioMart,49:29.5,23,Beverages,435,"Fast delivery, great service!",5,No,No
ORD013342,CUST2042,Blinkit,10:29.5,12,Grocery,1262,Excellent experience!,5,No,No
ORD013343,CUST9679,JioMart,51:29.5,50,Grocery,560,"Fast delivery, great service!",5,Yes,No
ORD013352,CUST2957,JioMart,41:29.5,30,Beverages,655,Delivery person was rude.,2,No,Yes
ORD013353,CUST6436,Swiggy Instamart,52:29.5,31,Dairy,783,Very satisfied with the service.,5,No,No
ORD013355,CUST2542,JioMart,35:29.5,24,Dairy,202,Quick and reliable!,5,No,No
ORD013356,CUST7611,JioMart,05:29.5,26,Grocery,1276,Quick and reliable!,5,No,No
ORD013363,CUST3998,Blinkit,59:29.5,23,Snacks,253,Good quality products.,4,No,No
ORD013372,CUST4023,Swiggy Instamart,15:29.5,32,Grocery,908,"Very late delivery, not happy.",2,No,Yes
ORD013373,CUST5268,Swiggy Instamart,27:29.5,29,Grocery,716,Delivery person was rude.,2,No,Yes
ORD013375,CUST4286,JioMart,07:29.5,21,Dairy,105,"Not fresh, disappointed.",2,No,Yes
ORD013381,CUST2540,Blinkit,19:29.5,18,Snacks,195,"Not fresh, disappointed.",2,No,Yes
ORD013382,CUST9583,JioMart,07:29.5,30,Snacks,117,"Easy to order, loved it!",5,No,No
ORD013388,CUST2564,Swiggy Instamart,19:29.5,29,Grocery,625,Packaging could be better.,3,No,No
ORD013389,CUST3760,JioMart,16:29.5,23,Fruits & Vegetables,653,Items missing from order.,2,No,Yes
ORD013390,CUST1028,Swiggy Instamart,24:29.5,38,Personal Care,1913,"Fast delivery, great service!",5,No,No
ORD013399,CUST2136,Swiggy Instamart,40:29.5,41,Grocery,1028,Packaging could be better.,3,Yes,No
ORD013402,CUST9162,Swiggy Instamart,10:29.5,40,Beverages,653,"Fast delivery, great service!",5,No,No
ORD013403,CUST3978,Swiggy Instamart,08:29.5,25,Personal Care,118,"Horrible experience, never ordering again.",1,No,Yes
ORD013404,CUST9768,Swiggy Instamart,35:29.5,32,Dairy,577,Quick and reliable!,5,No,No
ORD013405,CUST4577,Swiggy Instamart,37:29.5,37,Dairy,415,Packaging could be better.,3,No,No
ORD013416,CUST1497,Blinkit,22:29.5,32,Personal Care,1699,Quick and reliable!,5,No,No
ORD013430,CUST3543,Blinkit,07:29.5,35,Snacks,282,Delivery person was rude.,2,No,Yes
ORD013435,CUST8338,Swiggy Instamart,41:29.5,22,Personal Care,752,Items missing from order.,2,No,Yes
ORD013436,CUST2906,Swiggy Instamart,51:29.5,32,Fruits & Vegetables,508,Very satisfied with the service.,5,No,No
ORD013451,CUST9517,Blinkit,39:29.5,50,Snacks,302,"Easy to order, loved it!",5,Yes,No
ORD013453,CUST6251,Blinkit,45:29.5,27,Fruits & Vegetables,614,"Very late delivery, not happy.",2,No,Yes
ORD013454,CUST9639,Swiggy Instamart,22:29.5,17,Beverages,175,Items missing from order.,2,No,Yes
ORD013456,CUST9547,Swiggy Instamart,23:29.5,45,Personal Care,858,Excellent experience!,5,Yes,No
ORD013460,CUST5629,JioMart,47:29.5,20,Grocery,1261,Quick and reliable!,5,No,No
ORD013472,CUST1390,JioMart,15:29.5,38,Beverages,678,Good quality products.,4,No,No
ORD013473,CUST9048,JioMart,54:29.5,47,Snacks,327,"Horrible experience, never ordering again.",1,Yes,Yes
ORD013476,CUST8931,JioMart,27:29.5,35,Grocery,995,Packaging could be better.,3,No,No
ORD013479,CUST9152,Blinkit,28:29.5,31,Fruits & Vegetables,575,"Not fresh, disappointed.",2,No,Yes
ORD013481,CUST1903,Blinkit,13:29.5,37,Beverages,496,Good quality products.,4,No,No
ORD013482,CUST9643,Blinkit,04:29.5,28,Dairy,275,"Very late delivery, not happy.",2,No,Yes
ORD013483,CUST1682,Blinkit,12:29.5,30,Personal Care,1555,Very satisfied with the service.,5,No,No
ORD013488,CUST3840,JioMart,20:29.5,11,Snacks,124,"Not fresh, disappointed.",2,No,Yes
ORD013493,CUST1773,Blinkit,07:29.5,35,Beverages,986,"Horrible experience, never ordering again.",1,No,Yes
ORD013495,CUST7306,Swiggy Instamart,14:29.5,35,Personal Care,1793,Packaging could be better.,3,No,No
ORD013501,CUST9329,JioMart,15:29.5,21,Dairy,371,Quick and reliable!,5,No,No
ORD013507,CUST4514,JioMart,39:29.5,14,Beverages,132,Items missing from order.,2,No,Yes
ORD013520,CUST4375,JioMart,51:29.5,37,Fruits & Vegetables,648,Wrong item delivered.,1,No,Yes
ORD013521,CUST2905,JioMart,33:29.5,34,Beverages,751,Good quality products.,4,No,No
ORD013529,CUST7091,Swiggy Instamart,10:29.5,26,Grocery,647,Good quality products.,4,No,No
ORD013530,CUST7585,JioMart,46:29.5,31,Fruits & Vegetables,659,Packaging could be better.,3,No,No
ORD013531,CUST1733,Blinkit,08:29.5,37,Dairy,134,"Fast delivery, great service!",5,No,No
ORD013536,CUST7927,Swiggy Instamart,19:29.5,26,Snacks,464,"Easy to order, loved it!",5,No,No
ORD013538,CUST4356,Blinkit,31:29.5,44,Fruits & Vegetables,343,Packaging could be better.,3,Yes,No
ORD013541,CUST1167,JioMart,05:29.5,25,Personal Care,109,Excellent experience!,5,No,No
ORD013543,CUST7777,JioMart,36:29.5,42,Snacks,303,"Fast delivery, great service!",5,Yes,No
ORD013547,CUST8998,Blinkit,08:29.5,32,Snacks,139,Items missing from order.,2,No,Yes
ORD013548,CUST5152,Blinkit,55:29.5,18,Dairy,468,Excellent experience!,5,No,No
ORD013552,CUST8358,Blinkit,52:29.5,25,Snacks,371,"Fast delivery, great service!",5,No,No
ORD013554,CUST4653,JioMart,08:29.5,47,Dairy,681,Very satisfied with the service.,5,Yes,No
ORD013557,CUST2888,Swiggy Instamart,22:29.5,36,Beverages,187,Excellent experience!,5,No,No
ORD013558,CUST3603,Blinkit,39:29.5,25,Grocery,279,Delivery person was rude.,2,No,Yes
ORD013560,CUST2089,Swiggy Instamart,47:29.5,27,Personal Care,1404,"Easy to order, loved it!",5,No,No
ORD013565,CUST5202,JioMart,44:29.5,21,Fruits & Vegetables,620,"Very late delivery, not happy.",2,No,Yes
ORD013572,CUST2777,Swiggy Instamart,49:29.5,5,Dairy,409,Good quality products.,4,No,No
ORD013582,CUST8683,JioMart,56:29.5,30,Dairy,273,"Easy to order, loved it!",5,No,No
ORD013585,CUST2825,Swiggy Instamart,04:29.5,44,Snacks,408,Quick and reliable!,5,Yes,No
ORD013586,CUST4746,Blinkit,14:29.5,14,Snacks,354,Delivery person was rude.,2,No,Yes
ORD013587,CUST1623,Swiggy Instamart,52:29.5,25,Fruits & Vegetables,393,"Fast delivery, great service!",5,No,No
ORD013593,CUST8142,Blinkit,56:29.5,39,Dairy,792,"Very late delivery, not happy.",2,No,Yes
ORD013599,CUST9251,Blinkit,40:29.5,25,Personal Care,685,Very satisfied with the service.,5,No,No
ORD013601,CUST4447,Swiggy Instamart,59:29.5,33,Dairy,191,"Not fresh, disappointed.",2,No,Yes
ORD013602,CUST6208,Swiggy Instamart,14:29.5,29,Fruits & Vegetables,196,Packaging could be better.,3,No,No
ORD013607,CUST5109,Swiggy Instamart,58:29.5,11,Snacks,312,Packaging could be better.,3,No,No
ORD013621,CUST4184,Swiggy Instamart,16:29.5,45,Dairy,622,Very satisfied with the service.,5,Yes,No
ORD013625,CUST8217,JioMart,01:29.5,22,Grocery,1025,Very satisfied with the service.,5,No,No
ORD013634,CUST1929,JioMart,21:29.5,29,Personal Care,739,Good quality products.,4,No,No
ORD013636,CUST2067,JioMart,00:29.5,24,Grocery,673,Excellent experience!,5,No,No
ORD013640,CUST1286,Blinkit,19:29.5,12,Personal Care,1068,"Fast delivery, great service!",5,No,No
ORD013644,CUST1629,JioMart,39:29.5,23,Dairy,600,"Not fresh, disappointed.",2,No,Yes
ORD013645,CUST3350,JioMart,11:29.5,51,Beverages,335,Packaging could be better.,3,Yes,No
ORD013649,CUST7245,JioMart,56:29.5,35,Grocery,1427,"Not fresh, disappointed.",2,No,Yes
ORD013651,CUST1957,Blinkit,26:29.5,44,Dairy,416,Items missing from order.,2,Yes,Yes
ORD013655,CUST1576,Blinkit,10:29.5,22,Dairy,561,"Not fresh, disappointed.",2,No,Yes
ORD013669,CUST8850,Swiggy Instamart,18:29.5,19,Snacks,114,"Very late delivery, not happy.",2,No,Yes
ORD013671,CUST8441,Swiggy Instamart,32:29.5,27,Snacks,265,"Easy to order, loved it!",5,No,No
ORD013674,CUST4667,Blinkit,29:29.5,36,Dairy,791,"Fast delivery, great service!",5,No,No
ORD013677,CUST3856,JioMart,06:29.5,42,Personal Care,1467,Quick and reliable!,5,Yes,No
ORD013679,CUST5214,Swiggy Instamart,53:29.5,29,Beverages,151,Delivery person was rude.,2,No,Yes
ORD013681,CUST7030,Swiggy Instamart,56:29.5,39,Dairy,452,"Not fresh, disappointed.",2,No,Yes
ORD013684,CUST5912,JioMart,11:29.5,33,Dairy,312,Items missing from order.,2,No,Yes
ORD013687,CUST8535,Swiggy Instamart,49:29.5,19,Fruits & Vegetables,508,"Very late delivery, not happy.",2,No,Yes
ORD013690,CUST4718,Blinkit,15:29.5,32,Fruits & Vegetables,67,Quick and reliable!,5,No,No
ORD013699,CUST8410,JioMart,41:29.5,41,Dairy,191,Very satisfied with the service.,5,Yes,No
ORD013707,CUST3180,JioMart,38:29.5,34,Personal Care,1939,"Easy to order, loved it!",5,No,No
ORD013708,CUST9682,JioMart,02:29.5,35,Fruits & Vegetables,415,Packaging could be better.,3,No,No
ORD013710,CUST5030,Blinkit,28:29.5,13,Grocery,566,"Easy to order, loved it!",5,No,No
ORD013712,CUST4128,Swiggy Instamart,30:29.5,13,Beverages,209,"Easy to order, loved it!",5,No,No
ORD013720,CUST4498,Swiggy Instamart,35:29.5,52,Snacks,265,Very satisfied with the service.,5,Yes,No
ORD013732,CUST6532,JioMart,22:29.5,25,Snacks,187,Very satisfied with the service.,5,No,No
ORD013735,CUST9478,Swiggy Instamart,09:29.5,44,Grocery,899,"Fast delivery, great service!",5,Yes,No
ORD013742,CUST3823,Blinkit,40:29.5,20,Personal Care,1888,Packaging could be better.,3,No,No
ORD013745,CUST7584,Blinkit,18:29.5,40,Grocery,407,Wrong item delivered.,1,No,Yes
ORD013746,CUST4240,Swiggy Instamart,03:29.5,37,Dairy,784,Excellent experience!,5,No,No
ORD013750,CUST8677,Blinkit,22:29.5,42,Personal Care,1033,Very satisfied with the service.,5,Yes,No
ORD013757,CUST2590,Swiggy Instamart,53:29.5,13,Personal Care,744,Delivery person was rude.,2,No,Yes
ORD013761,CUST1142,Blinkit,28:29.5,5,Beverages,950,"Horrible experience, never ordering again.",1,No,Yes
ORD013764,CUST2473,Swiggy Instamart,19:29.5,27,Beverages,285,Very satisfied with the service.,5,No,No
ORD013766,CUST6844,Blinkit,28:29.5,33,Snacks,290,"Easy to order, loved it!",5,No,No
ORD013775,CUST8783,JioMart,58:29.5,32,Fruits & Vegetables,412,Wrong item delivered.,1,No,Yes
ORD013776,CUST6547,Swiggy Instamart,06:29.5,51,Fruits & Vegetables,377,"Very late delivery, not happy.",2,Yes,Yes
ORD013780,CUST2662,Swiggy Instamart,05:29.5,48,Snacks,441,"Horrible experience, never ordering again.",1,Yes,Yes
ORD013781,CUST3618,Blinkit,29:29.5,21,Personal Care,1551,Excellent experience!,5,No,No
ORD013782,CUST3490,JioMart,45:29.5,27,Grocery,311,Excellent experience!,5,No,No
ORD013783,CUST3674,JioMart,01:29.5,26,Grocery,492,Quick and reliable!,5,No,No
ORD013787,CUST7712,JioMart,42:29.5,23,Beverages,169,Packaging could be better.,3,No,No
ORD013790,CUST5607,Swiggy Instamart,48:29.5,47,Grocery,1393,Packaging could be better.,3,Yes,No
ORD013791,CUST5086,JioMart,57:29.5,42,Fruits & Vegetables,440,Delivery person was rude.,2,Yes,Yes
ORD013793,CUST3402,Blinkit,43:29.5,28,Personal Care,1988,Wrong item delivered.,1,No,Yes
ORD013801,CUST8813,Blinkit,13:29.5,35,Personal Care,1303,Items missing from order.,2,No,Yes
ORD013805,CUST8224,Swiggy Instamart,09:29.5,48,Dairy,383,Packaging could be better.,3,Yes,No
ORD013807,CUST8329,Blinkit,27:29.5,28,Dairy,574,"Very late delivery, not happy.",2,No,Yes
ORD013808,CUST1325,Swiggy Instamart,44:29.5,27,Dairy,248,Packaging could be better.,3,No,No
ORD013811,CUST6566,JioMart,18:29.5,23,Grocery,881,"Fast delivery, great service!",5,No,No
ORD013813,CUST7061,Blinkit,09:29.5,33,Beverages,988,Quick and reliable!,5,No,No
ORD013816,CUST3210,Blinkit,40:29.5,41,Grocery,309,"Fast delivery, great service!",5,Yes,No
ORD013827,CUST1261,Swiggy Instamart,44:29.5,26,Grocery,464,Packaging could be better.,3,No,No
ORD013829,CUST3769,Swiggy Instamart,09:29.5,22,Beverages,522,"Fast delivery, great service!",5,No,No
ORD013830,CUST6983,JioMart,39:29.5,39,Grocery,833,Items missing from order.,2,No,Yes
ORD013832,CUST4146,JioMart,12:29.5,19,Dairy,612,Very satisfied with the service.,5,No,No
ORD013835,CUST9526,JioMart,33:29.5,41,Personal Care,974,Wrong item delivered.,1,Yes,Yes
ORD013836,CUST1384,Blinkit,02:29.5,33,Beverages,658,"Horrible experience, never ordering again.",1,No,Yes
ORD013849,CUST8505,Blinkit,44:29.5,23,Snacks,232,Good quality products.,4,No,No
ORD013855,CUST1314,JioMart,38:29.5,50,Personal Care,1827,"Very late delivery, not happy.",2,Yes,Yes
ORD013866,CUST7009,JioMart,02:29.5,19,Personal Care,1698,"Easy to order, loved it!",5,No,No
ORD013872,CUST6672,Blinkit,38:29.5,35,Dairy,682,"Very late delivery, not happy.",2,No,Yes
ORD013883,CUST2859,JioMart,32:29.5,25,Fruits & Vegetables,177,Good quality products.,4,No,No
ORD013887,CUST4980,Swiggy Instamart,22:29.5,5,Personal Care,485,Wrong item delivered.,1,No,Yes
ORD013890,CUST7117,Swiggy Instamart,07:29.5,41,Snacks,354,Very satisfied with the service.,5,Yes,No
ORD013897,CUST1220,Blinkit,16:29.5,28,Beverages,603,Delivery person was rude.,2,No,Yes
ORD013900,CUST3559,Blinkit,39:29.5,35,Grocery,264,Excellent experience!,5,No,No
ORD013903,CUST2733,JioMart,29:29.5,25,Beverages,588,Good quality products.,4,No,No
ORD013906,CUST3272,JioMart,08:29.5,41,Snacks,83,Packaging could be better.,3,Yes,No
ORD013909,CUST4040,Swiggy Instamart,14:29.5,27,Beverages,757,"Fast delivery, great service!",5,No,No
ORD013911,CUST2500,JioMart,16:29.5,38,Beverages,133,"Not fresh, disappointed.",2,No,Yes
ORD013916,CUST1819,Blinkit,24:29.5,21,Dairy,311,"Fast delivery, great service!",5,No,No
ORD013928,CUST2003,Swiggy Instamart,15:29.5,22,Snacks,490,Very satisfied with the service.,5,No,No
ORD013932,CUST1103,JioMart,45:29.5,24,Dairy,404,"Easy to order, loved it!",5,No,No
ORD013941,CUST2241,Blinkit,01:29.5,15,Dairy,193,Very satisfied with the service.,5,No,No
ORD013944,CUST6265,Swiggy Instamart,23:29.5,36,Beverages,671,"Fast delivery, great service!",5,No,No
ORD013949,CUST7754,Swiggy Instamart,15:29.5,47,Fruits & Vegetables,325,"Not fresh, disappointed.",2,Yes,Yes
ORD013955,CUST6648,Swiggy Instamart,26:29.5,7,Fruits & Vegetables,184,"Not fresh, disappointed.",2,No,Yes
ORD013958,CUST1114,Blinkit,45:29.5,35,Dairy,737,Quick and reliable!,5,No,No
ORD013960,CUST5611,JioMart,02:29.5,31,Grocery,290,Packaging could be better.,3,No,No
ORD013961,CUST3642,Swiggy Instamart,25:29.5,41,Grocery,1390,"Very late delivery, not happy.",2,Yes,Yes
ORD013967,CUST1989,JioMart,26:29.5,5,Grocery,767,Items missing from order.,2,No,Yes
ORD013969,CUST2309,Blinkit,48:29.5,49,Grocery,523,"Not fresh, disappointed.",2,Yes,Yes
ORD013972,CUST2445,JioMart,18:29.5,37,Fruits & Vegetables,401,Very satisfied with the service.,5,No,No
ORD013973,CUST6216,JioMart,30:29.5,21,Dairy,629,Good quality products.,4,No,No
ORD013976,CUST5299,Swiggy Instamart,54:29.5,31,Beverages,640,Items missing from order.,2,No,Yes
ORD013977,CUST6227,Swiggy Instamart,26:29.5,50,Beverages,674,Wrong item delivered.,1,Yes,Yes
ORD013982,CUST9187,Blinkit,43:29.5,34,Grocery,834,"Easy to order, loved it!",5,No,No
ORD013985,CUST6135,Blinkit,33:29.5,29,Personal Care,1478,"Horrible experience, never ordering again.",1,No,Yes
ORD013987,CUST4117,Swiggy Instamart,25:29.5,30,Personal Care,1553,Quick and reliable!,5,No,No
ORD013998,CUST8608,Swiggy Instamart,00:29.5,37,Dairy,232,Packaging could be better.,3,No,No
ORD014004,CUST1401,Blinkit,18:29.5,21,Beverages,495,Items missing from order.,2,No,Yes
ORD014008,CUST3447,Swiggy Instamart,04:29.5,23,Beverages,683,"Not fresh, disappointed.",2,No,Yes
ORD014020,CUST8737,Blinkit,17:29.5,34,Grocery,1458,"Very late delivery, not happy.",2,No,Yes
ORD014027,CUST7426,JioMart,30:29.5,23,Grocery,762,Items missing from order.,2,No,Yes
ORD014029,CUST5972,JioMart,38:29.5,36,Dairy,793,"Horrible experience, never ordering again.",1,No,Yes
ORD014030,CUST5549,Blinkit,12:29.5,24,Personal Care,285,Items missing from order.,2,No,Yes
ORD014036,CUST8128,Blinkit,24:29.5,19,Grocery,687,Items missing from order.,2,No,Yes
ORD014042,CUST2096,Swiggy Instamart,19:29.5,11,Grocery,1104,Good quality products.,4,No,No
ORD014044,CUST8810,JioMart,14:29.5,42,Snacks,260,Good quality products.,4,Yes,No
ORD014062,CUST5618,Swiggy Instamart,10:29.5,19,Fruits & Vegetables,253,Wrong item delivered.,1,No,Yes
ORD014065,CUST3099,Swiggy Instamart,17:29.5,44,Dairy,760,Items missing from order.,2,Yes,Yes
ORD014069,CUST1290,Swiggy Instamart,40:29.5,30,Snacks,486,"Very late delivery, not happy.",2,No,Yes
ORD014072,CUST7832,JioMart,09:29.5,22,Personal Care,1069,Good quality products.,4,No,No
ORD014073,CUST5032,Swiggy Instamart,35:29.5,40,Personal Care,1555,"Very late delivery, not happy.",2,No,Yes
ORD014086,CUST4883,JioMart,54:29.5,43,Personal Care,109,"Fast delivery, great service!",5,Yes,No
ORD014092,CUST9371,JioMart,08:29.5,49,Personal Care,487,Very satisfied with the service.,5,Yes,No
ORD014093,CUST2566,Blinkit,07:29.5,33,Dairy,621,"Fast delivery, great service!",5,No,No
ORD014097,CUST2332,Blinkit,05:29.5,35,Snacks,328,Wrong item delivered.,1,No,Yes
ORD014098,CUST9670,Blinkit,05:29.5,44,Dairy,204,Quick and reliable!,5,Yes,No
ORD014105,CUST4165,Swiggy Instamart,03:29.5,15,Fruits & Vegetables,448,Delivery person was rude.,2,No,Yes
ORD014109,CUST1967,JioMart,49:29.5,38,Beverages,331,Good quality products.,4,No,No
ORD014114,CUST6361,Swiggy Instamart,27:29.5,41,Dairy,531,"Fast delivery, great service!",5,Yes,No
ORD014115,CUST6835,JioMart,22:29.5,27,Snacks,64,"Fast delivery, great service!",5,No,No
ORD014133,CUST7160,Blinkit,45:29.5,27,Snacks,248,Packaging could be better.,3,No,No
ORD014140,CUST5851,Blinkit,06:29.5,33,Snacks,135,"Fast delivery, great service!",5,No,No
ORD014144,CUST2289,Swiggy Instamart,44:29.5,26,Personal Care,1480,Excellent experience!,5,No,No
ORD014155,CUST8470,Blinkit,58:29.5,39,Personal Care,260,"Fast delivery, great service!",5,No,No
ORD014158,CUST8427,Blinkit,09:29.5,17,Fruits & Vegetables,304,Good quality products.,4,No,No
ORD014159,CUST5665,Swiggy Instamart,14:29.5,23,Beverages,561,Quick and reliable!,5,No,No
ORD014163,CUST1277,JioMart,22:29.5,41,Beverages,860,Quick and reliable!,5,Yes,No
ORD014164,CUST3030,JioMart,34:29.5,27,Snacks,440,Very satisfied with the service.,5,No,No
ORD014170,CUST6165,Blinkit,20:29.5,34,Snacks,360,"Horrible experience, never ordering again.",1,No,Yes
ORD014174,CUST6306,Swiggy Instamart,32:29.5,32,Grocery,538,"Fast delivery, great service!",5,No,No
ORD014180,CUST6308,JioMart,41:29.5,31,Personal Care,1001,"Very late delivery, not happy.",2,No,Yes
ORD014185,CUST9137,Swiggy Instamart,38:29.5,13,Personal Care,1185,Wrong item delivered.,1,No,Yes
ORD014187,CUST2112,Blinkit,15:29.5,35,Grocery,1309,Quick and reliable!,5,No,No
ORD014197,CUST6540,Blinkit,46:29.5,29,Fruits & Vegetables,682,"Very late delivery, not happy.",2,No,Yes
ORD014202,CUST9068,Swiggy Instamart,38:29.5,32,Grocery,1488,Quick and reliable!,5,No,No
ORD014212,CUST4395,Blinkit,11:29.5,42,Fruits & Vegetables,484,Very satisfied with the service.,5,Yes,No
ORD014217,CUST4725,Swiggy Instamart,10:29.5,33,Snacks,83,Excellent experience!,5,No,No
ORD014219,CUST1925,Swiggy Instamart,27:29.5,20,Fruits & Vegetables,655,Good quality products.,4,No,No
ORD014235,CUST1315,Blinkit,09:29.5,26,Fruits & Vegetables,150,Good quality products.,4,No,No
ORD014236,CUST9359,Blinkit,08:29.5,15,Grocery,824,Wrong item delivered.,1,No,Yes
ORD014246,CUST4760,JioMart,13:29.5,44,Snacks,454,Very satisfied with the service.,5,Yes,No
ORD014254,CUST7507,JioMart,01:29.5,47,Personal Care,1184,Wrong item delivered.,1,Yes,Yes
ORD014255,CUST4486,Swiggy Instamart,54:29.5,22,Fruits & Vegetables,231,Very satisfied with the service.,5,No,No
ORD014268,CUST4207,Swiggy Instamart,29:29.5,27,Grocery,754,"Very late delivery, not happy.",2,No,Yes
ORD014270,CUST5265,JioMart,58:29.5,34,Dairy,785,Excellent experience!,5,No,No
ORD014276,CUST8299,JioMart,17:29.5,29,Grocery,224,Wrong item delivered.,1,No,Yes
ORD014279,CUST4352,JioMart,38:29.5,25,Beverages,196,Wrong item delivered.,1,No,Yes
ORD014284,CUST2748,Blinkit,47:29.5,23,Dairy,641,"Not fresh, disappointed.",2,No,Yes
ORD014296,CUST9373,JioMart,51:29.5,44,Snacks,488,"Very late delivery, not happy.",2,Yes,Yes
ORD014301,CUST3964,Swiggy Instamart,34:29.5,45,Dairy,333,Items missing from order.,2,Yes,Yes
ORD014302,CUST6471,Blinkit,31:29.5,27,Dairy,105,"Easy to order, loved it!",5,No,No
ORD014309,CUST3707,Swiggy Instamart,09:29.5,35,Fruits & Vegetables,261,Good quality products.,4,No,No
ORD014313,CUST5071,JioMart,58:29.5,20,Personal Care,1736,Good quality products.,4,No,No
ORD014314,CUST2272,JioMart,11:29.5,24,Snacks,480,Excellent experience!,5,No,No
ORD014315,CUST2757,Blinkit,10:29.5,23,Beverages,554,Excellent experience!,5,No,No
ORD014325,CUST3613,JioMart,16:29.5,45,Fruits & Vegetables,259,"Very late delivery, not happy.",2,Yes,Yes
ORD014333,CUST2246,JioMart,46:29.5,28,Grocery,689,"Very late delivery, not happy.",2,No,Yes
ORD014335,CUST7840,Swiggy Instamart,14:29.5,38,Personal Care,715,Good quality products.,4,No,No
ORD014339,CUST2967,Blinkit,19:29.5,23,Snacks,143,Excellent experience!,5,No,No
ORD014344,CUST4353,Swiggy Instamart,50:29.5,39,Beverages,979,Quick and reliable!,5,No,No
ORD014350,CUST2844,Swiggy Instamart,06:29.5,30,Fruits & Vegetables,478,Items missing from order.,2,No,Yes
ORD014355,CUST5424,Blinkit,03:29.5,25,Beverages,488,Delivery person was rude.,2,No,Yes
ORD014364,CUST1489,Swiggy Instamart,30:29.5,39,Snacks,137,"Horrible experience, never ordering again.",1,No,Yes
ORD014365,CUST1608,Blinkit,19:29.5,40,Snacks,320,"Not fresh, disappointed.",2,No,Yes
ORD014374,CUST5601,JioMart,26:29.5,46,Grocery,1194,Quick and reliable!,5,Yes,No
ORD014375,CUST5613,Swiggy Instamart,35:29.5,29,Snacks,205,"Very late delivery, not happy.",2,No,Yes
ORD014383,CUST8339,Blinkit,39:29.5,39,Grocery,219,"Easy to order, loved it!",5,No,No
ORD014384,CUST1031,Swiggy Instamart,15:29.5,27,Personal Care,1074,Excellent experience!,5,No,No
ORD014389,CUST1774,Blinkit,39:29.5,31,Beverages,874,"Easy to order, loved it!",5,No,No
ORD014391,CUST6964,JioMart,32:29.5,13,Fruits & Vegetables,581,Packaging could be better.,3,No,No
ORD014395,CUST8741,Blinkit,05:29.5,35,Snacks,106,Wrong item delivered.,1,No,Yes
ORD014397,CUST3685,Swiggy Instamart,40:29.5,10,Grocery,393,"Fast delivery, great service!",5,No,No
ORD014401,CUST3387,Swiggy Instamart,28:29.5,5,Snacks,417,Packaging could be better.,3,No,No
ORD014406,CUST7582,Swiggy Instamart,47:29.5,33,Fruits & Vegetables,134,"Fast delivery, great service!",5,No,No
ORD014407,CUST7096,Blinkit,18:29.5,18,Fruits & Vegetables,449,"Not fresh, disappointed.",2,No,Yes
ORD014408,CUST8659,Swiggy Instamart,31:29.5,31,Personal Care,1087,"Fast delivery, great service!",5,No,No
ORD014410,CUST5791,JioMart,32:29.5,24,Fruits & Vegetables,294,"Horrible experience, never ordering again.",1,No,Yes
ORD014413,CUST9884,Swiggy Instamart,50:29.5,38,Grocery,928,Good quality products.,4,No,No
ORD014414,CUST7681,Blinkit,15:29.5,20,Grocery,399,"Horrible experience, never ordering again.",1,No,Yes
ORD014418,CUST5148,Blinkit,44:29.5,13,Grocery,802,"Easy to order, loved it!",5,No,No
ORD014425,CUST3691,Blinkit,19:29.5,20,Personal Care,827,Quick and reliable!,5,No,No
ORD014426,CUST1700,Blinkit,18:29.5,44,Beverages,973,Good quality products.,4,Yes,No
ORD014427,CUST6627,Blinkit,53:29.5,22,Personal Care,1917,Good quality products.,4,No,No
ORD014428,CUST9296,JioMart,43:29.5,22,Snacks,356,"Not fresh, disappointed.",2,No,Yes
ORD014433,CUST3285,Swiggy Instamart,57:29.5,47,Dairy,220,Good quality products.,4,Yes,No
ORD014440,CUST9912,Blinkit,43:29.5,42,Beverages,480,Items missing from order.,2,Yes,Yes
ORD014442,CUST9512,Blinkit,18:29.5,41,Fruits & Vegetables,182,"Very late delivery, not happy.",2,Yes,Yes
ORD014444,CUST1066,Swiggy Instamart,44:29.5,28,Snacks,56,Delivery person was rude.,2,No,Yes
ORD014446,CUST3698,Swiggy Instamart,55:29.5,37,Snacks,52,"Very late delivery, not happy.",2,No,Yes
ORD014457,CUST4589,JioMart,52:29.5,34,Fruits & Vegetables,164,Delivery person was rude.,2,No,Yes
ORD014461,CUST4699,Swiggy Instamart,57:29.5,5,Beverages,297,"Fast delivery, great service!",5,No,No
ORD014470,CUST2183,JioMart,19:29.5,30,Snacks,119,"Very late delivery, not happy.",2,No,Yes
ORD014474,CUST5962,JioMart,42:29.5,31,Personal Care,1680,Good quality products.,4,No,No
ORD014476,CUST9879,JioMart,14:29.5,28,Snacks,425,"Easy to order, loved it!",5,No,No
ORD014484,CUST4392,Swiggy Instamart,27:29.5,32,Grocery,1038,Delivery person was rude.,2,No,Yes
ORD014497,CUST7352,Blinkit,33:29.5,27,Fruits & Vegetables,420,Very satisfied with the service.,5,No,No
ORD014500,CUST5977,Swiggy Instamart,36:29.5,44,Fruits & Vegetables,93,"Horrible experience, never ordering again.",1,Yes,Yes
ORD014504,CUST9050,Swiggy Instamart,45:29.5,41,Fruits & Vegetables,334,Good quality products.,4,Yes,No
ORD014505,CUST1516,JioMart,40:29.5,40,Personal Care,533,"Not fresh, disappointed.",2,No,Yes
ORD014512,CUST7287,Swiggy Instamart,00:29.5,33,Fruits & Vegetables,538,"Not fresh, disappointed.",2,No,Yes
ORD014513,CUST9831,Blinkit,27:29.5,19,Snacks,412,"Fast delivery, great service!",5,No,No
ORD014520,CUST1633,Blinkit,56:29.5,9,Snacks,256,"Very late delivery, not happy.",2,No,Yes
ORD014524,CUST5131,JioMart,19:29.5,25,Fruits & Vegetables,603,Quick and reliable!,5,No,No
ORD014526,CUST2508,Swiggy Instamart,08:29.5,42,Dairy,688,Delivery person was rude.,2,Yes,Yes
ORD014528,CUST5020,JioMart,06:29.5,39,Grocery,910,Very satisfied with the service.,5,No,No
ORD014538,CUST8392,Swiggy Instamart,11:29.5,5,Snacks,142,"Horrible experience, never ordering again.",1,No,Yes
ORD014540,CUST7727,Swiggy Instamart,55:29.5,13,Grocery,567,Delivery person was rude.,2,No,Yes
ORD014547,CUST2132,Blinkit,11:29.5,26,Snacks,304,Good quality products.,4,No,No
ORD014550,CUST8588,Blinkit,06:29.5,31,Dairy,287,Excellent experience!,5,No,No
ORD014557,CUST9466,JioMart,36:29.5,31,Personal Care,1667,Wrong item delivered.,1,No,Yes
ORD014559,CUST3849,Swiggy Instamart,13:29.5,19,Fruits & Vegetables,686,"Not fresh, disappointed.",2,No,Yes
ORD014564,CUST5756,Blinkit,46:29.5,29,Beverages,763,"Horrible experience, never ordering again.",1,No,Yes
ORD014565,CUST6429,JioMart,39:29.5,30,Snacks,265,Very satisfied with the service.,5,No,No
ORD014573,CUST5080,JioMart,04:29.5,22,Beverages,774,Very satisfied with the service.,5,No,No
ORD014574,CUST1093,Blinkit,31:29.5,27,Snacks,125,Delivery person was rude.,2,No,Yes
ORD014575,CUST7345,JioMart,33:29.5,28,Personal Care,1892,Very satisfied with the service.,5,No,No
ORD014581,CUST4660,Blinkit,11:29.5,27,Grocery,483,"Not fresh, disappointed.",2,No,Yes
ORD014594,CUST7007,Swiggy Instamart,52:29.5,46,Grocery,473,Good quality products.,4,Yes,No
ORD014595,CUST8044,Swiggy Instamart,51:29.5,44,Dairy,353,Excellent experience!,5,Yes,No
ORD014606,CUST7918,Blinkit,09:29.5,33,Beverages,473,"Horrible experience, never ordering again.",1,No,Yes
ORD014611,CUST6859,Swiggy Instamart,48:29.5,20,Beverages,798,Wrong item delivered.,1,No,Yes
ORD014622,CUST4219,Swiggy Instamart,47:29.5,43,Beverages,823,Very satisfied with the service.,5,Yes,No
ORD014634,CUST4316,JioMart,22:29.5,18,Personal Care,1753,"Fast delivery, great service!",5,No,No
ORD014646,CUST5356,Blinkit,22:29.5,29,Beverages,132,"Not fresh, disappointed.",2,No,Yes
ORD014649,CUST5969,JioMart,12:29.5,18,Personal Care,1204,"Horrible experience, never ordering again.",1,No,Yes
ORD014651,CUST6235,JioMart,56:29.5,42,Fruits & Vegetables,439,"Easy to order, loved it!",5,Yes,No
ORD014659,CUST4508,Blinkit,42:29.5,26,Dairy,230,"Easy to order, loved it!",5,No,No
ORD014662,CUST7354,JioMart,41:29.5,39,Snacks,322,Very satisfied with the service.,5,No,No
ORD014666,CUST3080,Blinkit,00:29.5,20,Fruits & Vegetables,458,Very satisfied with the service.,5,No,No
ORD014668,CUST3382,Swiggy Instamart,24:29.5,43,Dairy,730,"Horrible experience, never ordering again.",1,Yes,Yes
ORD014674,CUST5047,JioMart,58:29.5,25,Fruits & Vegetables,507,"Not fresh, disappointed.",2,No,Yes
ORD014675,CUST7774,JioMart,00:29.5,25,Fruits & Vegetables,697,Delivery person was rude.,2,No,Yes
ORD014682,CUST1703,JioMart,14:29.5,20,Grocery,850,"Horrible experience, never ordering again.",1,No,Yes
ORD014692,CUST8853,Blinkit,44:29.5,29,Fruits & Vegetables,109,"Horrible experience, never ordering again.",1,No,Yes
ORD014695,CUST3576,Blinkit,36:29.5,44,Personal Care,1423,Items missing from order.,2,Yes,Yes
ORD014701,CUST8090,Blinkit,11:29.5,42,Snacks,474,Excellent experience!,5,Yes,No
ORD014712,CUST8610,Blinkit,11:29.5,8,Grocery,283,Packaging could be better.,3,No,No
ORD014717,CUST6048,Swiggy Instamart,12:29.5,28,Dairy,411,"Easy to order, loved it!",5,No,No
ORD014720,CUST8991,Swiggy Instamart,30:29.5,29,Dairy,507,"Very late delivery, not happy.",2,No,Yes
ORD014723,CUST8689,Blinkit,48:29.5,13,Beverages,457,"Fast delivery, great service!",5,No,No
ORD014724,CUST6522,Swiggy Instamart,55:29.5,30,Snacks,226,Items missing from order.,2,No,Yes
ORD014732,CUST5394,Blinkit,02:29.5,20,Dairy,599,Wrong item delivered.,1,No,Yes
ORD014734,CUST5734,Swiggy Instamart,24:29.5,45,Fruits & Vegetables,652,Quick and reliable!,5,Yes,No
ORD014739,CUST4922,JioMart,55:29.5,41,Personal Care,405,Delivery person was rude.,2,Yes,Yes
ORD014740,CUST4133,Blinkit,09:29.5,15,Snacks,222,Items missing from order.,2,No,Yes
ORD014742,CUST6019,Swiggy Instamart,26:29.5,45,Beverages,193,Delivery person was rude.,2,Yes,Yes
ORD014748,CUST5323,Swiggy Instamart,41:29.5,35,Beverages,433,"Not fresh, disappointed.",2,No,Yes
ORD014759,CUST9521,JioMart,13:29.5,22,Fruits & Vegetables,609,"Not fresh, disappointed.",2,No,Yes
ORD014769,CUST5024,JioMart,23:29.5,34,Fruits & Vegetables,545,Items missing from order.,2,No,Yes
ORD014770,CUST7416,Blinkit,13:29.5,32,Snacks,428,"Not fresh, disappointed.",2,No,Yes
ORD014784,CUST2090,JioMart,49:29.5,32,Snacks,69,"Not fresh, disappointed.",2,No,Yes
ORD014786,CUST5174,Swiggy Instamart,00:29.5,19,Dairy,688,"Not fresh, disappointed.",2,No,Yes
ORD014789,CUST5539,Swiggy Instamart,17:29.5,41,Snacks,427,"Not fresh, disappointed.",2,Yes,Yes
ORD014793,CUST5353,Swiggy Instamart,57:29.5,28,Dairy,121,"Easy to order, loved it!",5,No,No
ORD014794,CUST1835,JioMart,39:29.5,47,Dairy,392,Quick and reliable!,5,Yes,No
ORD014798,CUST8804,Swiggy Instamart,46:29.5,6,Personal Care,1444,"Very late delivery, not happy.",2,No,Yes
ORD014799,CUST8162,Swiggy Instamart,52:29.5,30,Fruits & Vegetables,670,Quick and reliable!,5,No,No
ORD014801,CUST6130,Blinkit,37:29.5,18,Beverages,881,Delivery person was rude.,2,No,Yes
ORD014803,CUST3289,Swiggy Instamart,02:29.5,11,Beverages,191,"Easy to order, loved it!",5,No,No
ORD014809,CUST2151,Swiggy Instamart,41:29.5,21,Snacks,67,Delivery person was rude.,2,No,Yes
ORD014811,CUST2760,Swiggy Instamart,04:29.5,34,Personal Care,638,"Fast delivery, great service!",5,No,No
ORD014813,CUST9769,Blinkit,07:29.5,23,Snacks,298,"Very late delivery, not happy.",2,No,Yes
ORD014828,CUST4776,Blinkit,56:29.5,31,Snacks,177,Excellent experience!,5,No,No
ORD014838,CUST7279,Swiggy Instamart,23:29.5,34,Beverages,360,Items missing from order.,2,No,Yes
ORD014841,CUST1285,Blinkit,55:29.5,27,Grocery,1256,Delivery person was rude.,2,No,Yes
ORD014846,CUST3040,JioMart,51:29.5,35,Fruits & Vegetables,125,Good quality products.,4,No,No
ORD014850,CUST4620,Swiggy Instamart,31:29.5,35,Fruits & Vegetables,128,"Horrible experience, never ordering again.",1,No,Yes
ORD014862,CUST7335,Blinkit,08:29.5,24,Snacks,246,"Horrible experience, never ordering again.",1,No,Yes
ORD014875,CUST9868,JioMart,41:29.5,32,Personal Care,746,Very satisfied with the service.,5,No,No
ORD014879,CUST8154,Swiggy Instamart,34:29.5,22,Beverages,799,"Horrible experience, never ordering again.",1,No,Yes
ORD014886,CUST7355,JioMart,12:29.5,19,Snacks,348,Good quality products.,4,No,No
ORD014890,CUST3367,Blinkit,51:29.5,30,Personal Care,1931,"Fast delivery, great service!",5,No,No
ORD014898,CUST6787,Swiggy Instamart,04:29.5,41,Personal Care,1278,Excellent experience!,5,Yes,No
ORD014915,CUST1335,JioMart,30:29.5,32,Dairy,155,"Not fresh, disappointed.",2,No,Yes
ORD014927,CUST5257,Blinkit,23:29.5,36,Personal Care,223,Very satisfied with the service.,5,No,No
ORD014929,CUST3590,Swiggy Instamart,09:29.5,27,Beverages,916,Delivery person was rude.,2,No,Yes
ORD014932,CUST9473,JioMart,36:29.5,17,Snacks,228,"Very late delivery, not happy.",2,No,Yes
ORD014935,CUST1594,JioMart,22:29.5,14,Grocery,1175,Very satisfied with the service.,5,No,No
ORD014937,CUST6973,Swiggy Instamart,13:29.5,17,Personal Care,1722,Excellent experience!,5,No,No
ORD014939,CUST4745,JioMart,33:29.5,17,Personal Care,603,"Very late delivery, not happy.",2,No,Yes
ORD014942,CUST2513,JioMart,47:29.5,27,Personal Care,783,Wrong item delivered.,1,No,Yes
ORD014955,CUST4753,Swiggy Instamart,12:29.5,22,Snacks,439,Wrong item delivered.,1,No,Yes
ORD014959,CUST9528,Swiggy Instamart,38:29.5,29,Grocery,761,Items missing from order.,2,No,Yes
ORD014964,CUST3882,Swiggy Instamart,45:29.5,27,Beverages,908,Good quality products.,4,No,No
ORD014969,CUST3751,JioMart,09:29.5,31,Personal Care,1994,"Easy to order, loved it!",5,No,No
ORD014970,CUST4870,Swiggy Instamart,51:29.5,40,Personal Care,955,Packaging could be better.,3,No,No
ORD014980,CUST8578,Swiggy Instamart,28:29.5,28,Dairy,514,"Horrible experience, never ordering again.",1,No,Yes
ORD014987,CUST1143,Swiggy Instamart,36:29.5,17,Personal Care,691,"Horrible experience, never ordering again.",1,No,Yes
ORD014990,CUST5461,JioMart,15:29.5,21,Snacks,310,Quick and reliable!,5,No,No
ORD014993,CUST9206,Swiggy Instamart,14:29.5,34,Personal Care,1258,"Not fresh, disappointed.",2,No,Yes
ORD014997,CUST3211,Blinkit,02:29.5,26,Beverages,555,Very satisfied with the service.,5,No,No
ORD014999,CUST1792,Blinkit,42:29.5,14,Grocery,1290,"Not fresh, disappointed.",2,No,Yes
ORD015004,CUST7016,Blinkit,56:29.5,39,Beverages,817,Wrong item delivered.,1,No,Yes
ORD015005,CUST5575,Blinkit,40:29.5,13,Beverages,730,"Horrible experience, never ordering again.",1,No,Yes
ORD015007,CUST5027,JioMart,30:29.5,22,Snacks,234,"Very late delivery, not happy.",2,No,Yes
ORD015008,CUST8453,JioMart,59:29.5,26,Dairy,264,Packaging could be better.,3,No,No
ORD015020,CUST9665,JioMart,06:29.5,33,Beverages,453,Very satisfied with the service.,5,No,No
ORD015026,CUST8645,JioMart,00:29.5,41,Dairy,515,Delivery person was rude.,2,Yes,Yes
ORD015029,CUST7638,JioMart,55:29.5,29,Dairy,679,"Horrible experience, never ordering again.",1,No,Yes
ORD015037,CUST1596,Swiggy Instamart,45:29.5,29,Snacks,375,Excellent experience!,5,No,No
ORD015039,CUST2202,JioMart,51:29.5,37,Personal Care,1586,Excellent experience!,5,No,No
ORD015055,CUST3411,Swiggy Instamart,51:29.5,30,Dairy,682,Delivery person was rude.,2,No,Yes
ORD015061,CUST3331,Blinkit,35:29.5,23,Snacks,134,Delivery person was rude.,2,No,Yes
ORD015063,CUST4720,Swiggy Instamart,47:29.5,29,Personal Care,303,Items missing from order.,2,No,Yes
ORD015069,CUST8621,JioMart,08:29.5,51,Dairy,507,Excellent experience!,5,Yes,No
ORD015070,CUST7087,Swiggy Instamart,00:29.5,47,Dairy,382,Very satisfied with the service.,5,Yes,No
ORD015072,CUST8590,JioMart,35:29.5,20,Fruits & Vegetables,544,"Horrible experience, never ordering again.",1,No,Yes
ORD015080,CUST7128,Blinkit,02:29.5,23,Personal Care,174,"Horrible experience, never ordering again.",1,No,Yes
ORD015082,CUST6743,JioMart,42:29.5,26,Personal Care,387,Packaging could be better.,3,No,No
ORD015088,CUST6812,Blinkit,12:29.5,15,Beverages,712,Excellent experience!,5,No,No
ORD015091,CUST1663,Swiggy Instamart,26:29.5,18,Beverages,843,"Fast delivery, great service!",5,No,No
ORD015094,CUST6775,Blinkit,42:29.5,31,Grocery,742,Quick and reliable!,5,No,No
ORD015095,CUST6430,Blinkit,48:29.5,42,Grocery,398,Items missing from order.,2,Yes,Yes
ORD015096,CUST4169,Swiggy Instamart,32:29.5,26,Beverages,816,"Very late delivery, not happy.",2,No,Yes
ORD015100,CUST1181,JioMart,45:29.5,28,Snacks,421,Items missing from order.,2,No,Yes
ORD015103,CUST5417,Blinkit,37:29.5,41,Personal Care,771,Very satisfied with the service.,5,Yes,No
ORD015106,CUST9347,Swiggy Instamart,04:29.5,35,Dairy,365,"Not fresh, disappointed.",2,No,Yes
ORD015113,CUST6472,Swiggy Instamart,29:29.5,17,Beverages,458,"Horrible experience, never ordering again.",1,No,Yes
ORD015115,CUST6684,Swiggy Instamart,23:29.5,17,Personal Care,1151,Wrong item delivered.,1,No,Yes
ORD015121,CUST3020,Swiggy Instamart,49:29.5,20,Personal Care,1019,Good quality products.,4,No,No
ORD015122,CUST8182,JioMart,31:29.5,22,Snacks,326,Good quality products.,4,No,No
ORD015126,CUST1592,Blinkit,48:29.5,32,Grocery,1293,"Very late delivery, not happy.",2,No,Yes
ORD015134,CUST5376,Swiggy Instamart,44:29.5,28,Snacks,429,Quick and reliable!,5,No,No
ORD015135,CUST3358,Swiggy Instamart,31:29.5,39,Beverages,292,Items missing from order.,2,No,Yes
ORD015139,CUST7289,Swiggy Instamart,58:29.5,37,Fruits & Vegetables,434,"Horrible experience, never ordering again.",1,No,Yes
ORD015140,CUST5518,JioMart,04:29.5,34,Snacks,243,Quick and reliable!,5,No,No
ORD015146,CUST1198,Swiggy Instamart,58:29.5,32,Snacks,455,"Fast delivery, great service!",5,No,No
ORD015148,CUST4186,JioMart,36:29.5,31,Snacks,57,"Easy to order, loved it!",5,No,No
ORD015149,CUST7854,Swiggy Instamart,10:29.5,34,Dairy,667,Items missing from order.,2,No,Yes
ORD015153,CUST7994,Blinkit,52:29.5,34,Personal Care,1638,"Easy to order, loved it!",5,No,No
ORD015174,CUST5228,JioMart,07:29.5,28,Snacks,71,"Easy to order, loved it!",5,No,No
ORD015187,CUST5459,Blinkit,01:29.5,41,Beverages,173,"Horrible experience, never ordering again.",1,Yes,Yes
ORD015188,CUST6376,JioMart,01:29.5,36,Grocery,820,"Horrible experience, never ordering again.",1,No,Yes
ORD015192,CUST7630,Swiggy Instamart,56:29.5,40,Personal Care,1588,Wrong item delivered.,1,No,Yes
ORD015198,CUST4663,Swiggy Instamart,14:29.5,21,Grocery,392,"Very late delivery, not happy.",2,No,Yes
ORD015202,CUST3510,JioMart,12:29.5,40,Fruits & Vegetables,189,"Fast delivery, great service!",5,No,No
ORD015219,CUST8137,Swiggy Instamart,51:29.5,35,Dairy,145,Wrong item delivered.,1,No,Yes
ORD015220,CUST7650,Swiggy Instamart,36:29.5,46,Fruits & Vegetables,141,Very satisfied with the service.,5,Yes,No
ORD015225,CUST1501,JioMart,34:29.5,24,Grocery,582,Quick and reliable!,5,No,No
ORD015228,CUST2937,Swiggy Instamart,53:29.5,40,Grocery,518,Packaging could be better.,3,No,No
ORD015230,CUST4861,Swiggy Instamart,48:29.5,28,Snacks,434,Delivery person was rude.,2,No,Yes
ORD015232,CUST9058,Blinkit,55:29.5,27,Fruits & Vegetables,86,"Very late delivery, not happy.",2,No,Yes
ORD015241,CUST6506,JioMart,06:29.5,13,Fruits & Vegetables,696,Delivery person was rude.,2,No,Yes
ORD015244,CUST7174,JioMart,57:29.5,52,Dairy,469,Excellent experience!,5,Yes,No
ORD015245,CUST2357,Blinkit,37:29.5,17,Grocery,1087,Items missing from order.,2,No,Yes
ORD015247,CUST2345,Swiggy Instamart,05:29.5,32,Beverages,169,"Easy to order, loved it!",5,No,No
ORD015248,CUST2348,Blinkit,48:29.5,30,Beverages,833,"Fast delivery, great service!",5,No,No
ORD015255,CUST3488,Swiggy Instamart,25:29.5,25,Beverages,332,Good quality products.,4,No,No
ORD015261,CUST3186,JioMart,23:29.5,38,Fruits & Vegetables,650,Wrong item delivered.,1,No,Yes
ORD015267,CUST3706,JioMart,21:29.5,5,Fruits & Vegetables,274,"Horrible experience, never ordering again.",1,No,Yes
ORD015287,CUST8574,Blinkit,19:29.5,23,Dairy,307,"Easy to order, loved it!",5,No,No
ORD015290,CUST9435,JioMart,13:29.5,31,Personal Care,1257,"Horrible experience, never ordering again.",1,No,Yes
ORD015295,CUST1524,JioMart,57:29.5,28,Dairy,372,Items missing from order.,2,No,Yes
ORD015298,CUST3667,Swiggy Instamart,53:29.5,30,Dairy,426,Wrong item delivered.,1,No,Yes
ORD015300,CUST8413,Blinkit,12:29.5,36,Personal Care,734,Wrong item delivered.,1,No,Yes
ORD015304,CUST5811,Blinkit,09:29.5,35,Dairy,639,"Fast delivery, great service!",5,No,No
ORD015306,CUST7848,JioMart,33:29.5,23,Personal Care,723,Delivery person was rude.,2,No,Yes
ORD015324,CUST2203,JioMart,42:29.5,26,Snacks,364,"Fast delivery, great service!",5,No,No
ORD015325,CUST5628,Swiggy Instamart,37:29.5,7,Personal Care,1500,Packaging could be better.,3,No,No
ORD015327,CUST6242,Blinkit,18:29.5,16,Grocery,1398,Excellent experience!,5,No,No
ORD015331,CUST7715,Blinkit,18:29.5,25,Beverages,788,Good quality products.,4,No,No
ORD015332,CUST3008,Blinkit,51:29.5,15,Dairy,391,Excellent experience!,5,No,No
ORD015363,CUST8977,Blinkit,21:29.5,27,Fruits & Vegetables,287,Delivery person was rude.,2,No,Yes
ORD015378,CUST6619,JioMart,57:29.5,20,Grocery,1133,Delivery person was rude.,2,No,Yes
ORD015380,CUST6524,Swiggy Instamart,09:29.5,53,Grocery,574,Wrong item delivered.,1,Yes,Yes
ORD015389,CUST9273,Blinkit,01:29.5,25,Fruits & Vegetables,640,"Very late delivery, not happy.",2,No,Yes
ORD015393,CUST9662,JioMart,56:29.5,42,Snacks,204,Delivery person was rude.,2,Yes,Yes
ORD015394,CUST4222,JioMart,13:29.5,25,Beverages,305,"Not fresh, disappointed.",2,No,Yes
ORD015419,CUST5163,JioMart,22:29.5,18,Personal Care,1836,"Very late delivery, not happy.",2,No,Yes
ORD015423,CUST9695,Blinkit,21:29.5,24,Grocery,986,Very satisfied with the service.,5,No,No
ORD015425,CUST1664,Blinkit,21:29.5,38,Personal Care,318,Packaging could be better.,3,No,No
ORD015428,CUST4915,JioMart,13:29.5,11,Fruits & Vegetables,168,"Easy to order, loved it!",5,No,No
ORD015445,CUST5711,Swiggy Instamart,30:29.5,47,Beverages,642,Good quality products.,4,Yes,No
ORD015458,CUST8862,Blinkit,36:29.5,31,Beverages,555,"Horrible experience, never ordering again.",1,No,Yes
ORD015459,CUST1338,Swiggy Instamart,58:29.5,36,Snacks,222,"Easy to order, loved it!",5,No,No
ORD015461,CUST3127,JioMart,19:29.5,36,Grocery,994,"Not fresh, disappointed.",2,No,Yes
ORD015465,CUST5212,Swiggy Instamart,07:29.5,11,Fruits & Vegetables,688,Items missing from order.,2,No,Yes
ORD015466,CUST7808,Blinkit,17:29.5,20,Fruits & Vegetables,78,Wrong item delivered.,1,No,Yes
ORD015475,CUST9885,Blinkit,32:29.5,26,Dairy,796,Very satisfied with the service.,5,No,No
ORD015476,CUST9989,JioMart,53:29.5,33,Fruits & Vegetables,140,"Horrible experience, never ordering again.",1,No,Yes
ORD015477,CUST2123,Blinkit,18:29.5,38,Fruits & Vegetables,138,Delivery person was rude.,2,No,Yes
ORD015478,CUST2248,Swiggy Instamart,17:29.5,22,Personal Care,1488,"Horrible experience, never ordering again.",1,No,Yes
ORD015494,CUST3000,Swiggy Instamart,41:29.5,28,Grocery,633,Excellent experience!,5,No,No
ORD015498,CUST6836,Swiggy Instamart,35:29.5,26,Personal Care,171,Good quality products.,4,No,No
ORD015503,CUST4101,Swiggy Instamart,07:29.5,45,Dairy,768,Excellent experience!,5,Yes,No
ORD015504,CUST9934,Swiggy Instamart,41:29.5,23,Snacks,314,Wrong item delivered.,1,No,Yes
ORD015505,CUST5100,Swiggy Instamart,56:29.5,38,Snacks,404,Good quality products.,4,No,No
ORD015520,CUST7377,Swiggy Instamart,42:29.5,40,Fruits & Vegetables,390,Items missing from order.,2,No,Yes
ORD015524,CUST7593,JioMart,33:29.5,25,Dairy,703,Items missing from order.,2,No,Yes
ORD015528,CUST8920,Blinkit,59:29.5,35,Grocery,808,"Horrible experience, never ordering again.",1,No,Yes
ORD015539,CUST8420,JioMart,24:29.5,30,Grocery,1380,"Easy to order, loved it!",5,No,No
ORD015544,CUST7103,Swiggy Instamart,00:29.5,37,Beverages,152,"Not fresh, disappointed.",2,No,Yes
ORD015559,CUST2962,JioMart,21:29.5,19,Personal Care,605,Excellent experience!,5,No,No
ORD015560,CUST1532,JioMart,42:29.5,21,Snacks,218,"Not fresh, disappointed.",2,No,Yes
ORD015562,CUST5031,Swiggy Instamart,16:29.5,32,Fruits & Vegetables,158,Excellent experience!,5,No,No
ORD015563,CUST6112,Blinkit,19:29.5,37,Beverages,655,"Fast delivery, great service!",5,No,No
ORD015564,CUST9799,Swiggy Instamart,28:29.5,31,Dairy,694,Quick and reliable!,5,No,No
ORD015565,CUST7973,JioMart,20:29.5,31,Snacks,425,"Very late delivery, not happy.",2,No,Yes
ORD015569,CUST1899,Swiggy Instamart,45:29.5,32,Grocery,1362,Delivery person was rude.,2,No,Yes
ORD015579,CUST9699,Blinkit,16:29.5,22,Fruits & Vegetables,694,Excellent experience!,5,No,No
ORD015587,CUST1428,Swiggy Instamart,08:29.5,37,Dairy,404,Good quality products.,4,No,No
ORD015589,CUST6369,JioMart,05:29.5,23,Beverages,440,"Horrible experience, never ordering again.",1,No,Yes
ORD015592,CUST3251,Blinkit,11:29.5,28,Beverages,783,Very satisfied with the service.,5,No,No
ORD015601,CUST3027,Swiggy Instamart,09:29.5,24,Snacks,352,Wrong item delivered.,1,No,Yes
ORD015613,CUST5869,Blinkit,00:29.5,36,Personal Care,1390,Packaging could be better.,3,No,No
ORD015614,CUST5874,Swiggy Instamart,23:29.5,35,Grocery,1016,Items missing from order.,2,No,Yes
ORD015617,CUST1667,JioMart,46:29.5,16,Beverages,845,Delivery person was rude.,2,No,Yes
ORD015627,CUST1065,Blinkit,22:29.5,27,Dairy,212,Good quality products.,4,No,No
ORD015633,CUST7651,JioMart,40:29.5,48,Beverages,251,"Easy to order, loved it!",5,Yes,No
ORD015635,CUST2751,Blinkit,55:29.5,30,Snacks,56,Very satisfied with the service.,5,No,No
ORD015636,CUST5330,JioMart,10:29.5,27,Personal Care,1375,Quick and reliable!,5,No,No
ORD015643,CUST2701,Swiggy Instamart,08:29.5,21,Beverages,115,Wrong item delivered.,1,No,Yes
ORD015644,CUST1275,Swiggy Instamart,23:29.5,33,Fruits & Vegetables,524,"Easy to order, loved it!",5,No,No
ORD015649,CUST9350,JioMart,01:29.5,28,Fruits & Vegetables,373,"Fast delivery, great service!",5,No,No
ORD015651,CUST7683,Swiggy Instamart,40:29.5,31,Snacks,160,Quick and reliable!,5,No,No
ORD015667,CUST3231,JioMart,58:29.5,26,Snacks,130,"Very late delivery, not happy.",2,No,Yes
ORD015679,CUST7644,Blinkit,53:29.5,32,Grocery,843,Excellent experience!,5,No,No
ORD015680,CUST4132,Swiggy Instamart,08:29.5,43,Fruits & Vegetables,256,Packaging could be better.,3,Yes,No
ORD015687,CUST1658,Swiggy Instamart,39:29.5,17,Personal Care,1451,Very satisfied with the service.,5,No,No
ORD015691,CUST2182,Swiggy Instamart,39:29.5,35,Personal Care,1942,"Horrible experience, never ordering again.",1,No,Yes
ORD015701,CUST7772,Swiggy Instamart,54:29.5,45,Snacks,219,Delivery person was rude.,2,Yes,Yes
ORD015707,CUST3408,JioMart,08:29.5,41,Snacks,334,Very satisfied with the service.,5,Yes,No
ORD015712,CUST7205,Swiggy Instamart,31:29.5,29,Grocery,921,"Horrible experience, never ordering again.",1,No,Yes
ORD015720,CUST6786,Blinkit,47:29.5,26,Dairy,519,Very satisfied with the service.,5,No,No
ORD015728,CUST5130,Swiggy Instamart,40:29.5,28,Personal Care,1063,Quick and reliable!,5,No,No
ORD015730,CUST8099,Blinkit,41:29.5,34,Snacks,256,"Horrible experience, never ordering again.",1,No,Yes
ORD015737,CUST5736,JioMart,28:29.5,45,Grocery,1492,"Easy to order, loved it!",5,Yes,No
ORD015757,CUST5515,Blinkit,50:29.5,22,Grocery,402,Good quality products.,4,No,No
ORD015769,CUST7300,Blinkit,15:29.5,23,Personal Care,438,Packaging could be better.,3,No,No
ORD015773,CUST2799,Blinkit,09:29.5,22,Grocery,1267,Packaging could be better.,3,No,No
ORD015782,CUST7614,Swiggy Instamart,44:29.5,17,Snacks,225,Items missing from order.,2,No,Yes
ORD015783,CUST1332,JioMart,07:29.5,14,Beverages,472,Delivery person was rude.,2,No,Yes
ORD015786,CUST4952,Swiggy Instamart,01:29.5,17,Dairy,519,"Not fresh, disappointed.",2,No,Yes
ORD015791,CUST3997,Blinkit,31:29.5,45,Personal Care,1881,"Very late delivery, not happy.",2,Yes,Yes
ORD015793,CUST9656,Blinkit,33:29.5,29,Dairy,312,Quick and reliable!,5,No,No
ORD015794,CUST1055,Swiggy Instamart,06:29.5,15,Snacks,380,Excellent experience!,5,No,No
ORD015801,CUST8881,Blinkit,17:29.5,42,Dairy,507,"Easy to order, loved it!",5,Yes,No
ORD015807,CUST5115,JioMart,58:29.5,40,Dairy,299,Very satisfied with the service.,5,No,No
ORD015824,CUST6462,JioMart,15:29.5,54,Dairy,117,Packaging could be better.,3,Yes,No
ORD015832,CUST4789,JioMart,51:29.5,30,Beverages,172,Items missing from order.,2,No,Yes
ORD015835,CUST4358,Swiggy Instamart,23:29.5,39,Dairy,381,Excellent experience!,5,No,No
ORD015842,CUST8229,Swiggy Instamart,47:29.5,27,Fruits & Vegetables,635,"Not fresh, disappointed.",2,No,Yes
ORD015854,CUST5594,Swiggy Instamart,06:29.5,32,Grocery,982,"Easy to order, loved it!",5,No,No
ORD015861,CUST2532,Swiggy Instamart,57:29.5,34,Beverages,136,Wrong item delivered.,1,No,Yes
ORD015862,CUST5101,JioMart,17:29.5,27,Fruits & Vegetables,343,Quick and reliable!,5,No,No
ORD015872,CUST4544,Blinkit,14:29.5,32,Personal Care,1097,Wrong item delivered.,1,No,Yes
ORD015874,CUST6418,Blinkit,57:29.5,27,Grocery,375,"Horrible experience, never ordering again.",1,No,Yes
ORD015877,CUST9252,JioMart,36:29.5,43,Personal Care,1532,Very satisfied with the service.,5,Yes,No
ORD015882,CUST6717,JioMart,52:29.5,34,Snacks,165,"Horrible experience, never ordering again.",1,No,Yes
ORD015893,CUST4837,Swiggy Instamart,02:29.5,37,Fruits & Vegetables,432,Delivery person was rude.,2,No,Yes
ORD015898,CUST4238,Blinkit,39:29.5,33,Dairy,629,Excellent experience!,5,No,No
ORD015899,CUST3172,Swiggy Instamart,50:29.5,35,Snacks,381,"Fast delivery, great service!",5,No,No
ORD015921,CUST9733,JioMart,28:29.5,27,Personal Care,1599,"Very late delivery, not happy.",2,No,Yes
ORD015926,CUST3581,Swiggy Instamart,18:29.5,29,Fruits & Vegetables,106,Items missing from order.,2,No,Yes
ORD015932,CUST8120,Blinkit,36:29.5,16,Fruits & Vegetables,192,Good quality products.,4,No,No
ORD015933,CUST4756,Swiggy Instamart,03:29.5,17,Dairy,697,Quick and reliable!,5,No,No
ORD015935,CUST5360,Swiggy Instamart,19:29.5,25,Personal Care,1027,Packaging could be better.,3,No,No
ORD015936,CUST9523,Swiggy Instamart,11:29.5,37,Grocery,1312,Items missing from order.,2,No,Yes
ORD015939,CUST8422,JioMart,54:29.5,32,Dairy,296,"Very late delivery, not happy.",2,No,Yes
ORD015945,CUST3820,Swiggy Instamart,35:29.5,41,Fruits & Vegetables,675,"Not fresh, disappointed.",2,Yes,Yes
ORD015947,CUST5574,JioMart,39:29.5,30,Snacks,144,Items missing from order.,2,No,Yes
ORD015979,CUST4956,Blinkit,41:29.5,17,Grocery,1192,"Easy to order, loved it!",5,No,No
ORD015998,CUST2464,JioMart,23:29.5,47,Beverages,210,Wrong item delivered.,1,Yes,Yes
ORD016002,CUST2170,Blinkit,00:29.5,28,Personal Care,829,Excellent experience!,5,No,No
ORD016009,CUST5527,JioMart,49:29.5,23,Grocery,737,"Horrible experience, never ordering again.",1,No,Yes
ORD016019,CUST3702,Swiggy Instamart,40:29.5,43,Fruits & Vegetables,357,"Fast delivery, great service!",5,Yes,No
ORD016030,CUST3453,Swiggy Instamart,23:29.5,43,Snacks,242,"Fast delivery, great service!",5,Yes,No
ORD016032,CUST6125,Blinkit,54:29.5,15,Beverages,390,Items missing from order.,2,No,Yes
ORD016035,CUST9257,Swiggy Instamart,42:29.5,33,Beverages,625,Items missing from order.,2,No,Yes
ORD016053,CUST1695,JioMart,20:29.5,24,Beverages,236,Good quality products.,4,No,No
ORD016057,CUST1661,Swiggy Instamart,38:29.5,31,Snacks,158,"Very late delivery, not happy.",2,No,Yes
ORD016064,CUST1045,Swiggy Instamart,45:29.5,21,Snacks,341,"Fast delivery, great service!",5,No,No
ORD016088,CUST6999,JioMart,45:29.5,29,Grocery,1323,"Easy to order, loved it!",5,No,No
ORD016096,CUST7663,Blinkit,17:29.5,19,Personal Care,575,"Easy to order, loved it!",5,No,No
ORD016097,CUST4406,Blinkit,03:29.5,30,Fruits & Vegetables,343,Packaging could be better.,3,No,No
ORD016099,CUST7720,Swiggy Instamart,09:29.5,18,Grocery,433,Excellent experience!,5,No,No
ORD016101,CUST6817,Blinkit,11:29.5,29,Snacks,126,Packaging could be better.,3,No,No
ORD016102,CUST1278,Swiggy Instamart,23:29.5,29,Fruits & Vegetables,357,Items missing from order.,2,No,Yes
ORD016106,CUST2057,JioMart,25:29.5,25,Beverages,368,Items missing from order.,2,No,Yes
ORD016108,CUST5387,Blinkit,39:29.5,30,Fruits & Vegetables,526,Packaging could be better.,3,No,No
ORD016111,CUST7417,Swiggy Instamart,08:29.5,29,Grocery,592,"Not fresh, disappointed.",2,No,Yes
ORD016112,CUST5142,Swiggy Instamart,06:29.5,30,Grocery,771,Delivery person was rude.,2,No,Yes
ORD016113,CUST9660,Swiggy Instamart,23:29.5,36,Beverages,801,Delivery person was rude.,2,No,Yes
ORD016115,CUST9671,Blinkit,09:29.5,39,Snacks,445,"Easy to order, loved it!",5,No,No
ORD016120,CUST9969,Blinkit,05:29.5,33,Grocery,1117,"Horrible experience, never ordering again.",1,No,Yes
ORD016124,CUST9448,Blinkit,11:29.5,27,Snacks,205,"Easy to order, loved it!",5,No,No
ORD016129,CUST2051,Blinkit,07:29.5,16,Beverages,951,Very satisfied with the service.,5,No,No
ORD016133,CUST3537,JioMart,43:29.5,31,Fruits & Vegetables,209,"Not fresh, disappointed.",2,No,Yes
ORD016142,CUST5875,Blinkit,58:29.5,35,Dairy,753,Packaging could be better.,3,No,No
ORD016154,CUST5126,Swiggy Instamart,12:29.5,26,Grocery,574,Quick and reliable!,5,No,No
ORD016158,CUST7392,Blinkit,51:29.5,21,Dairy,491,Excellent experience!,5,No,No
ORD016161,CUST3566,JioMart,37:29.5,20,Beverages,206,Wrong item delivered.,1,No,Yes
ORD016180,CUST7736,Blinkit,49:29.5,40,Grocery,208,"Not fresh, disappointed.",2,No,Yes
ORD016183,CUST9404,Swiggy Instamart,36:29.5,51,Grocery,829,"Horrible experience, never ordering again.",1,Yes,Yes
ORD016185,CUST9277,Swiggy Instamart,38:29.5,44,Personal Care,161,Excellent experience!,5,Yes,No
ORD016191,CUST9207,Swiggy Instamart,46:29.5,25,Dairy,558,"Easy to order, loved it!",5,No,No
ORD016198,CUST2008,JioMart,03:29.5,34,Beverages,751,"Fast delivery, great service!",5,No,No
ORD016200,CUST1615,JioMart,46:29.5,32,Grocery,842,Packaging could be better.,3,No,No
ORD016201,CUST5746,JioMart,24:29.5,36,Snacks,75,Very satisfied with the service.,5,No,No
ORD016207,CUST4423,Swiggy Instamart,50:29.5,26,Beverages,329,Items missing from order.,2,No,Yes
ORD016229,CUST4243,Blinkit,10:29.5,27,Grocery,713,"Easy to order, loved it!",5,No,No
ORD016231,CUST4551,Blinkit,53:29.5,26,Fruits & Vegetables,543,Very satisfied with the service.,5,No,No
ORD016233,CUST7635,Swiggy Instamart,56:29.5,32,Fruits & Vegetables,240,Items missing from order.,2,No,Yes
ORD016238,CUST1569,Blinkit,18:29.5,44,Personal Care,371,Wrong item delivered.,1,Yes,Yes
ORD016254,CUST1435,Blinkit,32:29.5,21,Snacks,272,Wrong item delivered.,1,No,Yes
ORD016255,CUST1481,Swiggy Instamart,48:29.5,28,Personal Care,236,Excellent experience!,5,No,No
ORD016263,CUST5004,Swiggy Instamart,01:29.5,43,Grocery,705,"Very late delivery, not happy.",2,Yes,Yes
ORD016269,CUST5647,Swiggy Instamart,40:29.5,20,Beverages,378,Packaging could be better.,3,No,No
ORD016270,CUST2961,Blinkit,00:29.5,31,Dairy,541,"Very late delivery, not happy.",2,No,Yes
ORD016275,CUST7027,Blinkit,37:29.5,27,Snacks,53,"Easy to order, loved it!",5,No,No
ORD016280,CUST6099,Swiggy Instamart,20:29.5,48,Dairy,223,"Easy to order, loved it!",5,Yes,No
ORD016289,CUST4790,JioMart,06:29.5,32,Grocery,520,Wrong item delivered.,1,No,Yes
ORD016291,CUST9681,Swiggy Instamart,20:29.5,20,Grocery,771,Packaging could be better.,3,No,No
ORD016319,CUST1702,JioMart,58:29.5,20,Dairy,529,Delivery person was rude.,2,No,Yes
ORD016326,CUST8023,Blinkit,13:29.5,20,Dairy,381,Items missing from order.,2,No,Yes
ORD016328,CUST1759,Swiggy Instamart,37:29.5,33,Beverages,425,Very satisfied with the service.,5,No,No
ORD016334,CUST1294,Blinkit,12:29.5,18,Fruits & Vegetables,525,Delivery person was rude.,2,No,Yes
ORD016335,CUST1690,Blinkit,47:29.5,37,Fruits & Vegetables,114,"Not fresh, disappointed.",2,No,Yes
ORD016344,CUST1446,Swiggy Instamart,05:29.5,15,Fruits & Vegetables,692,Items missing from order.,2,No,Yes
ORD016347,CUST8465,Blinkit,09:29.5,24,Snacks,224,Excellent experience!,5,No,No
ORD016350,CUST4487,Blinkit,52:29.5,24,Personal Care,418,Delivery person was rude.,2,No,Yes
ORD016355,CUST6579,JioMart,09:29.5,29,Beverages,394,Good quality products.,4,No,No
ORD016359,CUST9340,JioMart,48:29.5,38,Beverages,972,Very satisfied with the service.,5,No,No
ORD016362,CUST2782,JioMart,02:29.5,31,Snacks,312,"Easy to order, loved it!",5,No,No
ORD016365,CUST7954,JioMart,05:29.5,49,Snacks,492,"Easy to order, loved it!",5,Yes,No
ORD016368,CUST9593,JioMart,11:29.5,37,Fruits & Vegetables,479,Good quality products.,4,No,No
ORD016373,CUST4966,JioMart,16:29.5,30,Beverages,513,Items missing from order.,2,No,Yes
ORD016374,CUST5980,Blinkit,50:29.5,30,Fruits & Vegetables,687,Packaging could be better.,3,No,No
ORD016377,CUST8330,JioMart,40:29.5,33,Grocery,1304,"Not fresh, disappointed.",2,No,Yes
ORD016378,CUST4179,JioMart,16:29.5,27,Dairy,365,"Very late delivery, not happy.",2,No,Yes
ORD016385,CUST7675,JioMart,03:29.5,47,Snacks,359,Good quality products.,4,Yes,No
ORD016387,CUST4472,JioMart,13:29.5,29,Dairy,753,"Fast delivery, great service!",5,No,No
ORD016391,CUST1874,Blinkit,26:29.5,15,Grocery,496,Wrong item delivered.,1,No,Yes
ORD016405,CUST5181,JioMart,28:29.5,20,Snacks,195,Delivery person was rude.,2,No,Yes
ORD016413,CUST9555,JioMart,56:29.5,32,Snacks,53,Quick and reliable!,5,No,No
ORD016420,CUST3407,Blinkit,56:29.5,32,Snacks,87,Wrong item delivered.,1,No,Yes
ORD016447,CUST8241,JioMart,48:29.5,35,Grocery,933,Delivery person was rude.,2,No,Yes
ORD016452,CUST9519,Swiggy Instamart,43:29.5,35,Snacks,103,Excellent experience!,5,No,No
ORD016470,CUST3412,Swiggy Instamart,35:29.5,26,Grocery,1316,Packaging could be better.,3,No,No
ORD016479,CUST7198,JioMart,10:29.5,26,Fruits & Vegetables,229,Very satisfied with the service.,5,No,No
ORD016481,CUST7667,JioMart,41:29.5,40,Grocery,337,"Fast delivery, great service!",5,No,No
ORD016493,CUST2969,JioMart,29:29.5,27,Grocery,529,Wrong item delivered.,1,No,Yes
ORD016500,CUST4942,JioMart,29:29.5,5,Snacks,398,"Not fresh, disappointed.",2,No,Yes
ORD016502,CUST9339,JioMart,16:29.5,30,Dairy,521,Good quality products.,4,No,No
ORD016508,CUST4665,Swiggy Instamart,41:29.5,40,Grocery,438,Good quality products.,4,No,No
ORD016517,CUST2913,Blinkit,23:29.5,28,Personal Care,1490,"Not fresh, disappointed.",2,No,Yes
ORD016523,CUST4167,JioMart,32:29.5,25,Personal Care,1189,Wrong item delivered.,1,No,Yes
ORD016540,CUST9549,JioMart,42:29.5,27,Beverages,254,Quick and reliable!,5,No,No
ORD016542,CUST8263,Swiggy Instamart,33:29.5,25,Grocery,354,Items missing from order.,2,No,Yes
ORD016556,CUST3659,JioMart,15:29.5,46,Fruits & Vegetables,340,Delivery person was rude.,2,Yes,Yes
ORD016558,CUST8356,Blinkit,42:29.5,22,Dairy,468,Delivery person was rude.,2,No,Yes
ORD016564,CUST6645,Swiggy Instamart,12:29.5,6,Dairy,647,Excellent experience!,5,No,No
ORD016565,CUST1318,Blinkit,59:29.5,32,Snacks,268,Packaging could be better.,3,No,No
ORD016567,CUST9062,Blinkit,51:29.5,39,Grocery,1268,Good quality products.,4,No,No
ORD016568,CUST8768,Blinkit,01:29.5,18,Fruits & Vegetables,639,Delivery person was rude.,2,No,Yes
ORD016575,CUST7509,JioMart,22:29.5,41,Snacks,393,"Easy to order, loved it!",5,Yes,No
ORD016580,CUST4199,JioMart,49:29.5,31,Beverages,688,"Fast delivery, great service!",5,No,No
ORD016599,CUST4357,JioMart,30:29.5,31,Snacks,175,Very satisfied with the service.,5,No,No
ORD016601,CUST2665,Swiggy Instamart,38:29.5,20,Beverages,976,"Not fresh, disappointed.",2,No,Yes
ORD016604,CUST1007,JioMart,40:29.5,29,Personal Care,589,Quick and reliable!,5,No,No
ORD016613,CUST8663,JioMart,32:29.5,15,Snacks,194,Delivery person was rude.,2,No,Yes
ORD016623,CUST9932,Swiggy Instamart,08:29.5,52,Fruits & Vegetables,251,Quick and reliable!,5,Yes,No
ORD016628,CUST3763,JioMart,25:29.5,42,Dairy,174,"Easy to order, loved it!",5,Yes,No
ORD016634,CUST9360,JioMart,48:29.5,44,Fruits & Vegetables,228,Delivery person was rude.,2,Yes,Yes
ORD016635,CUST1704,JioMart,50:29.5,39,Fruits & Vegetables,102,Excellent experience!,5,No,No
ORD016637,CUST8064,Swiggy Instamart,40:29.5,44,Personal Care,1888,Good quality products.,4,Yes,No
ORD016645,CUST2664,Blinkit,59:29.5,24,Snacks,203,"Very late delivery, not happy.",2,No,Yes
ORD016646,CUST7526,JioMart,09:29.5,15,Personal Care,479,Quick and reliable!,5,No,No
ORD016647,CUST8707,Swiggy Instamart,19:29.5,20,Beverages,464,Packaging could be better.,3,No,No
ORD016651,CUST8589,JioMart,41:29.5,60,Fruits & Vegetables,378,Packaging could be better.,3,Yes,No
ORD016678,CUST2883,Blinkit,25:29.5,32,Snacks,81,"Easy to order, loved it!",5,No,No
ORD016682,CUST6217,Blinkit,32:29.5,41,Personal Care,1714,Good quality products.,4,Yes,No
ORD016693,CUST2949,Swiggy Instamart,50:29.5,30,Snacks,269,Very satisfied with the service.,5,No,No
ORD016698,CUST9134,JioMart,49:29.5,24,Grocery,733,"Not fresh, disappointed.",2,No,Yes
ORD016703,CUST1253,Swiggy Instamart,11:29.5,44,Beverages,874,Delivery person was rude.,2,Yes,Yes
ORD016710,CUST3800,JioMart,40:29.5,18,Personal Care,395,"Fast delivery, great service!",5,No,No
ORD016718,CUST6997,Swiggy Instamart,04:29.5,22,Beverages,891,Good quality products.,4,No,No
ORD016722,CUST8328,JioMart,26:29.5,34,Grocery,256,Packaging could be better.,3,No,No
ORD016724,CUST5340,Blinkit,02:29.5,13,Personal Care,360,"Very late delivery, not happy.",2,No,Yes
ORD016725,CUST7634,Swiggy Instamart,36:29.5,37,Personal Care,181,Wrong item delivered.,1,No,Yes
ORD016730,CUST2191,Swiggy Instamart,47:29.5,37,Snacks,138,"Not fresh, disappointed.",2,No,Yes
ORD016734,CUST8482,Swiggy Instamart,47:29.5,36,Grocery,1047,"Very late delivery, not happy.",2,No,Yes
ORD016752,CUST5108,JioMart,15:29.5,20,Fruits & Vegetables,52,"Not fresh, disappointed.",2,No,Yes
ORD016756,CUST5884,JioMart,27:29.5,24,Dairy,100,Quick and reliable!,5,No,No
ORD016761,CUST5645,Blinkit,02:29.5,25,Grocery,1070,"Very late delivery, not happy.",2,No,Yes
ORD016763,CUST8403,Swiggy Instamart,37:29.5,22,Beverages,651,Excellent experience!,5,No,No
ORD016767,CUST1586,Swiggy Instamart,27:29.5,26,Grocery,803,Wrong item delivered.,1,No,Yes
ORD016775,CUST8333,JioMart,50:29.5,28,Grocery,458,Good quality products.,4,No,No
ORD016780,CUST4059,Blinkit,47:29.5,39,Snacks,434,Excellent experience!,5,No,No
ORD016785,CUST2277,Swiggy Instamart,06:29.5,24,Beverages,715,Items missing from order.,2,No,Yes
ORD016794,CUST8151,JioMart,07:29.5,18,Beverages,566,Packaging could be better.,3,No,No
ORD016801,CUST4213,Blinkit,18:29.5,19,Dairy,465,Items missing from order.,2,No,Yes
ORD016805,CUST6214,Blinkit,24:29.5,39,Personal Care,702,Delivery person was rude.,2,No,Yes
ORD016808,CUST7530,JioMart,27:29.5,22,Dairy,573,Items missing from order.,2,No,Yes
ORD016809,CUST4051,Blinkit,14:29.5,43,Personal Care,1862,Very satisfied with the service.,5,Yes,No
ORD016810,CUST4890,Blinkit,45:29.5,32,Personal Care,1410,Good quality products.,4,No,No
ORD016811,CUST7040,Blinkit,59:29.5,26,Dairy,373,"Horrible experience, never ordering again.",1,No,Yes
ORD016824,CUST5580,Swiggy Instamart,12:29.5,31,Snacks,294,Items missing from order.,2,No,Yes
ORD016832,CUST9578,Swiggy Instamart,43:29.5,24,Dairy,461,"Very late delivery, not happy.",2,No,Yes
ORD016833,CUST7441,JioMart,34:29.5,28,Personal Care,348,"Not fresh, disappointed.",2,No,Yes
ORD016854,CUST2304,JioMart,06:29.5,44,Snacks,243,Delivery person was rude.,2,Yes,Yes
ORD016861,CUST6625,Blinkit,08:29.5,36,Snacks,250,"Easy to order, loved it!",5,No,No
ORD016866,CUST4631,Swiggy Instamart,01:29.5,28,Personal Care,1421,Quick and reliable!,5,No,No
ORD016887,CUST5707,JioMart,10:29.5,38,Fruits & Vegetables,109,"Not fresh, disappointed.",2,No,Yes
ORD016906,CUST1617,Blinkit,27:29.5,51,Grocery,785,Good quality products.,4,Yes,No
ORD016910,CUST7463,JioMart,19:29.5,18,Personal Care,879,"Very late delivery, not happy.",2,No,Yes
ORD016920,CUST2756,Blinkit,13:29.5,41,Snacks,132,Excellent experience!,5,Yes,No
ORD016923,CUST6998,JioMart,21:29.5,35,Snacks,377,"Horrible experience, never ordering again.",1,No,Yes
ORD016925,CUST7872,Swiggy Instamart,47:29.5,21,Grocery,325,Items missing from order.,2,No,Yes
ORD016929,CUST4901,Swiggy Instamart,57:29.5,45,Fruits & Vegetables,262,"Horrible experience, never ordering again.",1,Yes,Yes
ORD016934,CUST1263,JioMart,18:29.5,19,Fruits & Vegetables,101,"Very late delivery, not happy.",2,No,Yes
ORD016939,CUST2427,Blinkit,05:29.5,31,Dairy,299,Good quality products.,4,No,No
ORD016944,CUST7273,Swiggy Instamart,53:29.5,8,Dairy,438,Very satisfied with the service.,5,No,No
ORD016947,CUST9580,Swiggy Instamart,15:29.5,12,Fruits & Vegetables,557,Delivery person was rude.,2,No,Yes
ORD016948,CUST8747,Swiggy Instamart,31:29.5,31,Grocery,273,Wrong item delivered.,1,No,Yes
ORD016960,CUST7589,Blinkit,07:29.5,32,Dairy,714,"Easy to order, loved it!",5,No,No
ORD016965,CUST7817,JioMart,05:29.5,35,Dairy,246,Items missing from order.,2,No,Yes
ORD016966,CUST1956,Blinkit,41:29.5,32,Grocery,850,"Fast delivery, great service!",5,No,No
ORD016968,CUST9297,JioMart,56:29.5,36,Beverages,915,"Not fresh, disappointed.",2,No,Yes
ORD016971,CUST9829,Blinkit,47:29.5,26,Beverages,242,Very satisfied with the service.,5,No,No
ORD016973,CUST5579,Blinkit,36:29.5,21,Dairy,683,"Very late delivery, not happy.",2,No,Yes
ORD016974,CUST5893,Swiggy Instamart,06:29.5,29,Dairy,700,"Easy to order, loved it!",5,No,No
ORD016977,CUST9072,Blinkit,09:29.5,35,Grocery,1087,"Easy to order, loved it!",5,No,No
ORD016984,CUST7913,JioMart,01:29.5,28,Personal Care,1674,"Fast delivery, great service!",5,No,No
ORD016988,CUST3912,Swiggy Instamart,06:29.5,16,Dairy,797,"Very late delivery, not happy.",2,No,Yes
ORD016998,CUST1102,Swiggy Instamart,39:29.5,33,Grocery,869,Packaging could be better.,3,No,No
ORD017002,CUST6027,Swiggy Instamart,25:29.5,35,Grocery,1430,"Very late delivery, not happy.",2,No,Yes
ORD017004,CUST4761,JioMart,43:29.5,48,Snacks,215,Packaging could be better.,3,Yes,No
ORD017009,CUST2896,JioMart,35:29.5,29,Fruits & Vegetables,592,Very satisfied with the service.,5,No,No
ORD017013,CUST4413,JioMart,23:29.5,53,Grocery,1173,"Fast delivery, great service!",5,Yes,No
ORD017037,CUST8226,JioMart,58:29.5,29,Personal Care,1928,Excellent experience!,5,No,No
ORD017048,CUST4426,Blinkit,07:29.5,28,Dairy,388,"Horrible experience, never ordering again.",1,No,Yes
ORD017053,CUST9902,Swiggy Instamart,27:29.5,30,Personal Care,1294,Items missing from order.,2,No,Yes
ORD017057,CUST2030,Blinkit,21:29.5,41,Snacks,359,Wrong item delivered.,1,Yes,Yes
ORD017067,CUST2472,Swiggy Instamart,52:29.5,5,Personal Care,1057,"Not fresh, disappointed.",2,No,Yes
ORD017076,CUST6652,Swiggy Instamart,48:29.5,25,Dairy,795,Quick and reliable!,5,No,No
ORD017085,CUST3899,Blinkit,22:29.5,30,Beverages,195,Quick and reliable!,5,No,No
ORD017087,CUST6735,Swiggy Instamart,27:29.5,35,Snacks,71,Items missing from order.,2,No,Yes
ORD017088,CUST8865,Swiggy Instamart,41:29.5,29,Snacks,156,Very satisfied with the service.,5,No,No
ORD017090,CUST6256,JioMart,28:29.5,25,Grocery,1186,"Very late delivery, not happy.",2,No,Yes
ORD017116,CUST4523,Swiggy Instamart,30:29.5,25,Dairy,643,Delivery person was rude.,2,No,Yes
ORD017118,CUST8256,Blinkit,26:29.5,26,Fruits & Vegetables,381,"Horrible experience, never ordering again.",1,No,Yes
ORD017120,CUST4049,Blinkit,06:29.5,36,Beverages,982,Delivery person was rude.,2,No,Yes
ORD017122,CUST6338,JioMart,14:29.5,26,Grocery,967,Very satisfied with the service.,5,No,No
ORD017125,CUST3542,JioMart,22:29.5,23,Fruits & Vegetables,349,Packaging could be better.,3,No,No
ORD017139,CUST6958,Blinkit,01:29.5,21,Snacks,454,Packaging could be better.,3,No,No
ORD017159,CUST5159,Swiggy Instamart,28:29.5,33,Beverages,671,Good quality products.,4,No,No
ORD017164,CUST8189,JioMart,26:29.5,26,Dairy,196,Good quality products.,4,No,No
ORD017174,CUST8676,Swiggy Instamart,25:29.5,27,Grocery,712,Wrong item delivered.,1,No,Yes
ORD017175,CUST9634,Blinkit,15:29.5,35,Beverages,560,Delivery person was rude.,2,No,Yes
ORD017181,CUST3265,Swiggy Instamart,56:29.5,15,Grocery,471,Delivery person was rude.,2,No,Yes
ORD017186,CUST1460,Blinkit,51:29.5,34,Dairy,690,Very satisfied with the service.,5,No,No
ORD017187,CUST2614,JioMart,57:29.5,33,Beverages,774,Items missing from order.,2,No,Yes
ORD017196,CUST1728,JioMart,47:29.5,26,Beverages,874,Wrong item delivered.,1,No,Yes
ORD017199,CUST8628,JioMart,17:29.5,56,Beverages,956,Packaging could be better.,3,Yes,No
ORD017209,CUST4025,JioMart,18:29.5,23,Fruits & Vegetables,671,"Horrible experience, never ordering again.",1,No,Yes
ORD017223,CUST2793,Swiggy Instamart,03:29.5,23,Personal Care,740,"Not fresh, disappointed.",2,No,Yes
ORD017225,CUST2088,Blinkit,10:29.5,41,Grocery,229,Excellent experience!,5,Yes,No
ORD017227,CUST3670,Blinkit,11:29.5,24,Personal Care,119,"Very late delivery, not happy.",2,No,Yes
ORD017255,CUST3472,Swiggy Instamart,30:29.5,40,Fruits & Vegetables,358,Items missing from order.,2,No,Yes
ORD017265,CUST1876,JioMart,32:29.5,27,Dairy,594,Excellent experience!,5,No,No
ORD017277,CUST1522,JioMart,19:29.5,27,Personal Care,1470,Very satisfied with the service.,5,No,No
ORD017278,CUST8315,Blinkit,13:29.5,27,Snacks,74,Quick and reliable!,5,No,No
ORD017279,CUST3228,JioMart,12:29.5,25,Dairy,471,Wrong item delivered.,1,No,Yes
ORD017287,CUST5810,JioMart,04:29.5,39,Beverages,212,Very satisfied with the service.,5,No,No
ORD017292,CUST4414,Blinkit,32:29.5,31,Dairy,442,Good quality products.,4,No,No
ORD017294,CUST1219,Blinkit,00:29.5,30,Grocery,1335,"Horrible experience, never ordering again.",1,No,Yes
ORD017316,CUST7153,JioMart,28:29.5,39,Beverages,707,Quick and reliable!,5,No,No
ORD017325,CUST4516,Swiggy Instamart,59:29.5,13,Personal Care,1052,"Very late delivery, not happy.",2,No,Yes
ORD017328,CUST9135,JioMart,27:29.5,29,Beverages,269,Quick and reliable!,5,No,No
ORD017329,CUST1279,Blinkit,52:29.5,27,Dairy,553,"Fast delivery, great service!",5,No,No
ORD017331,CUST4749,Blinkit,07:29.5,18,Personal Care,1007,"Easy to order, loved it!",5,No,No
ORD017346,CUST1443,Blinkit,08:29.5,37,Dairy,372,"Easy to order, loved it!",5,No,No
ORD017348,CUST2227,Swiggy Instamart,00:29.5,29,Grocery,628,Excellent experience!,5,No,No
ORD017349,CUST3558,JioMart,07:29.5,43,Personal Care,327,Quick and reliable!,5,Yes,No
ORD017362,CUST1988,Swiggy Instamart,20:29.5,16,Beverages,316,"Easy to order, loved it!",5,No,No
ORD017398,CUST8255,JioMart,16:29.5,25,Grocery,737,"Not fresh, disappointed.",2,No,Yes
ORD017399,CUST6702,JioMart,49:29.5,25,Dairy,339,Quick and reliable!,5,No,No
ORD017403,CUST3825,JioMart,56:29.5,27,Snacks,336,Delivery person was rude.,2,No,Yes
ORD017406,CUST8857,JioMart,00:29.5,22,Personal Care,1410,"Not fresh, disappointed.",2,No,Yes
ORD017413,CUST2811,Swiggy Instamart,29:29.5,31,Snacks,93,Excellent experience!,5,No,No
ORD017439,CUST8336,Swiggy Instamart,28:29.5,41,Fruits & Vegetables,219,Very satisfied with the service.,5,Yes,No
ORD017442,CUST1499,JioMart,06:29.5,34,Snacks,137,"Fast delivery, great service!",5,No,No
ORD017443,CUST2772,Swiggy Instamart,04:29.5,34,Grocery,1264,"Not fresh, disappointed.",2,No,Yes
ORD017448,CUST4202,Blinkit,55:29.5,26,Personal Care,1217,"Easy to order, loved it!",5,No,No
ORD017455,CUST1882,JioMart,45:29.5,46,Grocery,458,"Horrible experience, never ordering again.",1,Yes,Yes
ORD017458,CUST6441,Swiggy Instamart,56:29.5,19,Personal Care,202,"Very late delivery, not happy.",2,No,Yes
ORD017461,CUST5714,JioMart,32:29.5,19,Snacks,205,"Not fresh, disappointed.",2,No,Yes
ORD017471,CUST4220,JioMart,17:29.5,28,Fruits & Vegetables,196,Very satisfied with the service.,5,No,No
ORD017492,CUST7595,Swiggy Instamart,07:29.5,28,Grocery,1315,Very satisfied with the service.,5,No,No
ORD017493,CUST3565,JioMart,51:29.5,25,Grocery,1428,Delivery person was rude.,2,No,Yes
ORD017495,CUST5165,JioMart,19:29.5,26,Dairy,627,Delivery person was rude.,2,No,Yes
ORD017506,CUST8782,Swiggy Instamart,21:29.5,23,Grocery,1448,"Horrible experience, never ordering again.",1,No,Yes
ORD017509,CUST1943,Swiggy Instamart,49:29.5,27,Beverages,732,Delivery person was rude.,2,No,Yes
ORD017512,CUST7796,Blinkit,01:29.5,21,Fruits & Vegetables,176,"Fast delivery, great service!",5,No,No
ORD017513,CUST7972,JioMart,11:29.5,47,Fruits & Vegetables,342,Items missing from order.,2,Yes,Yes
ORD017515,CUST6088,Blinkit,42:29.5,26,Personal Care,1446,Wrong item delivered.,1,No,Yes
ORD017530,CUST9910,Blinkit,38:29.5,23,Personal Care,177,"Horrible experience, never ordering again.",1,No,Yes
ORD017532,CUST5416,Swiggy Instamart,51:29.5,41,Grocery,225,"Horrible experience, never ordering again.",1,Yes,Yes
ORD017535,CUST5084,Blinkit,13:29.5,37,Beverages,932,Good quality products.,4,No,No
ORD017544,CUST9141,JioMart,51:29.5,13,Grocery,1379,"Easy to order, loved it!",5,No,No
ORD017549,CUST2066,JioMart,32:29.5,54,Fruits & Vegetables,370,Quick and reliable!,5,Yes,No
ORD017561,CUST3432,JioMart,35:29.5,59,Personal Care,1183,Very satisfied with the service.,5,Yes,No
ORD017566,CUST8946,Blinkit,21:29.5,38,Dairy,767,Wrong item delivered.,1,No,Yes
ORD017570,CUST4822,Blinkit,18:29.5,31,Beverages,497,Delivery person was rude.,2,No,Yes
ORD017575,CUST4455,Swiggy Instamart,54:29.5,15,Snacks,479,"Fast delivery, great service!",5,No,No
ORD017580,CUST1240,Swiggy Instamart,35:29.5,11,Snacks,342,Quick and reliable!,5,No,No
ORD017593,CUST3810,Swiggy Instamart,39:29.5,31,Snacks,451,Good quality products.,4,No,No
ORD017600,CUST5251,Blinkit,48:29.5,21,Grocery,795,Packaging could be better.,3,No,No
ORD017603,CUST2371,Swiggy Instamart,55:29.5,23,Grocery,1165,"Very late delivery, not happy.",2,No,Yes
ORD017611,CUST2368,Swiggy Instamart,20:29.5,28,Dairy,363,Quick and reliable!,5,No,No
ORD017634,CUST9304,Blinkit,29:29.5,23,Snacks,185,"Easy to order, loved it!",5,No,No
ORD017644,CUST1767,Swiggy Instamart,04:29.5,39,Beverages,122,Excellent experience!,5,No,No
ORD017646,CUST8771,Blinkit,41:29.5,23,Snacks,100,"Very late delivery, not happy.",2,No,Yes
ORD017648,CUST8754,JioMart,18:29.5,20,Fruits & Vegetables,361,Items missing from order.,2,No,Yes
ORD017663,CUST7938,JioMart,12:29.5,38,Grocery,843,Good quality products.,4,No,No
ORD017667,CUST7424,Blinkit,29:29.5,40,Personal Care,1638,Quick and reliable!,5,No,No
ORD017679,CUST6809,Swiggy Instamart,47:29.5,17,Fruits & Vegetables,393,Items missing from order.,2,No,Yes
ORD017687,CUST4672,JioMart,16:29.5,37,Grocery,389,Quick and reliable!,5,No,No
ORD017690,CUST6800,JioMart,11:29.5,35,Personal Care,1746,"Not fresh, disappointed.",2,No,Yes
ORD017695,CUST5798,Blinkit,47:29.5,24,Snacks,456,Excellent experience!,5,No,No
ORD017703,CUST5338,JioMart,16:29.5,49,Personal Care,1980,Items missing from order.,2,Yes,Yes
ORD017705,CUST1419,JioMart,17:29.5,48,Dairy,739,Delivery person was rude.,2,Yes,Yes
ORD017714,CUST3505,JioMart,51:29.5,52,Beverages,737,Good quality products.,4,Yes,No
ORD017732,CUST7555,Swiggy Instamart,14:29.5,31,Grocery,694,"Horrible experience, never ordering again.",1,No,Yes
ORD017739,CUST5235,Swiggy Instamart,33:29.5,22,Fruits & Vegetables,673,Good quality products.,4,No,No
ORD017742,CUST3479,Swiggy Instamart,53:29.5,17,Snacks,493,"Easy to order, loved it!",5,No,No
ORD017743,CUST9637,Swiggy Instamart,37:29.5,32,Personal Care,1414,Packaging could be better.,3,No,No
ORD017758,CUST7674,Swiggy Instamart,58:29.5,41,Beverages,683,"Easy to order, loved it!",5,Yes,No
ORD017772,CUST2546,Blinkit,34:29.5,17,Snacks,182,Quick and reliable!,5,No,No
ORD017789,CUST5737,JioMart,49:29.5,35,Beverages,167,"Not fresh, disappointed.",2,No,Yes
ORD017795,CUST8701,Swiggy Instamart,02:29.5,37,Beverages,306,Delivery person was rude.,2,No,Yes
ORD017809,CUST3383,Swiggy Instamart,41:29.5,38,Personal Care,1285,"Fast delivery, great service!",5,No,No
ORD017814,CUST5437,JioMart,28:29.5,36,Fruits & Vegetables,90,Items missing from order.,2,No,Yes
ORD017819,CUST6348,Blinkit,36:29.5,42,Snacks,450,Delivery person was rude.,2,Yes,Yes
ORD017828,CUST7485,JioMart,43:29.5,29,Personal Care,1835,Quick and reliable!,5,No,No
ORD017833,CUST6117,JioMart,56:29.5,27,Snacks,345,"Horrible experience, never ordering again.",1,No,Yes
ORD017842,CUST3208,Blinkit,21:29.5,33,Dairy,464,Delivery person was rude.,2,No,Yes
ORD017858,CUST9811,Swiggy Instamart,20:29.5,19,Personal Care,1467,"Easy to order, loved it!",5,No,No
ORD017859,CUST7469,Swiggy Instamart,52:29.5,12,Grocery,1028,Packaging could be better.,3,No,No
ORD017867,CUST9432,Blinkit,17:29.5,54,Snacks,353,Very satisfied with the service.,5,Yes,No
ORD017868,CUST5258,Swiggy Instamart,48:29.5,41,Personal Care,1352,"Not fresh, disappointed.",2,Yes,Yes
ORD017876,CUST1405,Swiggy Instamart,33:29.5,36,Beverages,572,Excellent experience!,5,No,No
ORD017884,CUST5805,Blinkit,02:29.5,40,Personal Care,1886,Very satisfied with the service.,5,No,No
ORD017889,CUST8067,JioMart,39:29.5,26,Personal Care,1600,Very satisfied with the service.,5,No,No
ORD017891,CUST7724,Swiggy Instamart,27:29.5,29,Dairy,718,Packaging could be better.,3,No,No
ORD017895,CUST5294,Swiggy Instamart,30:29.5,23,Fruits & Vegetables,302,"Very late delivery, not happy.",2,No,Yes
ORD017899,CUST6156,JioMart,20:29.5,19,Snacks,289,Quick and reliable!,5,No,No
ORD017902,CUST9028,Blinkit,53:29.5,13,Beverages,969,"Very late delivery, not happy.",2,No,Yes
ORD017907,CUST8382,Blinkit,23:29.5,27,Fruits & Vegetables,56,Quick and reliable!,5,No,No
ORD017922,CUST4019,Blinkit,54:29.5,50,Dairy,608,"Horrible experience, never ordering again.",1,Yes,Yes
ORD017923,CUST7860,JioMart,30:29.5,20,Beverages,817,Good quality products.,4,No,No
ORD017924,CUST6513,Swiggy Instamart,47:29.5,35,Grocery,428,"Horrible experience, never ordering again.",1,No,Yes
ORD017928,CUST7496,JioMart,45:29.5,29,Dairy,739,Excellent experience!,5,No,No
ORD017940,CUST5818,Swiggy Instamart,26:29.5,19,Grocery,269,"Easy to order, loved it!",5,No,No
ORD017941,CUST3966,JioMart,02:29.5,34,Personal Care,464,Good quality products.,4,No,No
ORD017947,CUST7573,Swiggy Instamart,13:29.5,19,Snacks,352,Wrong item delivered.,1,No,Yes
ORD017949,CUST6177,Blinkit,59:29.5,48,Beverages,581,Wrong item delivered.,1,Yes,Yes
ORD017952,CUST1454,Blinkit,05:29.5,38,Dairy,791,Quick and reliable!,5,No,No
ORD017967,CUST9795,JioMart,28:29.5,20,Dairy,217,"Fast delivery, great service!",5,No,No
ORD017980,CUST8275,Swiggy Instamart,10:29.5,40,Snacks,394,"Not fresh, disappointed.",2,No,Yes
ORD017989,CUST2247,JioMart,15:29.5,33,Personal Care,881,Excellent experience!,5,No,No
ORD017995,CUST9663,Blinkit,19:29.5,34,Personal Care,1464,"Not fresh, disappointed.",2,No,Yes
ORD018000,CUST4735,Blinkit,45:29.5,38,Fruits & Vegetables,272,Quick and reliable!,5,No,No
ORD018007,CUST6740,Blinkit,15:29.5,26,Fruits & Vegetables,96,Items missing from order.,2,No,Yes
ORD018008,CUST3765,JioMart,41:29.5,16,Beverages,643,Items missing from order.,2,No,Yes
ORD018009,CUST7037,Blinkit,02:29.5,17,Fruits & Vegetables,623,"Not fresh, disappointed.",2,No,Yes
ORD018015,CUST3021,Swiggy Instamart,32:29.5,30,Grocery,1263,"Very late delivery, not happy.",2,No,Yes
ORD018022,CUST1772,JioMart,45:29.5,32,Snacks,76,"Fast delivery, great service!",5,No,No
ORD018027,CUST7019,JioMart,47:29.5,34,Beverages,637,Packaging could be better.,3,No,No
ORD018028,CUST5672,JioMart,56:29.5,23,Personal Care,675,Excellent experience!,5,No,No
ORD018031,CUST3386,Swiggy Instamart,02:29.5,43,Fruits & Vegetables,127,Good quality products.,4,Yes,No
ORD018032,CUST4224,JioMart,29:29.5,27,Beverages,635,"Horrible experience, never ordering again.",1,No,Yes
ORD018039,CUST5677,Swiggy Instamart,29:29.5,25,Grocery,746,"Fast delivery, great service!",5,No,No
ORD018046,CUST4379,Swiggy Instamart,29:29.5,56,Grocery,1346,Quick and reliable!,5,Yes,No
ORD018047,CUST4979,Blinkit,30:29.5,19,Personal Care,711,Excellent experience!,5,No,No
ORD018050,CUST9016,JioMart,36:29.5,17,Snacks,265,Items missing from order.,2,No,Yes
ORD018052,CUST1503,JioMart,38:29.5,26,Dairy,799,"Easy to order, loved it!",5,No,No
ORD018055,CUST7217,Blinkit,02:29.5,30,Beverages,941,Items missing from order.,2,No,Yes
ORD018061,CUST9894,JioMart,59:29.5,30,Grocery,1150,"Not fresh, disappointed.",2,No,Yes
ORD018062,CUST1995,Swiggy Instamart,03:29.5,34,Personal Care,331,Quick and reliable!,5,No,No
ORD018064,CUST7341,JioMart,13:29.5,14,Grocery,1487,Quick and reliable!,5,No,No
ORD018070,CUST1543,Swiggy Instamart,47:29.5,21,Snacks,323,Quick and reliable!,5,No,No
ORD018073,CUST6324,Swiggy Instamart,51:29.5,27,Fruits & Vegetables,618,"Horrible experience, never ordering again.",1,No,Yes
ORD018075,CUST9241,Swiggy Instamart,25:29.5,31,Personal Care,1508,"Horrible experience, never ordering again.",1,No,Yes
ORD018097,CUST5568,JioMart,42:29.5,20,Beverages,783,Packaging could be better.,3,No,No
ORD018099,CUST5167,JioMart,53:29.5,33,Fruits & Vegetables,382,Delivery person was rude.,2,No,Yes
ORD018102,CUST5290,Blinkit,43:29.5,34,Dairy,182,"Horrible experience, never ordering again.",1,No,Yes
ORD018107,CUST9766,Blinkit,47:29.5,13,Beverages,732,Items missing from order.,2,No,Yes
ORD018116,CUST4947,Swiggy Instamart,58:29.5,24,Personal Care,971,Items missing from order.,2,No,Yes
ORD018124,CUST9828,Swiggy Instamart,13:29.5,40,Dairy,638,"Easy to order, loved it!",5,No,No
ORD018125,CUST7324,Blinkit,18:29.5,42,Grocery,1365,Good quality products.,4,Yes,No
ORD018134,CUST3176,JioMart,33:29.5,30,Beverages,385,"Not fresh, disappointed.",2,No,Yes
ORD018136,CUST2714,Swiggy Instamart,58:29.5,25,Personal Care,720,"Horrible experience, never ordering again.",1,No,Yes
ORD018140,CUST5158,Blinkit,40:29.5,17,Snacks,430,Packaging could be better.,3,No,No
ORD018152,CUST4709,JioMart,41:29.5,17,Personal Care,1758,Quick and reliable!,5,No,No
ORD018162,CUST1492,JioMart,50:29.5,39,Beverages,538,Very satisfied with the service.,5,No,No
ORD018169,CUST1808,Blinkit,47:29.5,26,Personal Care,805,Items missing from order.,2,No,Yes
ORD018173,CUST2984,Swiggy Instamart,19:29.5,33,Beverages,987,Delivery person was rude.,2,No,Yes
ORD018196,CUST9974,Swiggy Instamart,25:29.5,31,Beverages,774,"Easy to order, loved it!",5,No,No
ORD018211,CUST1776,Swiggy Instamart,22:29.5,28,Beverages,978,Good quality products.,4,No,No
ORD018216,CUST4194,Blinkit,13:29.5,26,Beverages,664,Excellent experience!,5,No,No
ORD018217,CUST6158,JioMart,37:29.5,46,Beverages,165,Very satisfied with the service.,5,Yes,No
ORD018223,CUST1059,Blinkit,27:29.5,22,Fruits & Vegetables,119,"Very late delivery, not happy.",2,No,Yes
ORD018230,CUST7063,JioMart,41:29.5,41,Snacks,215,"Very late delivery, not happy.",2,Yes,Yes
ORD018235,CUST2221,Swiggy Instamart,43:29.5,35,Snacks,490,Excellent experience!,5,No,No
ORD018238,CUST1754,Swiggy Instamart,20:29.5,24,Beverages,129,Items missing from order.,2,No,Yes
ORD018243,CUST5401,Swiggy Instamart,32:29.5,29,Grocery,1450,Quick and reliable!,5,No,No
ORD018245,CUST2209,JioMart,05:29.5,25,Dairy,422,Wrong item delivered.,1,No,Yes
ORD018246,CUST1213,JioMart,34:29.5,35,Fruits & Vegetables,519,"Fast delivery, great service!",5,No,No
ORD018255,CUST8323,Swiggy Instamart,49:29.5,27,Snacks,187,"Horrible experience, never ordering again.",1,No,Yes
ORD018256,CUST9874,Swiggy Instamart,09:29.5,37,Grocery,1343,Packaging could be better.,3,No,No
ORD018261,CUST8691,Blinkit,02:29.5,9,Fruits & Vegetables,670,"Easy to order, loved it!",5,No,No
ORD018275,CUST7639,JioMart,12:29.5,9,Personal Care,225,"Very late delivery, not happy.",2,No,Yes
ORD018279,CUST1252,Blinkit,23:29.5,25,Snacks,282,Good quality products.,4,No,No
ORD018280,CUST9650,JioMart,53:29.5,29,Beverages,411,"Very late delivery, not happy.",2,No,Yes
ORD018281,CUST4835,JioMart,24:29.5,23,Beverages,725,Very satisfied with the service.,5,No,No
ORD018293,CUST8024,Swiggy Instamart,20:29.5,16,Personal Care,1838,Excellent experience!,5,No,No
ORD018300,CUST1382,JioMart,05:29.5,48,Beverages,808,"Easy to order, loved it!",5,Yes,No
ORD018306,CUST8071,Blinkit,05:29.5,32,Dairy,550,Items missing from order.,2,No,Yes
ORD018321,CUST6498,Swiggy Instamart,20:29.5,31,Fruits & Vegetables,308,Good quality products.,4,No,No
ORD018325,CUST8545,JioMart,05:29.5,47,Snacks,213,"Easy to order, loved it!",5,Yes,No
ORD018333,CUST7309,Swiggy Instamart,28:29.5,32,Snacks,463,"Easy to order, loved it!",5,No,No
ORD018335,CUST2222,Swiggy Instamart,49:29.5,21,Personal Care,233,Wrong item delivered.,1,No,Yes
ORD018346,CUST3665,Blinkit,27:29.5,35,Snacks,348,Wrong item delivered.,1,No,Yes
ORD018348,CUST8823,Blinkit,11:29.5,20,Snacks,344,"Fast delivery, great service!",5,No,No
ORD018356,CUST5364,Blinkit,19:29.5,24,Dairy,461,Delivery person was rude.,2,No,Yes
ORD018359,CUST6678,Blinkit,38:29.5,48,Fruits & Vegetables,653,Items missing from order.,2,Yes,Yes
ORD018368,CUST1047,JioMart,43:29.5,18,Dairy,655,Excellent experience!,5,No,No
ORD018371,CUST7015,Blinkit,28:29.5,26,Dairy,749,Packaging could be better.,3,No,No
ORD018381,CUST5507,Blinkit,07:29.5,25,Snacks,379,"Easy to order, loved it!",5,No,No
ORD018384,CUST3812,Blinkit,45:29.5,26,Dairy,181,"Easy to order, loved it!",5,No,No
ORD018385,CUST4461,JioMart,04:29.5,38,Personal Care,557,Delivery person was rude.,2,No,Yes
ORD018398,CUST9522,Blinkit,30:29.5,41,Beverages,228,Items missing from order.,2,Yes,Yes
ORD018406,CUST3232,Swiggy Instamart,08:29.5,28,Personal Care,1519,"Easy to order, loved it!",5,No,No
ORD018408,CUST2187,JioMart,25:29.5,41,Snacks,405,"Fast delivery, great service!",5,Yes,No
ORD018418,CUST2498,JioMart,18:29.5,33,Grocery,837,"Not fresh, disappointed.",2,No,Yes
ORD018423,CUST8599,JioMart,55:29.5,23,Fruits & Vegetables,342,Delivery person was rude.,2,No,Yes
ORD018425,CUST2411,JioMart,29:29.5,17,Fruits & Vegetables,116,Packaging could be better.,3,No,No
ORD018426,CUST6160,JioMart,24:29.5,35,Dairy,439,Packaging could be better.,3,No,No
ORD018430,CUST1714,JioMart,20:29.5,26,Dairy,170,"Horrible experience, never ordering again.",1,No,Yes
ORD018444,CUST1075,Blinkit,21:29.5,35,Dairy,751,Items missing from order.,2,No,Yes
ORD018449,CUST6116,Swiggy Instamart,15:29.5,24,Dairy,381,Wrong item delivered.,1,No,Yes
ORD018452,CUST4719,JioMart,49:29.5,16,Dairy,498,"Easy to order, loved it!",5,No,No
ORD018454,CUST9550,JioMart,25:29.5,13,Personal Care,1310,"Easy to order, loved it!",5,No,No
ORD018459,CUST6646,JioMart,00:29.5,29,Dairy,311,"Fast delivery, great service!",5,No,No
ORD018460,CUST3154,JioMart,11:29.5,18,Fruits & Vegetables,126,"Horrible experience, never ordering again.",1,No,Yes
ORD018476,CUST1581,Swiggy Instamart,48:29.5,14,Beverages,521,"Fast delivery, great service!",5,No,No
ORD018484,CUST4001,Blinkit,16:29.5,24,Dairy,163,"Horrible experience, never ordering again.",1,No,Yes
ORD018485,CUST2125,JioMart,56:29.5,38,Dairy,250,"Very late delivery, not happy.",2,No,Yes
ORD018489,CUST6897,JioMart,11:29.5,46,Personal Care,523,"Not fresh, disappointed.",2,Yes,Yes
ORD018492,CUST9585,Swiggy Instamart,42:29.5,10,Snacks,112,Excellent experience!,5,No,No
ORD018493,CUST4964,JioMart,06:29.5,16,Dairy,617,"Horrible experience, never ordering again.",1,No,Yes
ORD018499,CUST7645,Blinkit,42:29.5,5,Grocery,359,Packaging could be better.,3,No,No
ORD018513,CUST4198,JioMart,03:29.5,37,Beverages,339,"Very late delivery, not happy.",2,No,Yes
ORD018522,CUST3259,Blinkit,20:29.5,38,Fruits & Vegetables,199,Good quality products.,4,No,No
ORD018524,CUST1777,JioMart,46:29.5,37,Fruits & Vegetables,225,Quick and reliable!,5,No,No
ORD018532,CUST7446,JioMart,39:29.5,18,Beverages,123,Excellent experience!,5,No,No
ORD018533,CUST6899,JioMart,57:29.5,28,Beverages,175,"Easy to order, loved it!",5,No,No
ORD018535,CUST6497,JioMart,05:29.5,41,Grocery,895,"Not fresh, disappointed.",2,Yes,Yes
ORD018536,CUST6774,Swiggy Instamart,43:29.5,25,Fruits & Vegetables,586,Packaging could be better.,3,No,No
ORD018541,CUST4374,JioMart,31:29.5,39,Grocery,1022,"Easy to order, loved it!",5,No,No
ORD018545,CUST9861,Swiggy Instamart,40:29.5,12,Snacks,219,"Very late delivery, not happy.",2,No,Yes
ORD018556,CUST2365,Blinkit,27:29.5,24,Grocery,824,Very satisfied with the service.,5,No,No
ORD018576,CUST5391,JioMart,02:29.5,34,Snacks,491,Excellent experience!,5,No,No
ORD018577,CUST2362,Swiggy Instamart,21:29.5,29,Snacks,105,Good quality products.,4,No,No
ORD018611,CUST1811,JioMart,53:29.5,43,Grocery,1359,Items missing from order.,2,Yes,Yes
ORD018615,CUST4778,JioMart,41:29.5,45,Grocery,1494,Items missing from order.,2,Yes,Yes
ORD018621,CUST4542,Swiggy Instamart,50:29.5,17,Beverages,872,Wrong item delivered.,1,No,Yes
ORD018627,CUST5545,Swiggy Instamart,22:29.5,46,Snacks,236,Excellent experience!,5,Yes,No
ORD018634,CUST9298,Blinkit,41:29.5,30,Fruits & Vegetables,382,Delivery person was rude.,2,No,Yes
ORD018640,CUST2536,Swiggy Instamart,57:29.5,29,Beverages,646,"Very late delivery, not happy.",2,No,Yes
ORD018644,CUST9936,Blinkit,11:29.5,43,Beverages,679,Delivery person was rude.,2,Yes,Yes
ORD018645,CUST6884,JioMart,44:29.5,26,Snacks,154,"Not fresh, disappointed.",2,No,Yes
ORD018649,CUST6578,JioMart,12:29.5,23,Snacks,350,"Very late delivery, not happy.",2,No,Yes
ORD018654,CUST2157,Blinkit,44:29.5,20,Dairy,132,Good quality products.,4,No,No
ORD018668,CUST8196,Blinkit,57:29.5,21,Dairy,146,Wrong item delivered.,1,No,Yes
ORD018672,CUST4958,Blinkit,07:29.5,27,Snacks,98,Excellent experience!,5,No,No
ORD018680,CUST6025,Swiggy Instamart,18:29.5,38,Personal Care,258,Excellent experience!,5,No,No
ORD018682,CUST4686,Swiggy Instamart,26:29.5,16,Snacks,87,"Easy to order, loved it!",5,No,No
ORD018690,CUST6475,JioMart,54:29.5,42,Grocery,1016,"Not fresh, disappointed.",2,Yes,Yes
ORD018705,CUST4008,JioMart,27:29.5,38,Grocery,735,"Easy to order, loved it!",5,No,No
ORD018707,CUST2732,Swiggy Instamart,06:29.5,33,Snacks,306,Very satisfied with the service.,5,No,No
ORD018714,CUST3448,JioMart,33:29.5,43,Fruits & Vegetables,591,Quick and reliable!,5,Yes,No
ORD018720,CUST2142,Swiggy Instamart,43:29.5,41,Fruits & Vegetables,482,Delivery person was rude.,2,Yes,Yes
ORD018732,CUST5149,JioMart,42:29.5,8,Snacks,269,"Horrible experience, never ordering again.",1,No,Yes
ORD018753,CUST3801,JioMart,27:29.5,19,Personal Care,585,Items missing from order.,2,No,Yes
ORD018760,CUST4936,JioMart,22:29.5,31,Dairy,152,Good quality products.,4,No,No
ORD018771,CUST5191,Blinkit,11:29.5,28,Grocery,856,Excellent experience!,5,No,No
ORD018779,CUST2488,Blinkit,30:29.5,36,Fruits & Vegetables,506,Wrong item delivered.,1,No,Yes
ORD018795,CUST9009,JioMart,02:29.5,36,Beverages,688,Very satisfied with the service.,5,No,No
ORD018798,CUST2547,Blinkit,57:29.5,40,Snacks,109,"Horrible experience, never ordering again.",1,No,Yes
ORD018801,CUST2836,JioMart,44:29.5,28,Grocery,309,Quick and reliable!,5,No,No
ORD018805,CUST9774,Blinkit,19:29.5,37,Dairy,517,"Easy to order, loved it!",5,No,No
ORD018806,CUST7085,Swiggy Instamart,11:29.5,17,Personal Care,231,"Not fresh, disappointed.",2,No,Yes
ORD018813,CUST2543,JioMart,35:29.5,32,Beverages,799,Excellent experience!,5,No,No
ORD018834,CUST1875,Blinkit,25:29.5,23,Personal Care,1938,Quick and reliable!,5,No,No
ORD018853,CUST2452,JioMart,11:29.5,24,Fruits & Vegetables,603,Very satisfied with the service.,5,No,No
ORD018857,CUST5567,JioMart,15:29.5,24,Fruits & Vegetables,369,"Easy to order, loved it!",5,No,No
ORD018860,CUST9599,Swiggy Instamart,39:29.5,36,Beverages,835,Wrong item delivered.,1,No,Yes
ORD018863,CUST7905,Blinkit,17:29.5,20,Dairy,333,Delivery person was rude.,2,No,Yes
ORD018871,CUST4405,JioMart,52:29.5,31,Dairy,432,Quick and reliable!,5,No,No
ORD018872,CUST1830,JioMart,56:29.5,17,Beverages,506,"Horrible experience, never ordering again.",1,No,Yes
ORD018873,CUST5538,Blinkit,32:29.5,20,Beverages,976,Packaging could be better.,3,No,No
ORD018886,CUST1678,Swiggy Instamart,39:29.5,18,Beverages,317,Very satisfied with the service.,5,No,No
ORD018890,CUST7847,Swiggy Instamart,20:29.5,13,Fruits & Vegetables,433,"Very late delivery, not happy.",2,No,Yes
ORD018899,CUST6643,JioMart,24:29.5,37,Personal Care,268,Quick and reliable!,5,No,No
ORD018918,CUST7195,Swiggy Instamart,53:29.5,41,Personal Care,347,Delivery person was rude.,2,Yes,Yes
ORD018922,CUST4574,JioMart,27:29.5,41,Personal Care,972,Very satisfied with the service.,5,Yes,No
ORD018925,CUST5319,Blinkit,28:29.5,22,Snacks,475,Items missing from order.,2,No,Yes
ORD018929,CUST2095,Swiggy Instamart,37:29.5,22,Snacks,429,Items missing from order.,2,No,Yes
ORD018932,CUST3657,JioMart,15:29.5,5,Dairy,622,Very satisfied with the service.,5,No,No
ORD018953,CUST2378,Blinkit,17:29.5,15,Snacks,254,"Horrible experience, never ordering again.",1,No,Yes
ORD018954,CUST9390,Swiggy Instamart,59:29.5,30,Beverages,378,"Not fresh, disappointed.",2,No,Yes
ORD018960,CUST5701,Blinkit,55:29.5,12,Personal Care,819,"Easy to order, loved it!",5,No,No
ORD018966,CUST7414,Blinkit,00:29.5,36,Dairy,547,"Easy to order, loved it!",5,No,No
ORD018975,CUST7175,Swiggy Instamart,41:29.5,50,Personal Care,1795,Quick and reliable!,5,Yes,No
ORD018980,CUST3767,JioMart,07:29.5,31,Dairy,278,"Not fresh, disappointed.",2,No,Yes
ORD018982,CUST3206,JioMart,50:29.5,7,Grocery,442,Packaging could be better.,3,No,No
ORD018993,CUST6252,JioMart,48:29.5,35,Dairy,333,Delivery person was rude.,2,No,Yes
ORD018994,CUST5367,Blinkit,02:29.5,20,Fruits & Vegetables,341,Items missing from order.,2,No,Yes
ORD019011,CUST4293,Blinkit,41:29.5,21,Beverages,137,"Fast delivery, great service!",5,No,No
ORD019012,CUST6551,Swiggy Instamart,59:29.5,21,Personal Care,334,"Horrible experience, never ordering again.",1,No,Yes
ORD019014,CUST3195,JioMart,39:29.5,32,Grocery,1063,"Horrible experience, never ordering again.",1,No,Yes
ORD019022,CUST4864,JioMart,08:29.5,20,Dairy,480,"Easy to order, loved it!",5,No,No
ORD019033,CUST9183,JioMart,26:29.5,9,Beverages,870,"Very late delivery, not happy.",2,No,Yes
ORD019042,CUST9181,Swiggy Instamart,20:29.5,30,Dairy,252,Items missing from order.,2,No,Yes
ORD019050,CUST4930,Blinkit,05:29.5,20,Beverages,199,"Very late delivery, not happy.",2,No,Yes
ORD019051,CUST8153,JioMart,55:29.5,36,Dairy,301,Quick and reliable!,5,No,No
ORD019058,CUST7263,Swiggy Instamart,46:29.5,39,Grocery,761,"Not fresh, disappointed.",2,No,Yes
ORD019074,CUST9323,Swiggy Instamart,30:29.5,27,Dairy,660,Items missing from order.,2,No,Yes
ORD019075,CUST2434,Blinkit,52:29.5,35,Dairy,573,Wrong item delivered.,1,No,Yes
ORD019077,CUST4037,JioMart,37:29.5,14,Dairy,710,Quick and reliable!,5,No,No
ORD019078,CUST7538,Blinkit,38:29.5,26,Grocery,1282,Excellent experience!,5,No,No
ORD019092,CUST3239,Swiggy Instamart,02:29.5,37,Dairy,727,Very satisfied with the service.,5,No,No
ORD019116,CUST4604,Blinkit,26:29.5,34,Beverages,378,"Not fresh, disappointed.",2,No,Yes
ORD019117,CUST8502,Blinkit,11:29.5,20,Grocery,209,Items missing from order.,2,No,Yes
ORD019119,CUST2708,Blinkit,28:29.5,40,Snacks,325,"Easy to order, loved it!",5,No,No
ORD019126,CUST6837,Swiggy Instamart,23:29.5,31,Beverages,758,"Not fresh, disappointed.",2,No,Yes
ORD019132,CUST9994,Blinkit,10:29.5,35,Grocery,1334,"Easy to order, loved it!",5,No,No
ORD019139,CUST6943,Swiggy Instamart,04:29.5,18,Snacks,207,"Not fresh, disappointed.",2,No,Yes
ORD019140,CUST5577,Swiggy Instamart,46:29.5,35,Grocery,1497,Good quality products.,4,No,No
ORD019141,CUST3887,Blinkit,25:29.5,29,Personal Care,188,"Very late delivery, not happy.",2,No,Yes
ORD019147,CUST9160,Blinkit,19:29.5,22,Grocery,1034,Packaging could be better.,3,No,No
ORD019149,CUST2842,Blinkit,38:29.5,20,Beverages,475,"Easy to order, loved it!",5,No,No
ORD019152,CUST3680,JioMart,38:29.5,42,Fruits & Vegetables,401,Quick and reliable!,5,Yes,No
ORD019189,CUST3919,JioMart,49:29.5,44,Fruits & Vegetables,442,Quick and reliable!,5,Yes,No
ORD019190,CUST3097,JioMart,02:29.5,33,Personal Care,1097,"Horrible experience, never ordering again.",1,No,Yes
ORD019192,CUST6065,Swiggy Instamart,35:29.5,43,Dairy,672,"Not fresh, disappointed.",2,Yes,Yes
ORD019194,CUST6239,Blinkit,46:29.5,29,Snacks,248,Good quality products.,4,No,No
ORD019198,CUST7970,Swiggy Instamart,07:29.5,32,Personal Care,1342,"Very late delivery, not happy.",2,No,Yes
ORD019199,CUST1433,Blinkit,25:29.5,21,Fruits & Vegetables,381,Excellent experience!,5,No,No
ORD019209,CUST1574,JioMart,30:29.5,30,Beverages,657,Excellent experience!,5,No,No
ORD019221,CUST4055,JioMart,59:29.5,29,Snacks,465,"Very late delivery, not happy.",2,No,Yes
ORD019234,CUST4716,Blinkit,20:29.5,38,Personal Care,634,Delivery person was rude.,2,No,Yes
ORD019251,CUST6734,Swiggy Instamart,48:29.5,38,Beverages,338,"Very late delivery, not happy.",2,No,Yes
ORD019275,CUST2634,JioMart,30:29.5,37,Beverages,370,"Fast delivery, great service!",5,No,No
ORD019294,CUST4550,JioMart,29:29.5,36,Grocery,418,"Very late delivery, not happy.",2,No,Yes
ORD019301,CUST5784,Swiggy Instamart,05:29.5,41,Personal Care,1004,Very satisfied with the service.,5,Yes,No
ORD019320,CUST5008,JioMart,29:29.5,28,Dairy,799,Wrong item delivered.,1,No,Yes
ORD019325,CUST5449,Blinkit,56:29.5,6,Beverages,121,Wrong item delivered.,1,No,Yes
ORD019326,CUST7501,Blinkit,32:29.5,29,Dairy,263,Very satisfied with the service.,5,No,No
ORD019354,CUST6141,Swiggy Instamart,00:29.5,18,Personal Care,1743,"Horrible experience, never ordering again.",1,No,Yes
ORD019358,CUST6923,JioMart,24:29.5,44,Fruits & Vegetables,661,Wrong item delivered.,1,Yes,Yes
ORD019371,CUST6405,Swiggy Instamart,44:29.5,46,Dairy,480,Packaging could be better.,3,Yes,No
ORD019372,CUST8016,Blinkit,21:29.5,33,Personal Care,175,Very satisfied with the service.,5,No,No
ORD019379,CUST8386,Swiggy Instamart,54:29.5,24,Dairy,786,Excellent experience!,5,No,No
ORD019397,CUST3227,Blinkit,28:29.5,20,Personal Care,1015,"Not fresh, disappointed.",2,No,Yes
ORD019398,CUST2471,Swiggy Instamart,05:29.5,18,Grocery,1238,Items missing from order.,2,No,Yes
ORD019400,CUST6037,Swiggy Instamart,45:29.5,25,Dairy,510,Packaging could be better.,3,No,No
ORD019402,CUST4306,Swiggy Instamart,45:29.5,37,Beverages,464,Good quality products.,4,No,No
ORD019424,CUST7379,JioMart,24:29.5,32,Beverages,730,"Not fresh, disappointed.",2,No,Yes
ORD019425,CUST1463,Blinkit,10:29.5,23,Grocery,400,Packaging could be better.,3,No,No
ORD019436,CUST6058,Blinkit,18:29.5,50,Dairy,364,"Not fresh, disappointed.",2,Yes,Yes
ORD019448,CUST4820,Swiggy Instamart,32:29.5,12,Fruits & Vegetables,86,"Fast delivery, great service!",5,No,No
ORD019450,CUST3371,JioMart,17:29.5,31,Beverages,752,Delivery person was rude.,2,No,Yes
ORD019452,CUST3597,Blinkit,50:29.5,27,Beverages,382,"Easy to order, loved it!",5,No,No
ORD019457,CUST6719,JioMart,25:29.5,38,Dairy,522,Packaging could be better.,3,No,No
ORD019474,CUST9925,Swiggy Instamart,07:29.5,37,Personal Care,992,"Fast delivery, great service!",5,No,No
ORD019475,CUST8131,Blinkit,22:29.5,24,Dairy,740,"Horrible experience, never ordering again.",1,No,Yes
ORD019478,CUST5878,JioMart,23:29.5,43,Grocery,935,Good quality products.,4,Yes,No
ORD019479,CUST8337,Blinkit,12:29.5,7,Grocery,995,Excellent experience!,5,No,No
ORD019480,CUST8375,Swiggy Instamart,51:29.5,26,Fruits & Vegetables,341,Items missing from order.,2,No,Yes
ORD019487,CUST7989,Swiggy Instamart,06:29.5,36,Personal Care,1368,Good quality products.,4,No,No
ORD019512,CUST4649,JioMart,43:29.5,8,Beverages,303,Delivery person was rude.,2,No,Yes
ORD019517,CUST8634,Swiggy Instamart,38:29.5,24,Beverages,268,"Easy to order, loved it!",5,No,No
ORD019528,CUST4381,Swiggy Instamart,13:29.5,47,Dairy,182,Very satisfied with the service.,5,Yes,No
ORD019533,CUST6144,Swiggy Instamart,58:29.5,39,Dairy,660,Excellent experience!,5,No,No
ORD019542,CUST5063,Swiggy Instamart,33:29.5,37,Fruits & Vegetables,72,"Easy to order, loved it!",5,No,No
ORD019552,CUST2987,Swiggy Instamart,26:29.5,36,Grocery,1121,"Very late delivery, not happy.",2,No,Yes
ORD019556,CUST5234,Swiggy Instamart,15:29.5,29,Personal Care,675,"Fast delivery, great service!",5,No,No
ORD019571,CUST9200,JioMart,53:29.5,53,Dairy,758,"Horrible experience, never ordering again.",1,Yes,Yes
ORD019574,CUST8815,Swiggy Instamart,28:29.5,56,Personal Care,1370,"Horrible experience, never ordering again.",1,Yes,Yes
ORD019601,CUST8743,JioMart,48:29.5,22,Grocery,892,Packaging could be better.,3,No,No
ORD019603,CUST3058,Blinkit,25:29.5,46,Fruits & Vegetables,111,Very satisfied with the service.,5,Yes,No
ORD019611,CUST5987,JioMart,46:29.5,37,Beverages,464,Very satisfied with the service.,5,No,No
ORD019613,CUST2050,Blinkit,40:29.5,20,Snacks,80,Very satisfied with the service.,5,No,No
ORD019630,CUST4118,Swiggy Instamart,21:29.5,35,Grocery,684,"Very late delivery, not happy.",2,No,Yes
ORD019634,CUST1037,Blinkit,22:29.5,39,Fruits & Vegetables,102,Delivery person was rude.,2,No,Yes
ORD019635,CUST8049,JioMart,01:29.5,34,Dairy,365,Good quality products.,4,No,No
ORD019642,CUST4099,Blinkit,40:29.5,23,Snacks,257,Wrong item delivered.,1,No,Yes
ORD019645,CUST7497,Swiggy Instamart,55:29.5,36,Snacks,129,Wrong item delivered.,1,No,Yes
ORD019650,CUST4650,Blinkit,11:29.5,36,Fruits & Vegetables,462,"Very late delivery, not happy.",2,No,Yes
ORD019664,CUST6079,Swiggy Instamart,19:29.5,37,Grocery,961,Excellent experience!,5,No,No
ORD019665,CUST8495,Blinkit,24:29.5,24,Dairy,707,Very satisfied with the service.,5,No,No
ORD019666,CUST5796,JioMart,59:29.5,31,Fruits & Vegetables,228,"Very late delivery, not happy.",2,No,Yes
ORD019668,CUST5343,JioMart,09:29.5,28,Personal Care,557,"Very late delivery, not happy.",2,No,Yes
ORD019669,CUST7661,JioMart,16:29.5,16,Personal Care,1492,Excellent experience!,5,No,No
ORD019673,CUST5935,Blinkit,27:29.5,24,Fruits & Vegetables,214,"Very late delivery, not happy.",2,No,Yes
ORD019674,CUST4800,Blinkit,06:29.5,33,Snacks,224,"Fast delivery, great service!",5,No,No
ORD019691,CUST5686,Swiggy Instamart,36:29.5,27,Fruits & Vegetables,198,"Not fresh, disappointed.",2,No,Yes
ORD019693,CUST8631,Swiggy Instamart,00:29.5,31,Dairy,766,Good quality products.,4,No,No
ORD019731,CUST1163,Swiggy Instamart,49:29.5,38,Beverages,168,"Easy to order, loved it!",5,No,No
ORD019741,CUST3012,Swiggy Instamart,38:29.5,24,Personal Care,1855,Very satisfied with the service.,5,No,No
ORD019748,CUST3326,JioMart,54:29.5,30,Personal Care,1652,"Easy to order, loved it!",5,No,No
ORD019750,CUST6691,Swiggy Instamart,02:29.5,22,Fruits & Vegetables,434,Excellent experience!,5,No,No
ORD019771,CUST3081,Blinkit,23:29.5,32,Grocery,613,"Horrible experience, never ordering again.",1,No,Yes
ORD019773,CUST5849,Blinkit,44:29.5,47,Fruits & Vegetables,392,Items missing from order.,2,Yes,Yes
ORD019775,CUST2115,Blinkit,58:29.5,33,Dairy,397,"Fast delivery, great service!",5,No,No
ORD019781,CUST3169,Swiggy Instamart,52:29.5,38,Dairy,776,Items missing from order.,2,No,Yes
ORD019788,CUST5242,Blinkit,39:29.5,31,Beverages,293,Items missing from order.,2,No,Yes
ORD019802,CUST6894,Blinkit,35:29.5,41,Fruits & Vegetables,471,Wrong item delivered.,1,Yes,Yes
ORD019808,CUST8686,Blinkit,11:29.5,33,Fruits & Vegetables,129,"Fast delivery, great service!",5,No,No
ORD019818,CUST7312,Blinkit,10:29.5,27,Fruits & Vegetables,360,Quick and reliable!,5,No,No
ORD019829,CUST8395,JioMart,26:29.5,44,Snacks,218,Good quality products.,4,Yes,No
ORD019835,CUST2408,Blinkit,31:29.5,24,Fruits & Vegetables,468,Packaging could be better.,3,No,No
ORD019848,CUST1810,Blinkit,59:29.5,23,Grocery,935,"Horrible experience, never ordering again.",1,No,Yes
ORD019862,CUST2671,Blinkit,30:29.5,22,Personal Care,1215,Quick and reliable!,5,No,No
ORD019879,CUST2851,JioMart,07:29.5,21,Grocery,696,Excellent experience!,5,No,No
ORD019886,CUST4151,JioMart,36:29.5,32,Beverages,121,"Easy to order, loved it!",5,No,No
ORD019888,CUST1024,Swiggy Instamart,16:29.5,34,Fruits & Vegetables,576,"Easy to order, loved it!",5,No,No
ORD019889,CUST9840,Blinkit,03:29.5,15,Grocery,1166,Good quality products.,4,No,No
ORD019896,CUST1303,JioMart,29:29.5,8,Grocery,944,"Easy to order, loved it!",5,No,No
ORD019903,CUST1192,Swiggy Instamart,14:29.5,49,Snacks,405,Delivery person was rude.,2,Yes,Yes
ORD019907,CUST3723,JioMart,09:29.5,18,Dairy,780,"Easy to order, loved it!",5,No,No
ORD019916,CUST8343,JioMart,19:29.5,21,Beverages,587,Good quality products.,4,No,No
ORD019917,CUST9140,Blinkit,19:29.5,18,Fruits & Vegetables,532,Wrong item delivered.,1,No,Yes
ORD019920,CUST7508,Swiggy Instamart,58:29.5,41,Snacks,232,Items missing from order.,2,Yes,Yes
ORD019923,CUST3620,Blinkit,14:29.5,27,Personal Care,517,Good quality products.,4,No,No
ORD019925,CUST7784,JioMart,57:29.5,49,Grocery,1329,Delivery person was rude.,2,Yes,Yes
ORD019954,CUST7725,JioMart,43:29.5,25,Grocery,548,Packaging could be better.,3,No,No
ORD019968,CUST5860,Swiggy Instamart,55:29.5,47,Personal Care,972,"Not fresh, disappointed.",2,Yes,Yes
ORD019974,CUST6492,Swiggy Instamart,55:29.5,36,Grocery,1280,"Very late delivery, not happy.",2,No,Yes
ORD019976,CUST9427,Swiggy Instamart,01:29.5,37,Snacks,173,Very satisfied with the service.,5,No,No
ORD019993,CUST3896,Swiggy Instamart,13:29.5,32,Personal Care,1628,"Fast delivery, great service!",5,No,No
ORD020008,CUST9778,JioMart,44:29.5,19,Personal Care,225,"Very late delivery, not happy.",2,No,Yes
ORD020024,CUST1015,Swiggy Instamart,28:29.5,47,Personal Care,841,Excellent experience!,5,Yes,No
ORD020035,CUST9532,Blinkit,05:29.5,42,Beverages,379,Packaging could be better.,3,Yes,No
ORD020092,CUST1088,JioMart,38:29.5,32,Beverages,187,Excellent experience!,5,No,No
ORD020103,CUST1063,JioMart,29:29.5,34,Beverages,227,Wrong item delivered.,1,No,Yes
ORD020104,CUST6271,Swiggy Instamart,41:29.5,26,Grocery,875,Excellent experience!,5,No,No
ORD020107,CUST3940,JioMart,01:29.5,65,Snacks,450,Good quality products.,4,Yes,No
ORD020117,CUST2023,JioMart,44:29.5,27,Snacks,324,Delivery person was rude.,2,No,Yes
ORD020119,CUST8390,Blinkit,23:29.5,37,Personal Care,813,Items missing from order.,2,No,Yes
ORD020145,CUST2716,Blinkit,37:29.5,35,Grocery,1402,Very satisfied with the service.,5,No,No
ORD020161,CUST9324,JioMart,15:29.5,22,Dairy,433,"Horrible experience, never ordering again.",1,No,Yes
ORD020202,CUST9150,JioMart,51:29.5,43,Grocery,1375,Wrong item delivered.,1,Yes,Yes
ORD020210,CUST9746,JioMart,16:29.5,23,Grocery,430,Very satisfied with the service.,5,No,No
ORD020218,CUST4344,Blinkit,04:29.5,45,Beverages,259,Wrong item delivered.,1,Yes,Yes
ORD020220,CUST9310,Swiggy Instamart,39:29.5,33,Fruits & Vegetables,176,Items missing from order.,2,No,Yes
ORD020227,CUST1147,Blinkit,01:29.5,28,Dairy,474,Quick and reliable!,5,No,No
ORD020229,CUST5880,Swiggy Instamart,11:29.5,5,Personal Care,1377,"Horrible experience, never ordering again.",1,No,Yes
ORD020233,CUST5392,Blinkit,24:29.5,12,Personal Care,714,"Fast delivery, great service!",5,No,No
ORD020256,CUST9258,Blinkit,54:29.5,27,Snacks,350,Good quality products.,4,No,No
ORD020259,CUST7733,Blinkit,22:29.5,36,Snacks,178,"Fast delivery, great service!",5,No,No
ORD020264,CUST9503,Blinkit,38:29.5,41,Fruits & Vegetables,119,Packaging could be better.,3,Yes,No
ORD020271,CUST7239,JioMart,41:29.5,25,Snacks,179,Items missing from order.,2,No,Yes
ORD020273,CUST9744,JioMart,12:29.5,16,Snacks,214,"Horrible experience, never ordering again.",1,No,Yes
ORD020302,CUST6874,Swiggy Instamart,04:29.5,35,Snacks,180,"Easy to order, loved it!",5,No,No
ORD020305,CUST4628,JioMart,47:29.5,27,Dairy,793,"Fast delivery, great service!",5,No,No
ORD020336,CUST1283,Swiggy Instamart,57:29.5,43,Personal Care,477,"Fast delivery, great service!",5,Yes,No
ORD020353,CUST9696,JioMart,27:29.5,34,Grocery,1346,"Not fresh, disappointed.",2,No,Yes
ORD020357,CUST1572,JioMart,56:29.5,13,Snacks,352,Excellent experience!,5,No,No
ORD020366,CUST5446,JioMart,55:29.5,19,Beverages,455,"Horrible experience, never ordering again.",1,No,Yes
ORD020368,CUST5964,Blinkit,12:29.5,38,Dairy,616,"Not fresh, disappointed.",2,No,Yes
ORD020371,CUST1708,Swiggy Instamart,41:29.5,50,Fruits & Vegetables,624,"Easy to order, loved it!",5,Yes,No
ORD020396,CUST3046,Blinkit,49:29.5,13,Beverages,109,Wrong item delivered.,1,No,Yes
ORD020406,CUST6034,Blinkit,03:29.5,23,Dairy,228,Quick and reliable!,5,No,No
ORD020411,CUST5727,JioMart,17:29.5,34,Personal Care,1346,Excellent experience!,5,No,No
ORD020433,CUST1923,Blinkit,56:29.5,57,Grocery,824,Packaging could be better.,3,Yes,No
ORD020437,CUST3092,JioMart,02:29.5,20,Grocery,1089,"Horrible experience, never ordering again.",1,No,Yes
ORD020442,CUST4880,Blinkit,30:29.5,20,Fruits & Vegetables,227,"Very late delivery, not happy.",2,No,Yes
ORD020445,CUST9104,JioMart,52:29.5,25,Personal Care,741,Very satisfied with the service.,5,No,No
ORD020452,CUST6677,JioMart,12:29.5,18,Personal Care,1023,Quick and reliable!,5,No,No
ORD020458,CUST6001,Blinkit,44:29.5,27,Personal Care,203,Quick and reliable!,5,No,No
ORD020478,CUST6951,Swiggy Instamart,33:29.5,33,Grocery,1469,"Very late delivery, not happy.",2,No,Yes
ORD020483,CUST8440,Blinkit,17:29.5,30,Fruits & Vegetables,176,Quick and reliable!,5,No,No
ORD020491,CUST3312,Blinkit,04:29.5,20,Grocery,857,Items missing from order.,2,No,Yes
ORD020496,CUST2837,JioMart,42:29.5,19,Snacks,209,Good quality products.,4,No,No
ORD020499,CUST6839,Swiggy Instamart,12:29.5,45,Grocery,1049,"Horrible experience, never ordering again.",1,Yes,Yes
ORD020518,CUST7902,Swiggy Instamart,22:29.5,32,Dairy,510,Good quality products.,4,No,No
ORD020546,CUST3974,Blinkit,26:29.5,33,Fruits & Vegetables,402,Good quality products.,4,No,No
ORD020552,CUST4484,Swiggy Instamart,21:29.5,34,Snacks,332,Quick and reliable!,5,No,No
ORD020556,CUST9386,JioMart,14:29.5,23,Personal Care,1575,Packaging could be better.,3,No,No
ORD020572,CUST7207,JioMart,29:29.5,36,Personal Care,186,Quick and reliable!,5,No,No
ORD020578,CUST4439,Blinkit,25:29.5,47,Personal Care,912,"Very late delivery, not happy.",2,Yes,Yes
ORD020580,CUST3237,Swiggy Instamart,22:29.5,24,Dairy,389,Items missing from order.,2,No,Yes
ORD020599,CUST3682,Swiggy Instamart,21:29.5,39,Fruits & Vegetables,220,"Horrible experience, never ordering again.",1,No,Yes
ORD020602,CUST9852,JioMart,34:29.5,28,Grocery,827,"Not fresh, disappointed.",2,No,Yes
ORD020603,CUST7710,Blinkit,23:29.5,15,Personal Care,548,"Very late delivery, not happy.",2,No,Yes
ORD020606,CUST5710,Swiggy Instamart,02:29.5,29,Personal Care,1212,"Horrible experience, never ordering again.",1,No,Yes
ORD020616,CUST8176,Swiggy Instamart,48:29.5,8,Grocery,499,Excellent experience!,5,No,No
ORD020624,CUST9492,Swiggy Instamart,38:29.5,33,Grocery,568,Delivery person was rude.,2,No,Yes
ORD020648,CUST2620,JioMart,26:29.5,30,Fruits & Vegetables,185,"Easy to order, loved it!",5,No,No
ORD020666,CUST8117,JioMart,26:29.5,45,Fruits & Vegetables,485,"Very late delivery, not happy.",2,Yes,Yes
ORD020679,CUST2726,JioMart,45:29.5,32,Personal Care,1716,"Horrible experience, never ordering again.",1,No,Yes
ORD020694,CUST9822,JioMart,16:29.5,25,Fruits & Vegetables,663,"Easy to order, loved it!",5,No,No
ORD020702,CUST1327,Blinkit,47:29.5,36,Beverages,511,"Not fresh, disappointed.",2,No,Yes
ORD020709,CUST9726,Swiggy Instamart,19:29.5,44,Snacks,323,"Not fresh, disappointed.",2,Yes,Yes
ORD020737,CUST2141,JioMart,29:29.5,15,Dairy,776,Excellent experience!,5,No,No
ORD020757,CUST6470,Swiggy Instamart,02:29.5,42,Grocery,893,"Not fresh, disappointed.",2,Yes,Yes
ORD020784,CUST4931,Blinkit,21:29.5,40,Fruits & Vegetables,278,"Not fresh, disappointed.",2,No,Yes
ORD020785,CUST8725,JioMart,29:29.5,27,Dairy,307,Packaging could be better.,3,No,No
ORD020797,CUST5085,Blinkit,52:29.5,32,Snacks,265,Wrong item delivered.,1,No,Yes
ORD020800,CUST9539,JioMart,29:29.5,30,Snacks,344,Excellent experience!,5,No,No
ORD020807,CUST2254,JioMart,56:29.5,39,Personal Care,517,Quick and reliable!,5,No,No
ORD020810,CUST8566,JioMart,50:29.5,28,Beverages,434,"Not fresh, disappointed.",2,No,Yes
ORD020823,CUST9959,Blinkit,03:29.5,24,Dairy,700,Wrong item delivered.,1,No,Yes
ORD020828,CUST1135,Blinkit,15:29.5,37,Grocery,608,"Horrible experience, never ordering again.",1,No,Yes
ORD020840,CUST5433,Blinkit,23:29.5,25,Dairy,501,"Very late delivery, not happy.",2,No,Yes
ORD020856,CUST3836,Blinkit,16:29.5,27,Snacks,433,Good quality products.,4,No,No
ORD020896,CUST9388,Swiggy Instamart,31:29.5,37,Grocery,1144,Wrong item delivered.,1,No,Yes
ORD020901,CUST5652,Swiggy Instamart,48:29.5,28,Beverages,916,"Horrible experience, never ordering again.",1,No,Yes
ORD020905,CUST5113,Blinkit,47:29.5,50,Grocery,1249,Items missing from order.,2,Yes,Yes
ORD020920,CUST3183,Blinkit,17:29.5,5,Snacks,489,Delivery person was rude.,2,No,Yes
ORD020932,CUST8376,Blinkit,29:29.5,34,Snacks,342,Quick and reliable!,5,No,No
ORD020945,CUST3614,Blinkit,52:29.5,43,Fruits & Vegetables,308,Very satisfied with the service.,5,Yes,No
ORD020948,CUST4935,Blinkit,25:29.5,31,Dairy,491,Delivery person was rude.,2,No,Yes
ORD020950,CUST1974,Blinkit,35:29.5,46,Snacks,231,Items missing from order.,2,Yes,Yes
ORD020966,CUST4003,Swiggy Instamart,58:29.5,37,Fruits & Vegetables,218,"Easy to order, loved it!",5,No,No
ORD020970,CUST9126,Swiggy Instamart,21:29.5,14,Personal Care,626,Wrong item delivered.,1,No,Yes
ORD021000,CUST3782,Swiggy Instamart,38:29.5,31,Personal Care,922,Excellent experience!,5,No,No
ORD021009,CUST3220,Blinkit,13:29.5,17,Fruits & Vegetables,698,Very satisfied with the service.,5,No,No
ORD021044,CUST1675,JioMart,14:29.5,34,Grocery,1138,Packaging could be better.,3,No,No
ORD021047,CUST2238,Swiggy Instamart,16:29.5,27,Snacks,204,Quick and reliable!,5,No,No
ORD021050,CUST3335,JioMart,09:29.5,38,Fruits & Vegetables,592,"Fast delivery, great service!",5,No,No
ORD021067,CUST5207,Blinkit,06:29.5,25,Beverages,591,Wrong item delivered.,1,No,Yes
ORD021117,CUST6746,Swiggy Instamart,43:29.5,12,Dairy,471,Packaging could be better.,3,No,No
ORD021129,CUST8042,JioMart,07:29.5,46,Snacks,273,"Horrible experience, never ordering again.",1,Yes,Yes
ORD021130,CUST9855,JioMart,10:29.5,40,Fruits & Vegetables,281,Delivery person was rude.,2,No,Yes
ORD021147,CUST9610,Blinkit,44:29.5,38,Beverages,493,Delivery person was rude.,2,No,Yes
ORD021154,CUST4780,JioMart,59:29.5,25,Fruits & Vegetables,451,"Easy to order, loved it!",5,No,No
ORD021155,CUST8181,Swiggy Instamart,41:29.5,44,Grocery,907,"Very late delivery, not happy.",2,Yes,Yes
ORD021157,CUST2794,Swiggy Instamart,14:29.5,41,Snacks,413,Good quality products.,4,Yes,No
ORD021169,CUST4303,Swiggy Instamart,46:29.5,26,Snacks,452,Items missing from order.,2,No,Yes
ORD021191,CUST8072,JioMart,59:29.5,27,Beverages,756,Packaging could be better.,3,No,No
ORD021192,CUST4071,Blinkit,29:29.5,25,Snacks,246,Quick and reliable!,5,No,No
ORD021198,CUST4265,Blinkit,37:29.5,27,Beverages,451,Excellent experience!,5,No,No
ORD021205,CUST4410,Swiggy Instamart,06:29.5,15,Fruits & Vegetables,553,"Easy to order, loved it!",5,No,No
ORD021209,CUST1337,JioMart,03:29.5,26,Snacks,101,Good quality products.,4,No,No
ORD021215,CUST5779,Swiggy Instamart,30:29.5,25,Grocery,1038,"Easy to order, loved it!",5,No,No
ORD021251,CUST8864,Swiggy Instamart,51:29.5,27,Beverages,544,"Not fresh, disappointed.",2,No,Yes
ORD021258,CUST9438,Blinkit,49:29.5,13,Snacks,451,"Not fresh, disappointed.",2,No,Yes
ORD021264,CUST2585,JioMart,46:29.5,23,Grocery,703,"Not fresh, disappointed.",2,No,Yes
ORD021274,CUST5245,JioMart,04:29.5,22,Snacks,167,"Horrible experience, never ordering again.",1,No,Yes
ORD021275,CUST6402,Blinkit,09:29.5,21,Grocery,1300,Good quality products.,4,No,No
ORD021297,CUST5642,Blinkit,50:29.5,53,Personal Care,1579,"Not fresh, disappointed.",2,Yes,Yes
ORD021315,CUST4645,Blinkit,16:29.5,9,Dairy,336,Items missing from order.,2,No,Yes
ORD021323,CUST1551,Blinkit,59:29.5,25,Grocery,1238,Quick and reliable!,5,No,No
ORD021327,CUST2147,Blinkit,39:29.5,26,Snacks,322,Packaging could be better.,3,No,No
ORD021329,CUST5293,JioMart,25:29.5,49,Snacks,350,Good quality products.,4,Yes,No
ORD021381,CUST2470,Blinkit,53:29.5,14,Beverages,881,"Not fresh, disappointed.",2,No,Yes
ORD021387,CUST6748,Swiggy Instamart,51:29.5,36,Grocery,407,Packaging could be better.,3,No,No
ORD021395,CUST9155,Blinkit,30:29.5,33,Grocery,1008,Wrong item delivered.,1,No,Yes
ORD021399,CUST4676,Swiggy Instamart,49:29.5,53,Dairy,557,Delivery person was rude.,2,Yes,Yes
ORD021400,CUST5236,Blinkit,55:29.5,33,Beverages,390,Items missing from order.,2,No,Yes
ORD021412,CUST1412,JioMart,47:29.5,36,Personal Care,1571,Excellent experience!,5,No,No
ORD021433,CUST3673,JioMart,49:29.5,27,Beverages,795,"Easy to order, loved it!",5,No,No
ORD021503,CUST2440,Blinkit,33:29.5,21,Snacks,394,Packaging could be better.,3,No,No
ORD021510,CUST9703,JioMart,28:29.5,26,Fruits & Vegetables,597,Quick and reliable!,5,No,No
ORD021514,CUST1041,Blinkit,53:29.5,31,Snacks,423,"Horrible experience, never ordering again.",1,No,Yes
ORD021522,CUST9236,Swiggy Instamart,16:29.5,21,Dairy,580,"Fast delivery, great service!",5,No,No
ORD021525,CUST9654,Swiggy Instamart,25:29.5,27,Beverages,255,Wrong item delivered.,1,No,Yes
ORD021534,CUST1299,Blinkit,56:29.5,44,Fruits & Vegetables,570,Good quality products.,4,Yes,No
ORD021536,CUST2611,JioMart,50:29.5,28,Personal Care,1416,Very satisfied with the service.,5,No,No
ORD021578,CUST5879,Blinkit,31:29.5,30,Dairy,244,Wrong item delivered.,1,No,Yes
ORD021588,CUST2719,Blinkit,14:29.5,26,Grocery,353,Items missing from order.,2,No,Yes
ORD021589,CUST7356,JioMart,19:29.5,19,Grocery,1043,"Horrible experience, never ordering again.",1,No,Yes
ORD021607,CUST4661,Swiggy Instamart,31:29.5,27,Snacks,238,"Not fresh, disappointed.",2,No,Yes
ORD021609,CUST9685,JioMart,32:29.5,31,Fruits & Vegetables,219,Good quality products.,4,No,No
ORD021615,CUST9658,JioMart,25:29.5,31,Grocery,1313,Delivery person was rude.,2,No,Yes
ORD021617,CUST9562,JioMart,36:29.5,16,Fruits & Vegetables,664,"Very late delivery, not happy.",2,No,Yes
ORD021622,CUST1921,JioMart,38:29.5,40,Personal Care,272,Wrong item delivered.,1,No,Yes
ORD021629,CUST1450,Blinkit,52:29.5,35,Fruits & Vegetables,339,"Easy to order, loved it!",5,No,No
ORD021633,CUST3533,JioMart,13:29.5,24,Dairy,760,Quick and reliable!,5,No,No
ORD021643,CUST8948,Blinkit,29:29.5,35,Grocery,1221,Items missing from order.,2,No,Yes
ORD021651,CUST3982,Blinkit,36:29.5,21,Grocery,576,Very satisfied with the service.,5,No,No
ORD021655,CUST9995,JioMart,57:29.5,27,Snacks,406,"Very late delivery, not happy.",2,No,Yes
ORD021667,CUST4494,Blinkit,38:29.5,43,Beverages,596,"Fast delivery, great service!",5,Yes,No
ORD021682,CUST7372,JioMart,13:29.5,29,Snacks,96,Excellent experience!,5,No,No
ORD021703,CUST4564,Blinkit,08:29.5,36,Beverages,819,Quick and reliable!,5,No,No
ORD021722,CUST1386,Swiggy Instamart,46:29.5,19,Dairy,134,Good quality products.,4,No,No
ORD021726,CUST7964,Blinkit,35:29.5,47,Grocery,1000,"Not fresh, disappointed.",2,Yes,Yes
ORD021738,CUST6975,JioMart,39:29.5,32,Fruits & Vegetables,494,Delivery person was rude.,2,No,Yes
ORD021743,CUST4786,Swiggy Instamart,40:29.5,35,Personal Care,1898,Quick and reliable!,5,No,No
ORD021744,CUST6406,Blinkit,53:29.5,32,Personal Care,698,Delivery person was rude.,2,No,Yes
ORD021765,CUST6520,Blinkit,08:29.5,44,Personal Care,1968,Very satisfied with the service.,5,Yes,No
ORD021774,CUST2613,Blinkit,51:29.5,40,Personal Care,1058,Good quality products.,4,No,No
ORD021792,CUST3515,JioMart,23:29.5,30,Grocery,1414,Delivery person was rude.,2,No,Yes
ORD021831,CUST8246,Blinkit,28:29.5,42,Fruits & Vegetables,158,"Fast delivery, great service!",5,Yes,No
ORD021834,CUST5943,Blinkit,28:29.5,26,Personal Care,1731,Excellent experience!,5,No,No
ORD021840,CUST1816,Blinkit,06:29.5,31,Fruits & Vegetables,482,Quick and reliable!,5,No,No
ORD021854,CUST8351,JioMart,39:29.5,17,Fruits & Vegetables,256,Wrong item delivered.,1,No,Yes
ORD021866,CUST4383,Swiggy Instamart,17:29.5,45,Grocery,895,"Very late delivery, not happy.",2,Yes,Yes
ORD021875,CUST3054,Blinkit,18:29.5,42,Beverages,394,"Fast delivery, great service!",5,Yes,No
ORD021879,CUST9256,JioMart,29:29.5,19,Snacks,320,"Not fresh, disappointed.",2,No,Yes
ORD021882,CUST7659,Blinkit,10:29.5,36,Grocery,438,Excellent experience!,5,No,No
ORD021889,CUST3889,Swiggy Instamart,57:29.5,27,Personal Care,681,Very satisfied with the service.,5,No,No
ORD021895,CUST1098,Swiggy Instamart,16:29.5,27,Snacks,315,Good quality products.,4,No,No
ORD021912,CUST7741,Swiggy Instamart,50:29.5,12,Grocery,256,"Not fresh, disappointed.",2,No,Yes
ORD021914,CUST1946,Blinkit,59:29.5,46,Beverages,537,"Easy to order, loved it!",5,Yes,No
ORD021921,CUST5172,JioMart,08:29.5,16,Personal Care,431,"Very late delivery, not happy.",2,No,Yes
ORD021940,CUST3874,JioMart,20:29.5,30,Personal Care,394,Very satisfied with the service.,5,No,No
ORD021963,CUST7621,Blinkit,05:29.5,30,Dairy,655,Wrong item delivered.,1,No,Yes
ORD021975,CUST3952,JioMart,35:29.5,32,Personal Care,446,Items missing from order.,2,No,Yes
ORD021992,CUST1316,JioMart,13:29.5,42,Grocery,1383,Delivery person was rude.,2,Yes,Yes
ORD022013,CUST2853,JioMart,14:29.5,26,Personal Care,426,Very satisfied with the service.,5,No,No
ORD022018,CUST8098,Blinkit,39:29.5,37,Personal Care,1387,"Horrible experience, never ordering again.",1,No,Yes
ORD022019,CUST4959,Swiggy Instamart,30:29.5,12,Personal Care,1614,Delivery person was rude.,2,No,Yes
ORD022022,CUST4642,Swiggy Instamart,00:29.5,43,Grocery,318,Good quality products.,4,Yes,No
ORD022039,CUST9862,Swiggy Instamart,56:29.5,29,Snacks,249,Quick and reliable!,5,No,No
ORD022041,CUST3622,Blinkit,12:29.5,5,Grocery,666,Packaging could be better.,3,No,No
ORD022050,CUST3055,JioMart,39:29.5,19,Grocery,1084,Items missing from order.,2,No,Yes
ORD022059,CUST5976,JioMart,51:29.5,18,Grocery,743,Wrong item delivered.,1,No,Yes
ORD022060,CUST6831,JioMart,49:29.5,41,Personal Care,1109,Very satisfied with the service.,5,Yes,No
ORD022070,CUST8124,JioMart,29:29.5,43,Personal Care,1686,Quick and reliable!,5,Yes,No
ORD022078,CUST3779,Blinkit,29:29.5,32,Personal Care,346,Wrong item delivered.,1,No,Yes
ORD022095,CUST1566,Blinkit,37:29.5,23,Fruits & Vegetables,83,Very satisfied with the service.,5,No,No
ORD022096,CUST4689,JioMart,44:29.5,26,Beverages,234,Items missing from order.,2,No,Yes
ORD022098,CUST3570,JioMart,18:29.5,41,Personal Care,1716,Quick and reliable!,5,Yes,No
ORD022099,CUST6709,Blinkit,56:29.5,26,Dairy,116,Excellent experience!,5,No,No
ORD022122,CUST7632,JioMart,04:29.5,34,Fruits & Vegetables,82,Excellent experience!,5,No,No
ORD022123,CUST9262,JioMart,19:29.5,26,Snacks,474,"Very late delivery, not happy.",2,No,Yes
ORD022140,CUST9820,Blinkit,41:29.5,18,Snacks,339,"Very late delivery, not happy.",2,No,Yes
ORD022142,CUST3006,JioMart,48:29.5,41,Snacks,137,Packaging could be better.,3,Yes,No
ORD022145,CUST5427,JioMart,23:29.5,12,Beverages,122,"Very late delivery, not happy.",2,No,Yes
ORD022146,CUST2482,Blinkit,47:29.5,39,Beverages,867,"Horrible experience, never ordering again.",1,No,Yes
ORD022147,CUST3649,Swiggy Instamart,04:29.5,50,Dairy,402,Quick and reliable!,5,Yes,No
ORD022181,CUST8312,JioMart,52:29.5,42,Snacks,329,"Fast delivery, great service!",5,Yes,No
ORD022202,CUST7975,Blinkit,31:29.5,17,Beverages,258,"Fast delivery, great service!",5,No,No
ORD022207,CUST1073,Blinkit,49:29.5,37,Snacks,257,Items missing from order.,2,No,Yes
ORD022213,CUST5431,JioMart,45:29.5,39,Grocery,257,Items missing from order.,2,No,Yes
ORD022232,CUST4895,Blinkit,58:29.5,36,Dairy,775,Packaging could be better.,3,No,No
ORD022234,CUST9477,Swiggy Instamart,51:29.5,42,Dairy,720,Wrong item delivered.,1,Yes,Yes
ORD022240,CUST8637,Swiggy Instamart,09:29.5,25,Beverages,893,"Easy to order, loved it!",5,No,No
ORD022248,CUST9933,JioMart,46:29.5,28,Personal Care,1033,"Horrible experience, never ordering again.",1,No,Yes
ORD022251,CUST6264,Swiggy Instamart,59:29.5,24,Fruits & Vegetables,669,"Horrible experience, never ordering again.",1,No,Yes
ORD022260,CUST1679,Blinkit,54:29.5,46,Snacks,427,Quick and reliable!,5,Yes,No
ORD022287,CUST4147,JioMart,48:29.5,41,Personal Care,688,Good quality products.,4,Yes,No
ORD022295,CUST3816,Blinkit,07:29.5,37,Dairy,354,Items missing from order.,2,No,Yes
ORD022315,CUST1141,JioMart,26:29.5,32,Grocery,426,"Easy to order, loved it!",5,No,No
ORD022349,CUST5297,Blinkit,11:29.5,15,Beverages,322,Excellent experience!,5,No,No
ORD022357,CUST8818,Blinkit,47:29.5,39,Grocery,1356,Packaging could be better.,3,No,No
ORD022395,CUST8766,Swiggy Instamart,54:29.5,35,Personal Care,1619,"Easy to order, loved it!",5,No,No
ORD022405,CUST6334,Swiggy Instamart,20:29.5,23,Fruits & Vegetables,524,"Fast delivery, great service!",5,No,No
ORD022419,CUST4247,Blinkit,17:29.5,43,Beverages,360,Items missing from order.,2,Yes,Yes
ORD022441,CUST7362,Swiggy Instamart,08:29.5,26,Dairy,733,"Very late delivery, not happy.",2,No,Yes
ORD022449,CUST5112,Blinkit,49:29.5,37,Dairy,645,Delivery person was rude.,2,No,Yes
ORD022460,CUST9382,JioMart,45:29.5,25,Beverages,395,Excellent experience!,5,No,No
ORD022464,CUST9100,Swiggy Instamart,40:29.5,42,Dairy,358,"Very late delivery, not happy.",2,Yes,Yes
ORD022472,CUST4591,JioMart,21:29.5,37,Fruits & Vegetables,517,Packaging could be better.,3,No,No
ORD022486,CUST9208,JioMart,50:29.5,16,Fruits & Vegetables,319,Packaging could be better.,3,No,No
ORD022487,CUST7368,Blinkit,35:29.5,36,Grocery,297,Good quality products.,4,No,No
ORD022495,CUST7057,Swiggy Instamart,22:29.5,15,Beverages,522,Excellent experience!,5,No,No
ORD022502,CUST8661,Swiggy Instamart,36:29.5,28,Personal Care,765,Wrong item delivered.,1,No,Yes
ORD022505,CUST9449,Swiggy Instamart,29:29.5,24,Dairy,235,Good quality products.,4,No,No
ORD022511,CUST6552,Swiggy Instamart,10:29.5,30,Fruits & Vegetables,658,Wrong item delivered.,1,No,Yes
ORD022518,CUST3857,Blinkit,49:29.5,30,Snacks,335,Good quality products.,4,No,No
ORD022535,CUST7726,JioMart,06:29.5,27,Fruits & Vegetables,312,Good quality products.,4,No,No
ORD022544,CUST4477,JioMart,25:29.5,43,Dairy,680,Items missing from order.,2,Yes,Yes
ORD022546,CUST1839,Swiggy Instamart,45:29.5,25,Personal Care,1339,"Not fresh, disappointed.",2,No,Yes
ORD022554,CUST5200,JioMart,50:29.5,34,Grocery,740,"Fast delivery, great service!",5,No,No
ORD022557,CUST3152,JioMart,39:29.5,36,Snacks,381,"Fast delivery, great service!",5,No,No
ORD022572,CUST8788,Swiggy Instamart,13:29.5,31,Grocery,289,"Fast delivery, great service!",5,No,No
ORD022586,CUST7748,JioMart,49:29.5,33,Fruits & Vegetables,595,"Not fresh, disappointed.",2,No,Yes
ORD022588,CUST1545,Blinkit,10:29.5,46,Snacks,422,"Fast delivery, great service!",5,Yes,No
ORD022623,CUST6391,Swiggy Instamart,59:29.5,33,Grocery,1162,Excellent experience!,5,No,No
ORD022624,CUST4572,Blinkit,02:29.5,45,Fruits & Vegetables,156,Very satisfied with the service.,5,Yes,No
ORD022634,CUST3771,JioMart,54:29.5,36,Beverages,247,Items missing from order.,2,No,Yes
ORD022644,CUST3261,Blinkit,30:29.5,46,Beverages,744,Packaging could be better.,3,Yes,No
ORD022648,CUST1961,Blinkit,47:29.5,35,Dairy,258,"Horrible experience, never ordering again.",1,No,Yes
ORD022664,CUST1242,JioMart,39:29.5,17,Grocery,1253,Delivery person was rude.,2,No,Yes
ORD022668,CUST9338,Swiggy Instamart,06:29.5,27,Fruits & Vegetables,471,Excellent experience!,5,No,No
ORD022670,CUST9790,Swiggy Instamart,21:29.5,29,Beverages,976,Quick and reliable!,5,No,No
ORD022698,CUST5955,JioMart,00:29.5,30,Fruits & Vegetables,392,Packaging could be better.,3,No,No
ORD022729,CUST7787,Swiggy Instamart,29:29.5,28,Snacks,58,Good quality products.,4,No,No
ORD022733,CUST7330,Swiggy Instamart,43:29.5,36,Snacks,356,"Horrible experience, never ordering again.",1,No,Yes
ORD022768,CUST8442,JioMart,22:29.5,19,Fruits & Vegetables,625,"Horrible experience, never ordering again.",1,No,Yes
ORD022790,CUST2455,JioMart,15:29.5,35,Personal Care,192,Good quality products.,4,No,No
ORD022801,CUST7654,JioMart,06:29.5,20,Snacks,421,Packaging could be better.,3,No,No
ORD022836,CUST4521,Swiggy Instamart,58:29.5,45,Dairy,262,Packaging could be better.,3,Yes,No
ORD022842,CUST8512,Swiggy Instamart,04:29.5,23,Grocery,293,Quick and reliable!,5,No,No
ORD022848,CUST8394,Swiggy Instamart,14:29.5,45,Fruits & Vegetables,574,Good quality products.,4,Yes,No
ORD022854,CUST1012,JioMart,15:29.5,31,Fruits & Vegetables,661,Good quality products.,4,No,No
ORD022864,CUST6814,JioMart,37:29.5,46,Grocery,772,Excellent experience!,5,Yes,No
ORD022878,CUST9356,Blinkit,40:29.5,34,Personal Care,1579,Packaging could be better.,3,No,No
ORD022881,CUST2947,Blinkit,49:29.5,38,Beverages,491,Quick and reliable!,5,No,No
ORD022886,CUST9483,Blinkit,29:29.5,43,Dairy,713,"Easy to order, loved it!",5,Yes,No
ORD022901,CUST7680,JioMart,17:29.5,35,Snacks,76,"Very late delivery, not happy.",2,No,Yes
ORD022914,CUST7339,Swiggy Instamart,04:29.5,16,Dairy,270,"Not fresh, disappointed.",2,No,Yes
ORD022925,CUST7687,Swiggy Instamart,38:29.5,21,Beverages,597,Excellent experience!,5,No,No
ORD022930,CUST3528,Blinkit,11:29.5,33,Snacks,340,"Very late delivery, not happy.",2,No,Yes
ORD022933,CUST4528,Swiggy Instamart,39:29.5,38,Snacks,189,Wrong item delivered.,1,No,Yes
ORD022953,CUST5120,Swiggy Instamart,15:29.5,28,Fruits & Vegetables,171,Quick and reliable!,5,No,No
ORD022971,CUST8641,Blinkit,48:29.5,40,Grocery,387,Delivery person was rude.,2,No,Yes
ORD022973,CUST3405,Blinkit,36:29.5,40,Grocery,570,Very satisfied with the service.,5,No,No
ORD022985,CUST9463,Swiggy Instamart,01:29.5,28,Snacks,495,Good quality products.,4,No,No
ORD022988,CUST3495,JioMart,25:29.5,43,Fruits & Vegetables,262,Very satisfied with the service.,5,Yes,No
ORD022997,CUST5868,Blinkit,00:29.5,30,Fruits & Vegetables,391,Excellent experience!,5,No,No
ORD023053,CUST6173,JioMart,59:29.5,37,Dairy,184,"Easy to order, loved it!",5,No,No
ORD023060,CUST9124,Blinkit,55:29.5,28,Snacks,238,"Horrible experience, never ordering again.",1,No,Yes
ORD023113,CUST4914,Swiggy Instamart,46:29.5,31,Dairy,527,Wrong item delivered.,1,No,Yes
ORD023116,CUST6687,JioMart,28:29.5,18,Snacks,55,Good quality products.,4,No,No
ORD023132,CUST2563,Swiggy Instamart,12:29.5,19,Personal Care,430,Excellent experience!,5,No,No
ORD023139,CUST5077,Blinkit,58:29.5,28,Grocery,1472,Good quality products.,4,No,No
ORD023171,CUST9417,Blinkit,05:29.5,21,Grocery,360,Good quality products.,4,No,No
ORD023193,CUST6612,JioMart,04:29.5,28,Fruits & Vegetables,607,"Not fresh, disappointed.",2,No,Yes
ORD023215,CUST2518,JioMart,14:29.5,5,Fruits & Vegetables,154,"Very late delivery, not happy.",2,No,Yes
ORD023224,CUST7202,Swiggy Instamart,33:29.5,35,Dairy,774,Delivery person was rude.,2,No,Yes
ORD023237,CUST2954,Blinkit,54:29.5,38,Dairy,212,Quick and reliable!,5,No,No
ORD023248,CUST8706,JioMart,46:29.5,21,Snacks,318,Wrong item delivered.,1,No,Yes
ORD023255,CUST5854,Blinkit,58:29.5,33,Beverages,787,Very satisfied with the service.,5,No,No
ORD023256,CUST8868,Swiggy Instamart,49:29.5,26,Personal Care,1528,Quick and reliable!,5,No,No
ORD023291,CUST7127,JioMart,49:29.5,5,Beverages,194,"Horrible experience, never ordering again.",1,No,Yes
ORD023293,CUST8346,Swiggy Instamart,12:29.5,27,Beverages,517,"Not fresh, disappointed.",2,No,Yes
ORD023295,CUST4540,Blinkit,05:29.5,37,Dairy,161,Excellent experience!,5,No,No
ORD023304,CUST1680,Swiggy Instamart,34:29.5,18,Personal Care,752,Delivery person was rude.,2,No,Yes
ORD023316,CUST5357,JioMart,39:29.5,24,Beverages,518,Good quality products.,4,No,No
ORD023318,CUST9929,Blinkit,34:29.5,36,Grocery,384,Good quality products.,4,No,No
ORD023326,CUST4887,Swiggy Instamart,45:29.5,36,Grocery,874,Delivery person was rude.,2,No,Yes
ORD023407,CUST7907,Blinkit,22:29.5,47,Grocery,374,"Not fresh, disappointed.",2,Yes,Yes
ORD023416,CUST6982,Swiggy Instamart,32:29.5,29,Dairy,572,Excellent experience!,5,No,No
ORD023423,CUST8228,JioMart,21:29.5,32,Dairy,419,"Not fresh, disappointed.",2,No,Yes
ORD023439,CUST5188,Blinkit,23:29.5,29,Beverages,152,Wrong item delivered.,1,No,Yes
ORD023462,CUST9708,JioMart,20:29.5,12,Fruits & Vegetables,619,"Fast delivery, great service!",5,No,No
ORD023469,CUST6408,Blinkit,51:29.5,34,Grocery,1261,"Very late delivery, not happy.",2,No,Yes
ORD023477,CUST8536,JioMart,48:29.5,21,Grocery,643,"Fast delivery, great service!",5,No,No
ORD023479,CUST9961,Blinkit,57:29.5,30,Grocery,819,Very satisfied with the service.,5,No,No
ORD023489,CUST9881,Swiggy Instamart,32:29.5,44,Grocery,574,"Very late delivery, not happy.",2,Yes,Yes
ORD023531,CUST1765,Blinkit,45:29.5,24,Dairy,407,Wrong item delivered.,1,No,Yes
ORD023533,CUST4904,JioMart,09:29.5,23,Personal Care,1029,"Horrible experience, never ordering again.",1,No,Yes
ORD023534,CUST3987,Blinkit,16:29.5,33,Beverages,995,Delivery person was rude.,2,No,Yes
ORD023548,CUST4480,JioMart,03:29.5,42,Personal Care,1104,"Fast delivery, great service!",5,Yes,No
ORD023554,CUST1148,JioMart,54:29.5,36,Fruits & Vegetables,588,Items missing from order.,2,No,Yes
ORD023573,CUST1061,Swiggy Instamart,32:29.5,20,Dairy,528,Excellent experience!,5,No,No
ORD023583,CUST9073,Blinkit,50:29.5,33,Snacks,205,"Horrible experience, never ordering again.",1,No,Yes
ORD023585,CUST8658,Blinkit,49:29.5,18,Dairy,768,Packaging could be better.,3,No,No
ORD023619,CUST9127,JioMart,55:29.5,40,Beverages,418,Very satisfied with the service.,5,No,No
ORD023627,CUST8012,JioMart,16:29.5,27,Grocery,954,"Very late delivery, not happy.",2,No,Yes
ORD023632,CUST1039,JioMart,33:29.5,40,Fruits & Vegetables,54,"Fast delivery, great service!",5,No,No
ORD023652,CUST2711,Blinkit,04:29.5,30,Snacks,425,Wrong item delivered.,1,No,Yes
ORD023661,CUST8000,Blinkit,15:29.5,38,Snacks,328,Items missing from order.,2,No,Yes
ORD023662,CUST1563,Swiggy Instamart,05:29.5,32,Beverages,495,"Easy to order, loved it!",5,No,No
ORD023680,CUST2652,Blinkit,37:29.5,31,Fruits & Vegetables,473,"Fast delivery, great service!",5,No,No
ORD023682,CUST9979,Swiggy Instamart,53:29.5,23,Dairy,778,"Fast delivery, great service!",5,No,No
ORD023688,CUST6561,Swiggy Instamart,41:29.5,43,Snacks,446,"Horrible experience, never ordering again.",1,Yes,Yes
ORD023694,CUST3989,Blinkit,12:29.5,17,Grocery,221,Items missing from order.,2,No,Yes
ORD023701,CUST5983,Swiggy Instamart,16:29.5,48,Fruits & Vegetables,302,Very satisfied with the service.,5,Yes,No
ORD023706,CUST6587,Blinkit,23:29.5,24,Snacks,274,"Very late delivery, not happy.",2,No,Yes
ORD023713,CUST9211,JioMart,58:29.5,20,Fruits & Vegetables,624,Delivery person was rude.,2,No,Yes
ORD023714,CUST9623,Blinkit,50:29.5,31,Fruits & Vegetables,632,Items missing from order.,2,No,Yes
ORD023733,CUST5184,Swiggy Instamart,36:29.5,37,Fruits & Vegetables,335,Items missing from order.,2,No,Yes
ORD023736,CUST6012,Blinkit,06:29.5,33,Grocery,1391,"Easy to order, loved it!",5,No,No
ORD023758,CUST9896,Blinkit,46:29.5,28,Grocery,1063,"Horrible experience, never ordering again.",1,No,Yes
ORD023770,CUST6838,Blinkit,21:29.5,29,Dairy,249,Delivery person was rude.,2,No,Yes
ORD023773,CUST9299,JioMart,52:29.5,14,Fruits & Vegetables,295,"Not fresh, disappointed.",2,No,Yes
ORD023796,CUST8313,JioMart,34:29.5,21,Personal Care,913,Quick and reliable!,5,No,No
ORD023828,CUST7976,Swiggy Instamart,19:29.5,30,Personal Care,820,"Easy to order, loved it!",5,No,No
ORD023854,CUST9760,Swiggy Instamart,26:29.5,27,Dairy,485,Very satisfied with the service.,5,No,No
ORD023877,CUST9628,Blinkit,50:29.5,26,Fruits & Vegetables,218,Quick and reliable!,5,No,No
ORD023906,CUST4821,JioMart,36:29.5,19,Grocery,1461,Wrong item delivered.,1,No,Yes
ORD023925,CUST5680,Blinkit,53:29.5,28,Beverages,974,Good quality products.,4,No,No
ORD023958,CUST9988,Swiggy Instamart,56:29.5,28,Beverages,935,Very satisfied with the service.,5,No,No
ORD023960,CUST5586,Blinkit,26:29.5,37,Grocery,1030,"Fast delivery, great service!",5,No,No
ORD023961,CUST3715,Blinkit,21:29.5,48,Fruits & Vegetables,198,Wrong item delivered.,1,Yes,Yes
ORD023975,CUST4500,Blinkit,33:29.5,27,Personal Care,411,Excellent experience!,5,No,No
ORD023996,CUST4859,Blinkit,21:29.5,42,Dairy,734,Excellent experience!,5,Yes,No
ORD024000,CUST4605,JioMart,35:29.5,18,Grocery,427,Wrong item delivered.,1,No,Yes
ORD024016,CUST8340,JioMart,38:29.5,33,Dairy,133,Packaging could be better.,3,No,No
ORD024044,CUST1951,Blinkit,25:29.5,38,Fruits & Vegetables,621,Excellent experience!,5,No,No
ORD024047,CUST9354,Blinkit,03:29.5,24,Fruits & Vegetables,353,"Fast delivery, great service!",5,No,No
ORD024049,CUST3746,Blinkit,26:29.5,12,Snacks,142,Items missing from order.,2,No,Yes
ORD024055,CUST8262,Swiggy Instamart,36:29.5,32,Beverages,140,"Horrible experience, never ordering again.",1,No,Yes
ORD024056,CUST7734,Swiggy Instamart,57:29.5,34,Fruits & Vegetables,82,Packaging could be better.,3,No,No
ORD024057,CUST4364,Blinkit,08:29.5,27,Grocery,1379,"Fast delivery, great service!",5,No,No
ORD024074,CUST9965,Swiggy Instamart,14:29.5,44,Beverages,406,"Horrible experience, never ordering again.",1,Yes,Yes
ORD024085,CUST9002,Blinkit,58:29.5,22,Fruits & Vegetables,696,Quick and reliable!,5,No,No
ORD024086,CUST1115,JioMart,44:29.5,28,Beverages,727,Very satisfied with the service.,5,No,No
ORD024117,CUST4691,Blinkit,47:29.5,34,Personal Care,346,Very satisfied with the service.,5,No,No
ORD024142,CUST4647,Swiggy Instamart,02:29.5,14,Grocery,275,Good quality products.,4,No,No
ORD024149,CUST7023,Blinkit,09:29.5,39,Grocery,447,Very satisfied with the service.,5,No,No
ORD024213,CUST3624,Blinkit,34:29.5,43,Beverages,570,"Very late delivery, not happy.",2,Yes,Yes
ORD024249,CUST5171,Swiggy Instamart,31:29.5,40,Snacks,231,Excellent experience!,5,No,No
ORD024264,CUST1048,Swiggy Instamart,50:29.5,37,Personal Care,384,"Easy to order, loved it!",5,No,No
ORD024270,CUST9415,JioMart,36:29.5,27,Dairy,678,Very satisfied with the service.,5,No,No
ORD024283,CUST4332,JioMart,10:29.5,33,Dairy,106,Very satisfied with the service.,5,No,No
ORD024288,CUST3104,Swiggy Instamart,31:29.5,26,Grocery,1324,Items missing from order.,2,No,Yes
ORD024295,CUST1469,Blinkit,58:29.5,27,Snacks,201,Packaging could be better.,3,No,No
ORD024327,CUST9916,Blinkit,22:29.5,9,Dairy,365,"Not fresh, disappointed.",2,No,Yes
ORD024328,CUST1649,Swiggy Instamart,36:29.5,21,Beverages,595,Wrong item delivered.,1,No,Yes
ORD024346,CUST7612,Blinkit,28:29.5,23,Dairy,525,"Fast delivery, great service!",5,No,No
ORD024355,CUST2026,Swiggy Instamart,39:29.5,31,Beverages,328,"Easy to order, loved it!",5,No,No
ORD024430,CUST6190,Swiggy Instamart,34:29.5,37,Snacks,62,Packaging could be better.,3,No,No
ORD024536,CUST7953,Swiggy Instamart,09:29.5,25,Fruits & Vegetables,94,Very satisfied with the service.,5,No,No
ORD024550,CUST4017,Swiggy Instamart,59:29.5,29,Snacks,438,"Easy to order, loved it!",5,No,No
ORD024589,CUST7549,Blinkit,27:29.5,34,Beverages,564,"Not fresh, disappointed.",2,No,Yes
ORD024606,CUST8164,Swiggy Instamart,28:29.5,36,Fruits & Vegetables,455,"Fast delivery, great service!",5,No,No
ORD024638,CUST8745,JioMart,11:29.5,24,Snacks,348,"Not fresh, disappointed.",2,No,Yes
ORD024641,CUST5083,Swiggy Instamart,31:29.5,25,Beverages,449,"Not fresh, disappointed.",2,No,Yes
ORD024647,CUST5436,Blinkit,38:29.5,31,Grocery,993,Wrong item delivered.,1,No,Yes
ORD024662,CUST9091,Blinkit,38:29.5,12,Beverages,874,"Easy to order, loved it!",5,No,No
ORD024666,CUST6550,Blinkit,59:29.5,42,Personal Care,765,Items missing from order.,2,Yes,Yes
ORD024696,CUST7803,Swiggy Instamart,17:29.5,22,Grocery,1311,"Fast delivery, great service!",5,No,No
ORD024697,CUST2575,JioMart,31:29.5,28,Dairy,496,Items missing from order.,2,No,Yes
ORD024718,CUST3720,JioMart,23:29.5,22,Grocery,584,Quick and reliable!,5,No,No
ORD024745,CUST5858,Swiggy Instamart,59:29.5,24,Snacks,123,"Fast delivery, great service!",5,No,No
ORD024757,CUST5296,Swiggy Instamart,27:29.5,26,Fruits & Vegetables,455,Packaging could be better.,3,No,No
ORD024781,CUST6732,Swiggy Instamart,58:29.5,30,Fruits & Vegetables,476,"Very late delivery, not happy.",2,No,Yes
ORD024794,CUST4529,JioMart,23:29.5,30,Grocery,533,"Fast delivery, great service!",5,No,No
ORD024821,CUST2360,JioMart,43:29.5,40,Grocery,1235,Delivery person was rude.,2,No,Yes
ORD024833,CUST9917,Blinkit,22:29.5,15,Beverages,913,Good quality products.,4,No,No
ORD024834,CUST1540,JioMart,40:29.5,34,Fruits & Vegetables,489,"Very late delivery, not happy.",2,No,Yes
ORD024843,CUST9223,Swiggy Instamart,33:29.5,31,Dairy,530,"Not fresh, disappointed.",2,No,Yes
ORD024844,CUST6392,Blinkit,29:29.5,37,Fruits & Vegetables,154,"Fast delivery, great service!",5,No,No
ORD024850,CUST6230,Blinkit,03:29.5,22,Snacks,383,"Not fresh, disappointed.",2,No,Yes
ORD024851,CUST4235,JioMart,31:29.5,37,Personal Care,365,Items missing from order.,2,No,Yes
ORD024855,CUST8832,JioMart,10:29.5,19,Snacks,64,Items missing from order.,2,No,Yes
ORD024861,CUST7261,Swiggy Instamart,58:29.5,23,Grocery,238,Items missing from order.,2,No,Yes
ORD024863,CUST2308,Swiggy Instamart,23:29.5,36,Grocery,732,Packaging could be better.,3,No,No
ORD024873,CUST6069,Swiggy Instamart,37:29.5,32,Dairy,301,"Very late delivery, not happy.",2,No,Yes
ORD024881,CUST2446,Swiggy Instamart,50:29.5,18,Fruits & Vegetables,514,Excellent experience!,5,No,No
ORD024889,CUST6195,JioMart,30:29.5,23,Dairy,702,Delivery person was rude.,2,No,Yes
ORD024893,CUST4491,Swiggy Instamart,47:29.5,28,Fruits & Vegetables,680,"Horrible experience, never ordering again.",1,No,Yes
ORD024896,CUST9357,Swiggy Instamart,56:29.5,22,Snacks,292,"Very late delivery, not happy.",2,No,Yes
ORD024906,CUST1614,JioMart,13:29.5,39,Beverages,426,Quick and reliable!,5,No,No
ORD024919,CUST1784,Blinkit,28:29.5,38,Fruits & Vegetables,325,Very satisfied with the service.,5,No,No
ORD024965,CUST8089,Swiggy Instamart,47:29.5,40,Snacks,481,"Not fresh, disappointed.",2,No,Yes
ORD024972,CUST9271,Blinkit,35:29.5,39,Personal Care,1858,Very satisfied with the service.,5,No,No
ORD025000,CUST9343,Swiggy Instamart,14:29.5,30,Fruits & Vegetables,217,Packaging could be better.,3,No,No
ORD025005,CUST9387,Blinkit,57:29.5,24,Beverages,864,Excellent experience!,5,No,No
ORD025015,CUST2643,JioMart,58:29.5,23,Personal Care,384,Packaging could be better.,3,No,No
ORD025034,CUST3965,Swiggy Instamart,59:29.5,21,Snacks,274,Delivery person was rude.,2,No,Yes
ORD025049,CUST1021,JioMart,42:29.5,30,Snacks,92,"Very late delivery, not happy.",2,No,Yes
ORD025079,CUST9588,Swiggy Instamart,41:29.5,19,Personal Care,1563,"Not fresh, disappointed.",2,No,Yes
ORD025168,CUST7789,Swiggy Instamart,16:29.5,61,Snacks,393,"Horrible experience, never ordering again.",1,Yes,Yes
ORD025179,CUST9389,JioMart,18:29.5,32,Beverages,886,Very satisfied with the service.,5,No,No
ORD025204,CUST1078,Blinkit,37:29.5,50,Fruits & Vegetables,546,"Easy to order, loved it!",5,Yes,No
ORD025230,CUST5547,JioMart,21:29.5,27,Fruits & Vegetables,508,Good quality products.,4,No,No
ORD025236,CUST4488,Swiggy Instamart,59:29.5,22,Fruits & Vegetables,222,Very satisfied with the service.,5,No,No
ORD025242,CUST3970,Blinkit,47:29.5,30,Dairy,484,Wrong item delivered.,1,No,Yes
ORD025248,CUST9607,Blinkit,39:29.5,32,Dairy,295,Delivery person was rude.,2,No,Yes
ORD025257,CUST4011,JioMart,42:29.5,26,Dairy,190,"Horrible experience, never ordering again.",1,No,Yes
ORD025299,CUST3477,Blinkit,18:29.5,36,Snacks,486,Delivery person was rude.,2,No,Yes
ORD025306,CUST4989,Swiggy Instamart,03:29.5,15,Snacks,223,Quick and reliable!,5,No,No
ORD025310,CUST9018,Swiggy Instamart,22:29.5,19,Personal Care,1343,Very satisfied with the service.,5,No,No
ORD025313,CUST2012,JioMart,15:29.5,17,Snacks,116,Items missing from order.,2,No,Yes
ORD025315,CUST1952,JioMart,06:29.5,47,Fruits & Vegetables,561,Excellent experience!,5,Yes,No
ORD025346,CUST8626,Swiggy Instamart,51:29.5,35,Grocery,464,Good quality products.,4,No,No
ORD025348,CUST2236,JioMart,20:29.5,25,Dairy,668,"Easy to order, loved it!",5,No,No
ORD025383,CUST1900,JioMart,31:29.5,26,Personal Care,799,"Not fresh, disappointed.",2,No,Yes
ORD025386,CUST1980,Swiggy Instamart,38:29.5,23,Grocery,1211,Very satisfied with the service.,5,No,No
ORD025435,CUST3433,Swiggy Instamart,21:29.5,35,Fruits & Vegetables,646,Packaging could be better.,3,No,No
ORD025456,CUST6611,Swiggy Instamart,02:29.5,42,Snacks,135,Excellent experience!,5,Yes,No
ORD025457,CUST2172,JioMart,12:29.5,37,Fruits & Vegetables,457,Delivery person was rude.,2,No,Yes
ORD025484,CUST6659,Swiggy Instamart,05:29.5,28,Fruits & Vegetables,387,"Easy to order, loved it!",5,No,No
ORD025513,CUST3123,Swiggy Instamart,32:29.5,31,Snacks,261,Very satisfied with the service.,5,No,No
ORD025515,CUST6357,Swiggy Instamart,00:29.5,5,Dairy,291,Wrong item delivered.,1,No,Yes
ORD025535,CUST3268,Swiggy Instamart,16:29.5,26,Dairy,143,"Not fresh, disappointed.",2,No,Yes
ORD025551,CUST6650,JioMart,11:29.5,14,Fruits & Vegetables,648,Very satisfied with the service.,5,No,No
ORD025559,CUST1850,JioMart,56:29.5,28,Fruits & Vegetables,399,"Horrible experience, never ordering again.",1,No,Yes
ORD025564,CUST9678,JioMart,35:29.5,20,Fruits & Vegetables,559,Good quality products.,4,No,No
ORD025590,CUST4284,Blinkit,10:29.5,26,Personal Care,1491,Wrong item delivered.,1,No,Yes
ORD025599,CUST5787,Blinkit,43:29.5,20,Grocery,1124,"Not fresh, disappointed.",2,No,Yes
ORD025604,CUST5147,JioMart,24:29.5,25,Personal Care,1322,Items missing from order.,2,No,Yes
ORD025631,CUST1851,Swiggy Instamart,49:29.5,27,Personal Care,299,Very satisfied with the service.,5,No,No
ORD025632,CUST2863,Blinkit,39:29.5,43,Personal Care,1775,"Easy to order, loved it!",5,Yes,No
ORD025653,CUST1799,JioMart,35:29.5,20,Snacks,348,Wrong item delivered.,1,No,Yes
ORD025669,CUST7307,Swiggy Instamart,44:29.5,30,Personal Care,1245,"Easy to order, loved it!",5,No,No
ORD025672,CUST2242,Swiggy Instamart,25:29.5,37,Snacks,113,Excellent experience!,5,No,No
ORD025673,CUST4499,JioMart,38:29.5,26,Beverages,742,Quick and reliable!,5,No,No
ORD025676,CUST9559,Blinkit,15:29.5,39,Dairy,125,"Fast delivery, great service!",5,No,No
ORD025710,CUST9636,Blinkit,08:29.5,12,Grocery,515,Wrong item delivered.,1,No,Yes
ORD025718,CUST9453,JioMart,45:29.5,36,Snacks,112,Very satisfied with the service.,5,No,No
ORD025735,CUST8806,Blinkit,50:29.5,30,Personal Care,1996,"Fast delivery, great service!",5,No,No
ORD025750,CUST6360,Blinkit,13:29.5,38,Grocery,877,Packaging could be better.,3,No,No
ORD025779,CUST4408,JioMart,08:29.5,23,Personal Care,1850,"Fast delivery, great service!",5,No,No
ORD025793,CUST4636,JioMart,31:29.5,21,Personal Care,1519,Quick and reliable!,5,No,No
ORD025799,CUST3696,Swiggy Instamart,44:29.5,35,Grocery,1058,Excellent experience!,5,No,No
ORD025803,CUST7072,Swiggy Instamart,57:29.5,18,Beverages,890,Items missing from order.,2,No,Yes
ORD025839,CUST2358,JioMart,57:29.5,19,Fruits & Vegetables,167,Items missing from order.,2,No,Yes
ORD025848,CUST5755,JioMart,06:29.5,21,Beverages,218,Very satisfied with the service.,5,No,No
ORD025855,CUST8694,Swiggy Instamart,44:29.5,34,Snacks,498,Very satisfied with the service.,5,No,No
ORD025862,CUST6976,Blinkit,43:29.5,38,Personal Care,1029,Quick and reliable!,5,No,No
ORD025902,CUST7903,JioMart,57:29.5,26,Snacks,110,"Very late delivery, not happy.",2,No,Yes
ORD025907,CUST2872,JioMart,21:29.5,40,Grocery,570,"Horrible experience, never ordering again.",1,No,Yes
ORD025928,CUST8466,JioMart,42:29.5,32,Dairy,520,Items missing from order.,2,No,Yes
ORD025944,CUST2495,Swiggy Instamart,45:29.5,15,Personal Care,1987,Very satisfied with the service.,5,No,No
ORD025953,CUST3552,Swiggy Instamart,05:29.5,32,Fruits & Vegetables,69,Wrong item delivered.,1,No,Yes
ORD025968,CUST6457,Swiggy Instamart,55:29.5,18,Grocery,484,Quick and reliable!,5,No,No
ORD025982,CUST2414,Swiggy Instamart,08:29.5,26,Snacks,417,Items missing from order.,2,No,Yes
ORD025996,CUST4324,Blinkit,06:29.5,31,Fruits & Vegetables,148,Excellent experience!,5,No,No
ORD026001,CUST7894,JioMart,57:29.5,44,Fruits & Vegetables,558,Items missing from order.,2,Yes,Yes
ORD026002,CUST4556,Swiggy Instamart,06:29.5,37,Grocery,465,Wrong item delivered.,1,No,Yes
ORD026020,CUST1734,Swiggy Instamart,59:29.5,22,Dairy,605,"Horrible experience, never ordering again.",1,No,Yes
ORD026060,CUST2206,Swiggy Instamart,48:29.5,36,Fruits & Vegetables,650,Packaging could be better.,3,No,No
ORD026075,CUST2550,Swiggy Instamart,19:29.5,17,Beverages,871,"Not fresh, disappointed.",2,No,Yes
ORD026087,CUST8959,JioMart,17:29.5,35,Grocery,606,Good quality products.,4,No,No
ORD026097,CUST9891,Swiggy Instamart,17:29.5,29,Snacks,447,"Easy to order, loved it!",5,No,No
ORD026109,CUST8534,Blinkit,52:29.5,11,Personal Care,768,Packaging could be better.,3,No,No
ORD026122,CUST8332,JioMart,05:29.5,33,Personal Care,800,Quick and reliable!,5,No,No
ORD026157,CUST2186,JioMart,43:29.5,17,Fruits & Vegetables,230,Wrong item delivered.,1,No,Yes
ORD026170,CUST6749,Blinkit,13:29.5,15,Snacks,62,Packaging could be better.,3,No,No
ORD026195,CUST4816,JioMart,46:29.5,44,Dairy,443,"Very late delivery, not happy.",2,Yes,Yes
ORD026207,CUST7413,JioMart,43:29.5,47,Beverages,257,Packaging could be better.,3,Yes,No
ORD026254,CUST1814,Blinkit,27:29.5,25,Snacks,489,Good quality products.,4,No,No
ORD026287,CUST4536,Swiggy Instamart,08:29.5,18,Grocery,1376,Items missing from order.,2,No,Yes
ORD026303,CUST5763,Blinkit,55:29.5,41,Snacks,239,Delivery person was rude.,2,Yes,Yes
ORD026323,CUST9716,Blinkit,36:29.5,21,Dairy,137,Delivery person was rude.,2,No,Yes
ORD026329,CUST1837,JioMart,50:29.5,22,Snacks,426,Packaging could be better.,3,No,No
ORD026338,CUST4723,JioMart,41:29.5,38,Snacks,132,Wrong item delivered.,1,No,Yes
ORD026404,CUST5793,Blinkit,17:29.5,16,Beverages,897,"Horrible experience, never ordering again.",1,No,Yes
ORD026427,CUST9909,Blinkit,55:29.5,22,Snacks,222,"Fast delivery, great service!",5,No,No
ORD026451,CUST5219,Blinkit,23:29.5,35,Fruits & Vegetables,156,Very satisfied with the service.,5,No,No
ORD026467,CUST6505,JioMart,46:29.5,25,Fruits & Vegetables,352,Wrong item delivered.,1,No,Yes
ORD026486,CUST4754,Swiggy Instamart,42:29.5,14,Dairy,235,"Horrible experience, never ordering again.",1,No,Yes
ORD026535,CUST1624,Blinkit,22:29.5,54,Fruits & Vegetables,521,"Very late delivery, not happy.",2,Yes,Yes
ORD026574,CUST8930,JioMart,18:29.5,27,Beverages,422,Wrong item delivered.,1,No,Yes
ORD026597,CUST3145,JioMart,47:29.5,26,Dairy,435,Excellent experience!,5,No,No
ORD026606,CUST1905,Blinkit,27:29.5,30,Fruits & Vegetables,641,Excellent experience!,5,No,No
ORD026607,CUST3786,Swiggy Instamart,54:29.5,20,Fruits & Vegetables,142,"Horrible experience, never ordering again.",1,No,Yes
ORD026622,CUST6701,JioMart,32:29.5,21,Snacks,438,Wrong item delivered.,1,No,Yes
ORD026656,CUST9960,Blinkit,31:29.5,29,Beverages,631,Packaging could be better.,3,No,No
ORD026662,CUST4227,JioMart,45:29.5,33,Personal Care,259,Quick and reliable!,5,No,No
ORD026693,CUST1825,JioMart,34:29.5,15,Fruits & Vegetables,412,Good quality products.,4,No,No
ORD026705,CUST2707,JioMart,56:29.5,40,Personal Care,1300,"Horrible experience, never ordering again.",1,No,Yes
ORD026711,CUST7083,Swiggy Instamart,57:29.5,17,Fruits & Vegetables,540,Quick and reliable!,5,No,No
ORD026712,CUST2325,Swiggy Instamart,26:29.5,16,Dairy,583,Excellent experience!,5,No,No
ORD026720,CUST7886,Swiggy Instamart,00:29.5,31,Grocery,1287,Very satisfied with the service.,5,No,No
ORD026732,CUST2282,Blinkit,43:29.5,20,Fruits & Vegetables,377,Packaging could be better.,3,No,No
ORD026750,CUST9911,Swiggy Instamart,31:29.5,23,Snacks,376,"Fast delivery, great service!",5,No,No
ORD026752,CUST1413,Swiggy Instamart,46:29.5,29,Beverages,978,Quick and reliable!,5,No,No
ORD026769,CUST7238,Blinkit,57:29.5,21,Snacks,410,Wrong item delivered.,1,No,Yes
ORD026773,CUST7405,Swiggy Instamart,03:29.5,16,Fruits & Vegetables,473,Packaging could be better.,3,No,No
ORD026778,CUST4355,Swiggy Instamart,21:29.5,42,Personal Care,185,Packaging could be better.,3,Yes,No
ORD026790,CUST7137,Blinkit,18:29.5,34,Fruits & Vegetables,422,Quick and reliable!,5,No,No
ORD026821,CUST8969,Blinkit,03:29.5,22,Personal Care,105,"Horrible experience, never ordering again.",1,No,Yes
ORD026904,CUST7005,Swiggy Instamart,46:29.5,27,Fruits & Vegetables,390,Wrong item delivered.,1,No,Yes
ORD026909,CUST2693,Swiggy Instamart,23:29.5,39,Fruits & Vegetables,629,Packaging could be better.,3,No,No
ORD026914,CUST8995,JioMart,36:29.5,29,Grocery,722,"Horrible experience, never ordering again.",1,No,Yes
ORD026949,CUST6086,Blinkit,07:29.5,27,Snacks,371,"Not fresh, disappointed.",2,No,Yes
ORD026965,CUST3026,Blinkit,39:29.5,27,Grocery,330,Quick and reliable!,5,No,No
ORD027006,CUST1863,Blinkit,51:29.5,46,Snacks,96,"Horrible experience, never ordering again.",1,Yes,Yes
ORD027016,CUST6936,JioMart,01:29.5,8,Snacks,180,"Not fresh, disappointed.",2,No,Yes
ORD027035,CUST4535,JioMart,37:29.5,31,Personal Care,1540,Delivery person was rude.,2,No,Yes
ORD027044,CUST8845,JioMart,56:29.5,37,Beverages,677,Excellent experience!,5,No,No
ORD027046,CUST5812,Blinkit,07:29.5,44,Personal Care,294,"Fast delivery, great service!",5,Yes,No
ORD027057,CUST2004,Swiggy Instamart,59:29.5,44,Beverages,421,"Not fresh, disappointed.",2,Yes,Yes
ORD027065,CUST1236,JioMart,09:29.5,38,Grocery,638,Quick and reliable!,5,No,No
ORD027091,CUST6510,JioMart,22:29.5,40,Beverages,719,Wrong item delivered.,1,No,Yes
ORD027126,CUST1577,Blinkit,55:29.5,40,Fruits & Vegetables,546,Good quality products.,4,No,No
ORD027152,CUST3437,JioMart,31:29.5,38,Personal Care,376,Packaging could be better.,3,No,No
ORD027156,CUST7957,Swiggy Instamart,03:29.5,42,Personal Care,223,"Horrible experience, never ordering again.",1,Yes,Yes
ORD027162,CUST4134,JioMart,58:29.5,29,Personal Care,1738,Wrong item delivered.,1,No,Yes
ORD027283,CUST9472,JioMart,47:29.5,41,Personal Care,174,Delivery person was rude.,2,Yes,Yes
ORD027312,CUST1912,Swiggy Instamart,34:29.5,8,Fruits & Vegetables,662,Excellent experience!,5,No,No
ORD027352,CUST9023,JioMart,44:29.5,49,Beverages,522,Good quality products.,4,Yes,No
ORD027370,CUST5608,Blinkit,21:29.5,32,Beverages,367,Items missing from order.,2,No,Yes
ORD027372,CUST5229,JioMart,43:29.5,46,Grocery,570,Delivery person was rude.,2,Yes,Yes
ORD027387,CUST2454,JioMart,20:29.5,18,Grocery,1494,"Not fresh, disappointed.",2,No,Yes
ORD027391,CUST4601,Swiggy Instamart,21:29.5,23,Personal Care,162,Excellent experience!,5,No,No
ORD027398,CUST8562,JioMart,41:29.5,31,Personal Care,1467,"Not fresh, disappointed.",2,No,Yes
ORD027438,CUST3462,JioMart,49:29.5,26,Snacks,240,Quick and reliable!,5,No,No
ORD027463,CUST7104,JioMart,35:29.5,25,Personal Care,238,"Horrible experience, never ordering again.",1,No,Yes
ORD027467,CUST3457,JioMart,01:29.5,31,Dairy,165,"Very late delivery, not happy.",2,No,Yes
ORD027468,CUST4967,Blinkit,40:29.5,25,Fruits & Vegetables,651,Packaging could be better.,3,No,No
ORD027478,CUST6602,Blinkit,00:29.5,27,Beverages,378,Delivery person was rude.,2,No,Yes
ORD027481,CUST3132,JioMart,09:29.5,32,Dairy,590,Good quality products.,4,No,No
ORD027486,CUST1603,Blinkit,46:29.5,24,Grocery,1486,Delivery person was rude.,2,No,Yes
ORD027491,CUST2149,Swiggy Instamart,46:29.5,24,Beverages,674,Items missing from order.,2,No,Yes
ORD027520,CUST9367,Swiggy Instamart,12:29.5,6,Snacks,184,Packaging could be better.,3,No,No
ORD027529,CUST7281,Blinkit,39:29.5,23,Dairy,538,Good quality products.,4,No,No
ORD027551,CUST5682,JioMart,45:29.5,31,Beverages,666,"Fast delivery, great service!",5,No,No
ORD027597,CUST4701,JioMart,54:29.5,38,Dairy,155,Packaging could be better.,3,No,No
ORD027654,CUST9815,Swiggy Instamart,46:29.5,33,Snacks,65,Very satisfied with the service.,5,No,No
ORD027668,CUST7310,Swiggy Instamart,23:29.5,26,Dairy,725,"Fast delivery, great service!",5,No,No
ORD027697,CUST6445,JioMart,44:29.5,38,Personal Care,1919,Packaging could be better.,3,No,No
ORD027699,CUST6938,JioMart,42:29.5,30,Personal Care,1824,Packaging could be better.,3,No,No
ORD027760,CUST7838,Blinkit,13:29.5,31,Dairy,668,Packaging could be better.,3,No,No
ORD027784,CUST9065,Swiggy Instamart,30:29.5,19,Beverages,968,Very satisfied with the service.,5,No,No
ORD027793,CUST1763,JioMart,27:29.5,51,Personal Care,117,Very satisfied with the service.,5,Yes,No
ORD027800,CUST4135,JioMart,55:29.5,32,Beverages,914,Quick and reliable!,5,No,No
ORD027805,CUST2447,Swiggy Instamart,09:29.5,37,Grocery,1261,"Fast delivery, great service!",5,No,No
ORD027825,CUST7856,Blinkit,49:29.5,22,Fruits & Vegetables,313,"Easy to order, loved it!",5,No,No
ORD027839,CUST6414,JioMart,19:29.5,18,Beverages,723,"Horrible experience, never ordering again.",1,No,Yes
ORD027852,CUST9434,Swiggy Instamart,24:29.5,39,Dairy,477,Packaging could be better.,3,No,No
ORD027866,CUST7827,Blinkit,59:29.5,30,Grocery,662,Wrong item delivered.,1,No,Yes
ORD027930,CUST3602,Swiggy Instamart,26:29.5,17,Dairy,640,"Very late delivery, not happy.",2,No,Yes
ORD027955,CUST1302,JioMart,22:29.5,30,Personal Care,1556,"Very late delivery, not happy.",2,No,Yes
ORD027964,CUST8781,JioMart,23:29.5,40,Dairy,588,Quick and reliable!,5,No,No
ORD027968,CUST4785,Swiggy Instamart,01:29.5,34,Beverages,480,"Not fresh, disappointed.",2,No,Yes
ORD027976,CUST3599,Swiggy Instamart,57:29.5,20,Beverages,163,"Fast delivery, great service!",5,No,No
ORD027987,CUST7320,Blinkit,21:29.5,34,Snacks,456,Excellent experience!,5,No,No
ORD028007,CUST2828,JioMart,03:29.5,22,Fruits & Vegetables,570,"Horrible experience, never ordering again.",1,No,Yes
ORD028016,CUST6750,JioMart,46:29.5,32,Dairy,191,Delivery person was rude.,2,No,Yes
ORD028030,CUST3368,Blinkit,49:29.5,20,Dairy,299,Very satisfied with the service.,5,No,No
ORD028056,CUST6466,JioMart,00:29.5,25,Grocery,1386,"Horrible experience, never ordering again.",1,No,Yes
ORD028058,CUST8186,JioMart,51:29.5,35,Dairy,714,Items missing from order.,2,No,Yes
ORD028066,CUST6667,Swiggy Instamart,37:29.5,48,Beverages,231,Delivery person was rude.,2,Yes,Yes
ORD028097,CUST9213,Swiggy Instamart,56:29.5,32,Snacks,178,Very satisfied with the service.,5,No,No
ORD028098,CUST6970,Swiggy Instamart,43:29.5,22,Beverages,667,Items missing from order.,2,No,Yes
ORD028101,CUST2400,Blinkit,04:29.5,25,Fruits & Vegetables,557,"Horrible experience, never ordering again.",1,No,Yes
ORD028139,CUST7067,Blinkit,14:29.5,24,Snacks,285,"Fast delivery, great service!",5,No,No
ORD028198,CUST3047,Swiggy Instamart,12:29.5,34,Beverages,984,Packaging could be better.,3,No,No
ORD028201,CUST2798,Swiggy Instamart,18:29.5,22,Fruits & Vegetables,77,"Easy to order, loved it!",5,No,No
ORD028244,CUST6726,JioMart,01:29.5,23,Personal Care,285,Excellent experience!,5,No,No
ORD028267,CUST1030,Swiggy Instamart,55:29.5,12,Beverages,436,"Not fresh, disappointed.",2,No,Yes
ORD028283,CUST6232,JioMart,54:29.5,24,Fruits & Vegetables,441,Good quality products.,4,No,No
ORD028319,CUST2603,Swiggy Instamart,33:29.5,5,Personal Care,800,Quick and reliable!,5,No,No
ORD028346,CUST4512,JioMart,57:29.5,34,Dairy,761,"Fast delivery, great service!",5,No,No
ORD028372,CUST2024,JioMart,33:29.5,6,Beverages,146,"Very late delivery, not happy.",2,No,Yes
ORD028412,CUST7186,JioMart,16:29.5,14,Snacks,308,"Not fresh, disappointed.",2,No,Yes
ORD028427,CUST4518,Swiggy Instamart,36:29.5,37,Personal Care,929,"Easy to order, loved it!",5,No,No
ORD028432,CUST5692,Swiggy Instamart,30:29.5,19,Grocery,778,"Easy to order, loved it!",5,No,No
ORD028436,CUST2598,JioMart,39:29.5,33,Dairy,400,Items missing from order.,2,No,Yes
ORD028440,CUST4503,Swiggy Instamart,48:29.5,30,Dairy,317,Delivery person was rude.,2,No,Yes
ORD028454,CUST8026,JioMart,24:29.5,19,Beverages,227,Delivery person was rude.,2,No,Yes
ORD028487,CUST9325,Blinkit,47:29.5,25,Dairy,643,Very satisfied with the service.,5,No,No
ORD028516,CUST5619,Blinkit,58:29.5,35,Snacks,448,"Not fresh, disappointed.",2,No,Yes
ORD028543,CUST4779,Swiggy Instamart,44:29.5,18,Fruits & Vegetables,253,"Fast delivery, great service!",5,No,No
ORD028559,CUST7123,Blinkit,00:29.5,23,Beverages,363,"Very late delivery, not happy.",2,No,Yes
ORD028563,CUST9926,Swiggy Instamart,53:29.5,35,Snacks,198,Very satisfied with the service.,5,No,No
ORD028603,CUST1069,JioMart,42:29.5,38,Dairy,188,Quick and reliable!,5,No,No
ORD028613,CUST5156,Swiggy Instamart,50:29.5,26,Grocery,636,Items missing from order.,2,No,Yes
ORD028649,CUST1933,Swiggy Instamart,27:29.5,26,Grocery,781,"Easy to order, loved it!",5,No,No
ORD028662,CUST6255,Blinkit,35:29.5,21,Grocery,696,"Not fresh, disappointed.",2,No,Yes
ORD028702,CUST9738,JioMart,31:29.5,22,Personal Care,1572,Packaging could be better.,3,No,No
ORD028703,CUST1707,Blinkit,51:29.5,31,Fruits & Vegetables,59,Very satisfied with the service.,5,No,No
ORD028707,CUST2918,JioMart,05:29.5,25,Grocery,367,Items missing from order.,2,No,Yes
ORD028788,CUST2399,Swiggy Instamart,20:29.5,13,Grocery,676,"Horrible experience, never ordering again.",1,No,Yes
ORD028812,CUST5132,Swiggy Instamart,21:29.5,30,Beverages,314,"Very late delivery, not happy.",2,No,Yes
ORD028825,CUST4124,Swiggy Instamart,35:29.5,27,Grocery,799,"Not fresh, disappointed.",2,No,Yes
ORD028828,CUST9809,Blinkit,47:29.5,38,Snacks,266,"Fast delivery, great service!",5,No,No
ORD028908,CUST7696,JioMart,53:29.5,23,Dairy,533,Quick and reliable!,5,No,No
ORD028915,CUST2881,Blinkit,57:29.5,38,Personal Care,1380,Quick and reliable!,5,No,No
ORD028921,CUST9878,JioMart,13:29.5,36,Fruits & Vegetables,256,Wrong item delivered.,1,No,Yes
ORD028929,CUST1677,Swiggy Instamart,40:29.5,29,Grocery,447,"Very late delivery, not happy.",2,No,Yes
ORD028935,CUST2299,Blinkit,16:29.5,35,Snacks,500,"Very late delivery, not happy.",2,No,Yes
ORD028954,CUST1910,Blinkit,32:29.5,19,Dairy,167,Packaging could be better.,3,No,No
ORD028996,CUST8297,Swiggy Instamart,06:29.5,26,Personal Care,314,"Fast delivery, great service!",5,No,No
ORD029005,CUST6607,Swiggy Instamart,28:29.5,25,Snacks,475,Good quality products.,4,No,No
ORD029006,CUST9194,JioMart,30:29.5,41,Fruits & Vegetables,336,Delivery person was rude.,2,Yes,Yes
ORD029011,CUST6979,Blinkit,44:29.5,26,Beverages,964,"Not fresh, disappointed.",2,No,Yes
ORD029060,CUST5899,Blinkit,10:29.5,43,Beverages,795,"Not fresh, disappointed.",2,Yes,Yes
ORD029064,CUST3596,Blinkit,25:29.5,27,Fruits & Vegetables,329,Good quality products.,4,No,No
ORD029083,CUST5867,Swiggy Instamart,27:29.5,35,Grocery,646,Items missing from order.,2,No,Yes
ORD029123,CUST4736,Blinkit,04:29.5,25,Dairy,646,"Not fresh, disappointed.",2,No,Yes
ORD029132,CUST3062,JioMart,47:29.5,26,Dairy,467,Very satisfied with the service.,5,No,No
ORD029147,CUST8647,Blinkit,00:29.5,22,Dairy,594,"Horrible experience, never ordering again.",1,No,Yes
ORD029268,CUST3499,JioMart,39:29.5,38,Beverages,954,Good quality products.,4,No,No
ORD029286,CUST1789,Blinkit,43:29.5,22,Snacks,475,"Very late delivery, not happy.",2,No,Yes
ORD029331,CUST5160,Swiggy Instamart,17:29.5,33,Beverages,322,"Fast delivery, great service!",5,No,No
ORD029354,CUST3197,Swiggy Instamart,29:29.5,34,Dairy,286,Very satisfied with the service.,5,No,No
ORD029358,CUST8087,Swiggy Instamart,40:29.5,33,Beverages,353,Quick and reliable!,5,No,No
ORD029370,CUST3520,JioMart,53:29.5,23,Beverages,601,Very satisfied with the service.,5,No,No
ORD029405,CUST5604,Blinkit,40:29.5,18,Personal Care,610,"Very late delivery, not happy.",2,No,Yes
ORD029430,CUST8841,Blinkit,56:29.5,16,Fruits & Vegetables,262,"Horrible experience, never ordering again.",1,No,Yes
ORD029433,CUST1561,Swiggy Instamart,31:29.5,40,Grocery,647,Quick and reliable!,5,No,No
ORD029440,CUST2839,Blinkit,20:29.5,34,Personal Care,346,Wrong item delivered.,1,No,Yes
ORD029448,CUST7880,Swiggy Instamart,38:29.5,23,Dairy,368,"Easy to order, loved it!",5,No,No
ORD029474,CUST5316,Swiggy Instamart,09:29.5,41,Personal Care,861,"Fast delivery, great service!",5,Yes,No
ORD029479,CUST9439,Swiggy Instamart,05:29.5,27,Snacks,177,Delivery person was rude.,2,No,Yes
ORD029521,CUST2628,Blinkit,56:29.5,31,Fruits & Vegetables,450,Very satisfied with the service.,5,No,No
ORD029569,CUST9620,Blinkit,34:29.5,36,Dairy,104,Delivery person was rude.,2,No,Yes
ORD029600,CUST3380,Blinkit,43:29.5,33,Fruits & Vegetables,281,Good quality products.,4,No,No
ORD029612,CUST3124,Blinkit,03:29.5,48,Personal Care,1328,"Horrible experience, never ordering again.",1,Yes,Yes
ORD029675,CUST8561,Blinkit,53:29.5,29,Personal Care,1752,Very satisfied with the service.,5,No,No
ORD029708,CUST3343,JioMart,12:29.5,24,Grocery,714,Excellent experience!,5,No,No
ORD029730,CUST2407,JioMart,57:29.5,29,Beverages,190,"Not fresh, disappointed.",2,No,Yes
ORD029740,CUST1631,Blinkit,14:29.5,41,Personal Care,934,"Very late delivery, not happy.",2,Yes,Yes
ORD029750,CUST5848,JioMart,21:29.5,5,Dairy,310,Excellent experience!,5,No,No
ORD029762,CUST5452,JioMart,42:29.5,18,Beverages,270,"Very late delivery, not happy.",2,No,Yes
ORD029788,CUST5733,JioMart,19:29.5,26,Grocery,641,"Horrible experience, never ordering again.",1,No,Yes
ORD029810,CUST1593,Swiggy Instamart,29:29.5,33,Fruits & Vegetables,421,Excellent experience!,5,No,No
ORD029822,CUST7490,Blinkit,34:29.5,36,Fruits & Vegetables,700,Packaging could be better.,3,No,No
ORD029851,CUST1064,JioMart,06:29.5,26,Grocery,1160,Delivery person was rude.,2,No,Yes
ORD029883,CUST8335,JioMart,40:29.5,28,Snacks,130,Wrong item delivered.,1,No,Yes
ORD029913,CUST8477,Swiggy Instamart,34:29.5,26,Snacks,317,Quick and reliable!,5,No,No
ORD029914,CUST4856,Blinkit,29:29.5,42,Beverages,234,Excellent experience!,5,Yes,No
ORD029943,CUST7398,JioMart,14:29.5,37,Grocery,706,Excellent experience!,5,No,No
ORD029980,CUST4888,Swiggy Instamart,15:29.5,31,Snacks,59,"Very late delivery, not happy.",2,No,Yes
ORD029983,CUST8789,Blinkit,57:29.5,45,Snacks,470,Quick and reliable!,5,Yes,No
ORD030039,CUST8638,Swiggy Instamart,28:29.5,21,Grocery,521,"Very late delivery, not happy.",2,No,Yes
ORD030045,CUST2150,Blinkit,04:29.5,26,Grocery,1282,Packaging could be better.,3,No,No
ORD030049,CUST9688,Swiggy Instamart,48:29.5,31,Grocery,1175,Excellent experience!,5,No,No
ORD030054,CUST7728,Swiggy Instamart,03:29.5,35,Personal Care,932,"Very late delivery, not happy.",2,No,Yes
ORD030058,CUST7514,JioMart,17:29.5,22,Snacks,368,"Not fresh, disappointed.",2,No,Yes
ORD030102,CUST3710,Blinkit,39:29.5,37,Snacks,304,"Fast delivery, great service!",5,No,No
ORD030115,CUST8127,Swiggy Instamart,03:29.5,34,Snacks,456,Excellent experience!,5,No,No
ORD030125,CUST5218,Swiggy Instamart,27:29.5,6,Fruits & Vegetables,279,"Very late delivery, not happy.",2,No,Yes
ORD030126,CUST1398,Blinkit,34:29.5,25,Snacks,161,Excellent experience!,5,No,No
ORD030164,CUST5865,Swiggy Instamart,52:29.5,22,Snacks,337,Delivery person was rude.,2,No,Yes
ORD030180,CUST2105,Blinkit,09:29.5,31,Fruits & Vegetables,88,Wrong item delivered.,1,No,Yes
ORD030245,CUST3191,Blinkit,51:29.5,31,Grocery,832,"Very late delivery, not happy.",2,No,Yes
ORD030266,CUST6791,Blinkit,15:29.5,25,Beverages,986,Good quality products.,4,No,No
ORD030270,CUST1300,Blinkit,40:29.5,25,Personal Care,1463,Very satisfied with the service.,5,No,No
ORD030284,CUST1780,Swiggy Instamart,25:29.5,32,Snacks,490,Delivery person was rude.,2,No,Yes
ORD030289,CUST8402,JioMart,54:29.5,26,Personal Care,1931,"Not fresh, disappointed.",2,No,Yes
ORD030329,CUST2053,Blinkit,56:29.5,28,Dairy,449,Quick and reliable!,5,No,No
ORD030347,CUST9024,JioMart,23:29.5,16,Dairy,701,Very satisfied with the service.,5,No,No
ORD030483,CUST9421,JioMart,27:29.5,26,Fruits & Vegetables,568,Excellent experience!,5,No,No
ORD030501,CUST3074,JioMart,00:29.5,18,Beverages,607,Very satisfied with the service.,5,No,No
ORD030510,CUST8958,Swiggy Instamart,30:29.5,28,Snacks,291,Wrong item delivered.,1,No,Yes
ORD030516,CUST6988,Blinkit,43:29.5,36,Snacks,227,"Horrible experience, never ordering again.",1,No,Yes
ORD030528,CUST1140,Blinkit,03:29.5,29,Snacks,472,"Horrible experience, never ordering again.",1,No,Yes
ORD030571,CUST8380,JioMart,29:29.5,17,Grocery,750,"Easy to order, loved it!",5,No,No
ORD030576,CUST7826,JioMart,00:29.5,20,Beverages,447,Excellent experience!,5,No,No
ORD030692,CUST7327,JioMart,37:29.5,23,Dairy,100,"Horrible experience, never ordering again.",1,No,Yes
ORD030707,CUST7682,Blinkit,47:29.5,32,Dairy,510,Quick and reliable!,5,No,No
ORD030838,CUST5211,Blinkit,21:29.5,24,Dairy,364,Wrong item delivered.,1,No,Yes
ORD030900,CUST2216,Blinkit,10:29.5,30,Beverages,172,Wrong item delivered.,1,No,Yes
ORD030902,CUST7193,JioMart,44:29.5,29,Grocery,724,Packaging could be better.,3,No,No
ORD030930,CUST8721,Swiggy Instamart,54:29.5,27,Beverages,101,Quick and reliable!,5,No,No
ORD030980,CUST3678,Blinkit,10:29.5,35,Grocery,375,Very satisfied with the service.,5,No,No
ORD030997,CUST6066,Blinkit,03:29.5,15,Grocery,226,"Not fresh, disappointed.",2,No,Yes
ORD031011,CUST6721,JioMart,51:29.5,26,Personal Care,1701,Items missing from order.,2,No,Yes
ORD031128,CUST8321,JioMart,51:29.5,8,Beverages,561,Packaging could be better.,3,No,No
ORD031137,CUST8893,Blinkit,39:29.5,27,Fruits & Vegetables,675,Wrong item delivered.,1,No,Yes
ORD031170,CUST9400,Swiggy Instamart,26:29.5,22,Beverages,758,Items missing from order.,2,No,Yes
ORD031176,CUST5548,Blinkit,25:29.5,9,Fruits & Vegetables,685,Good quality products.,4,No,No
ORD031199,CUST5691,Swiggy Instamart,44:29.5,35,Grocery,634,"Not fresh, disappointed.",2,No,Yes
ORD031204,CUST6725,Blinkit,12:29.5,22,Grocery,1084,"Not fresh, disappointed.",2,No,Yes
ORD031217,CUST7863,Blinkit,26:29.5,21,Grocery,824,Delivery person was rude.,2,No,Yes
ORD031224,CUST2673,JioMart,19:29.5,27,Dairy,625,Wrong item delivered.,1,No,Yes
ORD031293,CUST5464,Blinkit,36:29.5,18,Dairy,505,"Very late delivery, not happy.",2,No,Yes
ORD031421,CUST5866,Blinkit,00:29.5,27,Personal Care,202,"Not fresh, disappointed.",2,No,Yes
ORD031443,CUST3648,Blinkit,31:29.5,34,Fruits & Vegetables,151,"Horrible experience, never ordering again.",1,No,Yes
ORD031446,CUST6124,Blinkit,37:29.5,38,Grocery,767,"Horrible experience, never ordering again.",1,No,Yes
ORD031487,CUST4386,Blinkit,39:29.5,42,Dairy,265,Items missing from order.,2,Yes,Yes
ORD031509,CUST6790,JioMart,38:29.5,58,Fruits & Vegetables,117,Items missing from order.,2,Yes,Yes
ORD031535,CUST3349,JioMart,10:29.5,41,Beverages,109,Items missing from order.,2,Yes,Yes
ORD031563,CUST4317,Swiggy Instamart,01:29.5,12,Snacks,173,Very satisfied with the service.,5,No,No
ORD031565,CUST9403,JioMart,38:29.5,23,Beverages,560,Packaging could be better.,3,No,No
ORD031602,CUST4877,JioMart,46:29.5,42,Grocery,863,Packaging could be better.,3,Yes,No
ORD031688,CUST9293,Blinkit,23:29.5,28,Fruits & Vegetables,118,Very satisfied with the service.,5,No,No
ORD031789,CUST9075,JioMart,40:29.5,26,Personal Care,1432,"Very late delivery, not happy.",2,No,Yes
ORD031802,CUST4466,Swiggy Instamart,09:29.5,31,Grocery,970,"Not fresh, disappointed.",2,No,Yes
ORD031837,CUST8057,Swiggy Instamart,46:29.5,44,Fruits & Vegetables,538,Excellent experience!,5,Yes,No
ORD031873,CUST9913,Blinkit,00:29.5,29,Personal Care,1443,"Fast delivery, great service!",5,No,No
ORD031935,CUST3454,Blinkit,40:29.5,32,Grocery,436,"Not fresh, disappointed.",2,No,Yes
ORD031979,CUST3829,JioMart,23:29.5,33,Grocery,711,"Horrible experience, never ordering again.",1,No,Yes
ORD032031,CUST8290,JioMart,21:29.5,21,Beverages,106,Excellent experience!,5,No,No
ORD032111,CUST6512,Swiggy Instamart,28:29.5,42,Grocery,445,Packaging could be better.,3,Yes,No
ORD032137,CUST7702,JioMart,31:29.5,29,Fruits & Vegetables,116,"Very late delivery, not happy.",2,No,Yes
ORD032179,CUST4843,Swiggy Instamart,43:29.5,14,Snacks,417,Very satisfied with the service.,5,No,No
ORD032186,CUST5988,Blinkit,22:29.5,12,Dairy,668,"Very late delivery, not happy.",2,No,Yes
ORD032189,CUST7707,Swiggy Instamart,05:29.5,31,Beverages,783,Excellent experience!,5,No,No
ORD032225,CUST4045,JioMart,47:29.5,43,Snacks,441,Excellent experience!,5,Yes,No
ORD032241,CUST1165,Blinkit,50:29.5,42,Beverages,713,"Horrible experience, never ordering again.",1,Yes,Yes
ORD032374,CUST1622,JioMart,41:29.5,20,Grocery,1098,Delivery person was rude.,2,No,Yes
ORD032387,CUST9352,Blinkit,54:29.5,36,Snacks,418,Delivery person was rude.,2,No,Yes
ORD032395,CUST6433,Swiggy Instamart,01:29.5,35,Dairy,724,Quick and reliable!,5,No,No
ORD032422,CUST4034,Blinkit,59:29.5,32,Grocery,403,Delivery person was rude.,2,No,Yes
ORD032443,CUST4294,Blinkit,38:29.5,28,Personal Care,633,Wrong item delivered.,1,No,Yes
ORD032447,CUST7795,Swiggy Instamart,54:29.5,43,Personal Care,118,Delivery person was rude.,2,Yes,Yes
ORD032507,CUST6948,JioMart,19:29.5,40,Grocery,685,Wrong item delivered.,1,No,Yes
ORD032512,CUST1954,Swiggy Instamart,50:29.5,42,Dairy,775,Delivery person was rude.,2,Yes,Yes
ORD032546,CUST2439,Swiggy Instamart,41:29.5,11,Dairy,603,Good quality products.,4,No,No
ORD032554,CUST9661,Blinkit,28:29.5,27,Grocery,335,Quick and reliable!,5,No,No
ORD032681,CUST2484,Blinkit,36:29.5,44,Grocery,707,"Fast delivery, great service!",5,Yes,No
ORD032691,CUST2554,JioMart,04:29.5,28,Snacks,101,Items missing from order.,2,No,Yes
ORD032697,CUST9219,Blinkit,50:29.5,23,Dairy,762,"Not fresh, disappointed.",2,No,Yes
ORD032698,CUST8095,Swiggy Instamart,41:29.5,48,Beverages,487,"Easy to order, loved it!",5,Yes,No
ORD032735,CUST9554,JioMart,45:29.5,40,Dairy,471,Good quality products.,4,No,No
ORD032796,CUST5721,JioMart,24:29.5,27,Grocery,1250,"Easy to order, loved it!",5,No,No
ORD032803,CUST3309,Blinkit,38:29.5,28,Beverages,294,Packaging could be better.,3,No,No
ORD032805,CUST4557,Blinkit,56:29.5,30,Fruits & Vegetables,634,"Fast delivery, great service!",5,No,No
ORD032813,CUST1218,Blinkit,18:29.5,21,Dairy,345,Quick and reliable!,5,No,No
ORD032818,CUST9865,Blinkit,18:29.5,32,Dairy,387,"Horrible experience, never ordering again.",1,No,Yes
ORD032820,CUST9184,JioMart,15:29.5,36,Personal Care,1533,Delivery person was rude.,2,No,Yes
ORD032848,CUST8980,Swiggy Instamart,22:29.5,21,Grocery,990,Delivery person was rude.,2,No,Yes
ORD032873,CUST2568,Blinkit,16:29.5,36,Fruits & Vegetables,135,"Very late delivery, not happy.",2,No,Yes
ORD032924,CUST3164,Swiggy Instamart,57:29.5,33,Fruits & Vegetables,663,"Not fresh, disappointed.",2,No,Yes
ORD032949,CUST1926,Blinkit,34:29.5,18,Grocery,1421,Quick and reliable!,5,No,No
ORD033111,CUST7351,Blinkit,11:29.5,38,Snacks,151,"Easy to order, loved it!",5,No,No
ORD033114,CUST5688,Swiggy Instamart,03:29.5,23,Fruits & Vegetables,410,Quick and reliable!,5,No,No
ORD033122,CUST5443,Blinkit,45:29.5,25,Dairy,247,Packaging could be better.,3,No,No
ORD033145,CUST5824,Swiggy Instamart,28:29.5,23,Dairy,236,Quick and reliable!,5,No,No
ORD033159,CUST7610,JioMart,42:29.5,34,Personal Care,1089,Delivery person was rude.,2,No,Yes
ORD033167,CUST4561,Blinkit,34:29.5,5,Fruits & Vegetables,129,"Fast delivery, great service!",5,No,No
ORD033233,CUST5283,JioMart,41:29.5,32,Snacks,85,"Easy to order, loved it!",5,No,No
ORD033303,CUST3904,Blinkit,07:29.5,44,Personal Care,1373,"Very late delivery, not happy.",2,Yes,Yes
ORD033463,CUST6485,JioMart,03:29.5,26,Personal Care,502,"Not fresh, disappointed.",2,No,Yes
ORD033496,CUST1442,JioMart,17:29.5,29,Personal Care,606,Wrong item delivered.,1,No,Yes
ORD033621,CUST6474,Swiggy Instamart,41:29.5,45,Fruits & Vegetables,303,Packaging could be better.,3,Yes,No
ORD033640,CUST5154,Swiggy Instamart,08:29.5,29,Personal Care,1173,Quick and reliable!,5,No,No
ORD033646,CUST5070,JioMart,18:29.5,33,Dairy,756,"Very late delivery, not happy.",2,No,Yes
ORD033652,CUST6479,Blinkit,40:29.5,20,Snacks,124,Packaging could be better.,3,No,No
ORD033702,CUST5199,Swiggy Instamart,47:29.5,19,Personal Care,830,"Not fresh, disappointed.",2,No,Yes
ORD033704,CUST2355,JioMart,15:29.5,35,Grocery,1178,Items missing from order.,2,No,Yes
ORD033742,CUST7546,Swiggy Instamart,30:29.5,5,Grocery,916,Good quality products.,4,No,No
ORD033765,CUST1360,JioMart,15:29.5,33,Fruits & Vegetables,406,"Easy to order, loved it!",5,No,No
ORD033810,CUST9441,Blinkit,03:29.5,41,Dairy,709,Packaging could be better.,3,Yes,No
ORD033872,CUST9319,Blinkit,21:29.5,46,Snacks,77,Very satisfied with the service.,5,Yes,No
ORD033906,CUST9968,JioMart,17:29.5,20,Grocery,1048,Delivery person was rude.,2,No,Yes
ORD033951,CUST1809,Blinkit,51:29.5,20,Dairy,325,Packaging could be better.,3,No,No
ORD034060,CUST5898,Swiggy Instamart,16:29.5,12,Beverages,823,"Easy to order, loved it!",5,No,No
ORD034150,CUST5928,Blinkit,02:29.5,47,Snacks,394,Good quality products.,4,Yes,No
ORD034176,CUST7952,Swiggy Instamart,57:29.5,27,Dairy,536,"Fast delivery, great service!",5,No,No
ORD034179,CUST5324,JioMart,12:29.5,26,Grocery,868,Delivery person was rude.,2,No,Yes
ORD034266,CUST1342,Swiggy Instamart,06:29.5,7,Personal Care,103,Good quality products.,4,No,No
ORD034292,CUST1177,Blinkit,40:29.5,37,Grocery,848,"Fast delivery, great service!",5,No,No
ORD034331,CUST9358,Blinkit,21:29.5,36,Dairy,608,"Horrible experience, never ordering again.",1,No,Yes
ORD034332,CUST1363,Blinkit,00:29.5,26,Dairy,473,"Horrible experience, never ordering again.",1,No,Yes
ORD034395,CUST4722,JioMart,33:29.5,20,Personal Care,181,Good quality products.,4,No,No
ORD034588,CUST6801,Swiggy Instamart,20:29.5,23,Snacks,237,Delivery person was rude.,2,No,Yes
ORD034611,CUST6949,JioMart,28:29.5,38,Personal Care,766,Packaging could be better.,3,No,No
ORD034714,CUST8902,JioMart,25:29.5,25,Snacks,469,Excellent experience!,5,No,No
ORD034887,CUST6501,JioMart,48:29.5,45,Grocery,354,Items missing from order.,2,Yes,Yes
ORD034890,CUST4141,JioMart,42:29.5,45,Fruits & Vegetables,330,Delivery person was rude.,2,Yes,Yes
ORD034961,CUST5870,Blinkit,48:29.5,36,Dairy,595,Packaging could be better.,3,No,No
ORD034963,CUST2214,JioMart,14:29.5,29,Grocery,940,Very satisfied with the service.,5,No,No
ORD034976,CUST5474,Blinkit,45:29.5,28,Snacks,413,"Fast delivery, great service!",5,No,No
ORD035042,CUST1650,Blinkit,02:29.5,25,Grocery,294,Good quality products.,4,No,No
ORD035062,CUST3995,Blinkit,47:29.5,50,Beverages,648,Packaging could be better.,3,Yes,No
ORD035073,CUST4832,JioMart,05:29.5,20,Dairy,121,Packaging could be better.,3,No,No
ORD035075,CUST4035,Blinkit,49:29.5,30,Fruits & Vegetables,365,Good quality products.,4,No,No
ORD035102,CUST2321,JioMart,10:29.5,40,Fruits & Vegetables,150,Delivery person was rude.,2,No,Yes
ORD035122,CUST7545,Swiggy Instamart,28:29.5,21,Beverages,668,Excellent experience!,5,No,No
ORD035132,CUST4894,JioMart,43:29.5,37,Personal Care,1747,"Very late delivery, not happy.",2,No,Yes
ORD035160,CUST2630,JioMart,24:29.5,33,Grocery,1407,Items missing from order.,2,No,Yes
ORD035239,CUST4988,Swiggy Instamart,33:29.5,41,Grocery,661,"Easy to order, loved it!",5,Yes,No
ORD035300,CUST2810,Blinkit,22:29.5,44,Beverages,212,Items missing from order.,2,Yes,Yes
ORD035324,CUST9139,Blinkit,09:29.5,23,Snacks,412,Delivery person was rude.,2,No,Yes
ORD035365,CUST9823,JioMart,29:29.5,14,Personal Care,328,Packaging could be better.,3,No,No
ORD035409,CUST4231,Blinkit,41:29.5,31,Dairy,615,"Fast delivery, great service!",5,No,No
ORD035436,CUST8463,Blinkit,36:29.5,26,Snacks,276,"Very late delivery, not happy.",2,No,Yes
ORD035520,CUST1365,JioMart,52:29.5,24,Grocery,1194,"Fast delivery, great service!",5,No,No
ORD035655,CUST9330,Blinkit,54:29.5,38,Fruits & Vegetables,468,Quick and reliable!,5,No,No
ORD035710,CUST8664,JioMart,05:29.5,32,Grocery,822,"Fast delivery, great service!",5,No,No
ORD035744,CUST5039,Swiggy Instamart,47:29.5,26,Snacks,201,"Easy to order, loved it!",5,No,No
ORD035811,CUST3225,Swiggy Instamart,00:29.5,41,Snacks,161,Items missing from order.,2,Yes,Yes
ORD035821,CUST9616,JioMart,17:29.5,26,Snacks,352,Good quality products.,4,No,No
ORD035929,CUST9455,Swiggy Instamart,00:29.5,42,Grocery,1147,"Very late delivery, not happy.",2,Yes,Yes
ORD035959,CUST9949,Swiggy Instamart,50:29.5,18,Snacks,117,Packaging could be better.,3,No,No
ORD036059,CUST1239,JioMart,37:29.5,34,Dairy,448,Items missing from order.,2,No,Yes
ORD036136,CUST9164,Blinkit,49:29.5,39,Beverages,479,"Easy to order, loved it!",5,No,No
ORD036139,CUST1720,Blinkit,37:29.5,27,Fruits & Vegetables,682,"Very late delivery, not happy.",2,No,Yes
ORD036171,CUST1101,Swiggy Instamart,20:29.5,32,Dairy,352,"Easy to order, loved it!",5,No,No
ORD036178,CUST2997,JioMart,37:29.5,42,Beverages,546,Packaging could be better.,3,Yes,No
ORD036227,CUST2164,Blinkit,37:29.5,36,Personal Care,1627,Very satisfied with the service.,5,No,No
ORD036277,CUST9111,Swiggy Instamart,38:29.5,32,Dairy,631,Very satisfied with the service.,5,No,No
ORD036288,CUST3729,JioMart,07:29.5,23,Dairy,267,"Not fresh, disappointed.",2,No,Yes
ORD036355,CUST6676,JioMart,33:29.5,46,Personal Care,846,"Not fresh, disappointed.",2,Yes,Yes
ORD036358,CUST4459,Blinkit,26:29.5,18,Personal Care,1108,"Very late delivery, not happy.",2,No,Yes
ORD036397,CUST4210,Blinkit,08:29.5,23,Personal Care,558,Items missing from order.,2,No,Yes
ORD036426,CUST3107,Swiggy Instamart,08:29.5,38,Personal Care,863,Very satisfied with the service.,5,No,No
ORD036614,CUST1122,Blinkit,52:29.5,28,Beverages,634,Delivery person was rude.,2,No,Yes
ORD036619,CUST8232,JioMart,56:29.5,18,Fruits & Vegetables,147,Quick and reliable!,5,No,No
ORD036710,CUST5457,Swiggy Instamart,30:29.5,7,Beverages,192,Good quality products.,4,No,No
ORD036771,CUST6380,Swiggy Instamart,13:29.5,22,Fruits & Vegetables,496,Good quality products.,4,No,No
ORD036775,CUST8665,JioMart,06:29.5,33,Beverages,815,Items missing from order.,2,No,Yes
ORD036859,CUST3775,JioMart,21:29.5,29,Fruits & Vegetables,71,Packaging could be better.,3,No,No
ORD036895,CUST5058,Swiggy Instamart,21:29.5,31,Dairy,296,Good quality products.,4,No,No
ORD036896,CUST1038,Blinkit,15:29.5,32,Fruits & Vegetables,161,Quick and reliable!,5,No,No
ORD037044,CUST7740,Swiggy Instamart,55:29.5,22,Personal Care,1058,Very satisfied with the service.,5,No,No
ORD037117,CUST2379,JioMart,30:29.5,28,Grocery,1036,Quick and reliable!,5,No,No
ORD037277,CUST4928,JioMart,04:29.5,30,Dairy,395,"Not fresh, disappointed.",2,No,Yes
ORD037300,CUST1968,Blinkit,59:29.5,27,Fruits & Vegetables,383,Excellent experience!,5,No,No
ORD037325,CUST5363,Swiggy Instamart,59:29.5,37,Grocery,921,"Horrible experience, never ordering again.",1,No,Yes
ORD037346,CUST2327,JioMart,26:29.5,11,Fruits & Vegetables,178,Wrong item delivered.,1,No,Yes
ORD037393,CUST8866,Blinkit,01:29.5,22,Grocery,336,Wrong item delivered.,1,No,Yes
ORD037462,CUST4067,Blinkit,30:29.5,27,Personal Care,1833,Packaging could be better.,3,No,No
ORD037463,CUST8874,Blinkit,14:29.5,31,Grocery,1026,Good quality products.,4,No,No
ORD037498,CUST1226,Blinkit,38:29.5,37,Snacks,368,"Horrible experience, never ordering again.",1,No,Yes
ORD037558,CUST1247,Blinkit,09:29.5,29,Dairy,397,Good quality products.,4,No,No
ORD037751,CUST8473,JioMart,39:29.5,35,Fruits & Vegetables,166,Delivery person was rude.,2,No,Yes
ORD037787,CUST6100,Blinkit,43:29.5,31,Dairy,543,"Not fresh, disappointed.",2,No,Yes
ORD037858,CUST7448,Blinkit,39:29.5,37,Personal Care,1130,Good quality products.,4,No,No
ORD037907,CUST8922,Swiggy Instamart,09:29.5,46,Dairy,304,Wrong item delivered.,1,Yes,Yes
ORD037963,CUST7890,JioMart,37:29.5,33,Fruits & Vegetables,58,Quick and reliable!,5,No,No
ORD038142,CUST3834,JioMart,53:29.5,26,Personal Care,192,Quick and reliable!,5,No,No
ORD038221,CUST4108,JioMart,23:29.5,27,Grocery,634,Packaging could be better.,3,No,No
ORD038249,CUST1250,JioMart,34:29.5,11,Beverages,311,"Fast delivery, great service!",5,No,No
ORD038300,CUST2648,Swiggy Instamart,01:29.5,25,Personal Care,191,Excellent experience!,5,No,No
ORD038312,CUST6204,JioMart,48:29.5,38,Snacks,214,Good quality products.,4,No,No
ORD038408,CUST2418,Blinkit,51:29.5,26,Grocery,469,"Not fresh, disappointed.",2,No,Yes
ORD038449,CUST9651,JioMart,13:29.5,29,Snacks,330,Items missing from order.,2,No,Yes
ORD038487,CUST2171,JioMart,02:29.5,42,Snacks,435,Very satisfied with the service.,5,Yes,No
ORD038506,CUST7842,Swiggy Instamart,14:29.5,29,Fruits & Vegetables,252,Good quality products.,4,No,No
ORD038592,CUST6637,Blinkit,39:29.5,44,Dairy,741,Very satisfied with the service.,5,Yes,No
ORD038618,CUST1123,Swiggy Instamart,10:29.5,28,Snacks,325,"Not fresh, disappointed.",2,No,Yes
ORD038649,CUST4100,Blinkit,09:29.5,32,Grocery,215,Items missing from order.,2,No,Yes
ORD038661,CUST4038,JioMart,28:29.5,34,Dairy,209,"Not fresh, disappointed.",2,No,Yes
ORD038820,CUST1288,JioMart,54:29.5,38,Beverages,332,"Horrible experience, never ordering again.",1,No,Yes
ORD038846,CUST6720,Swiggy Instamart,40:29.5,24,Personal Care,418,Delivery person was rude.,2,No,Yes
ORD038862,CUST8603,Swiggy Instamart,21:29.5,38,Personal Care,1255,Quick and reliable!,5,No,No
ORD038886,CUST8456,JioMart,05:29.5,15,Snacks,60,"Easy to order, loved it!",5,No,No
ORD038957,CUST4682,JioMart,35:29.5,21,Fruits & Vegetables,387,Very satisfied with the service.,5,No,No
ORD039004,CUST5197,JioMart,43:29.5,19,Beverages,627,Items missing from order.,2,No,Yes
ORD039086,CUST9440,Blinkit,49:29.5,38,Grocery,429,"Fast delivery, great service!",5,No,No
ORD039111,CUST8459,Blinkit,28:29.5,23,Dairy,474,Excellent experience!,5,No,No
ORD039256,CUST3891,JioMart,58:29.5,16,Snacks,368,Excellent experience!,5,No,No
ORD039288,CUST8047,JioMart,19:29.5,25,Snacks,364,Items missing from order.,2,No,Yes
ORD039354,CUST2177,JioMart,20:29.5,44,Dairy,467,Quick and reliable!,5,Yes,No
ORD039391,CUST3212,Swiggy Instamart,06:29.5,34,Fruits & Vegetables,229,Wrong item delivered.,1,No,Yes
ORD039533,CUST2184,JioMart,07:29.5,44,Fruits & Vegetables,265,"Not fresh, disappointed.",2,Yes,Yes
ORD039697,CUST3817,Swiggy Instamart,38:29.5,26,Grocery,728,"Fast delivery, great service!",5,No,No
ORD039862,CUST6197,Blinkit,14:29.5,27,Fruits & Vegetables,533,Items missing from order.,2,No,Yes
ORD039905,CUST6784,Blinkit,38:29.5,33,Beverages,314,Quick and reliable!,5,No,No
ORD039912,CUST3214,JioMart,31:29.5,36,Grocery,472,"Not fresh, disappointed.",2,No,Yes
ORD040078,CUST6519,JioMart,32:29.5,40,Dairy,433,Delivery person was rude.,2,No,Yes
ORD040082,CUST1270,Swiggy Instamart,30:29.5,31,Personal Care,1821,Wrong item delivered.,1,No,Yes
ORD040087,CUST3377,Blinkit,35:29.5,34,Grocery,1077,Delivery person was rude.,2,No,Yes
ORD040088,CUST2935,Blinkit,00:29.5,29,Personal Care,1465,"Very late delivery, not happy.",2,No,Yes
ORD040156,CUST5704,Blinkit,23:29.5,33,Personal Care,664,Delivery person was rude.,2,No,Yes
ORD040239,CUST9895,Blinkit,53:29.5,37,Beverages,805,Packaging could be better.,3,No,No
ORD040378,CUST9983,JioMart,58:29.5,30,Dairy,240,Items missing from order.,2,No,Yes
ORD040401,CUST6969,Blinkit,04:29.5,33,Grocery,1310,"Not fresh, disappointed.",2,No,Yes
ORD040488,CUST6662,JioMart,06:29.5,58,Snacks,491,Very satisfied with the service.,5,Yes,No
ORD040493,CUST6448,JioMart,02:29.5,49,Personal Care,161,Delivery person was rude.,2,Yes,Yes
ORD040528,CUST9545,Blinkit,19:29.5,38,Beverages,708,"Easy to order, loved it!",5,No,No
ORD040924,CUST9675,Blinkit,21:29.5,19,Beverages,320,"Not fresh, disappointed.",2,No,Yes
ORD040979,CUST2239,Swiggy Instamart,11:29.5,22,Personal Care,1864,"Horrible experience, never ordering again.",1,No,Yes
ORD041025,CUST9915,JioMart,48:29.5,42,Beverages,803,Good quality products.,4,Yes,No
ORD041058,CUST3398,Swiggy Instamart,48:29.5,24,Snacks,208,Items missing from order.,2,No,Yes
ORD041103,CUST1883,Swiggy Instamart,31:29.5,28,Snacks,68,"Easy to order, loved it!",5,No,No
ORD041170,CUST8791,Blinkit,00:29.5,20,Personal Care,752,"Very late delivery, not happy.",2,No,Yes
ORD041322,CUST9080,JioMart,27:29.5,20,Beverages,802,"Easy to order, loved it!",5,No,No
ORD041478,CUST1552,JioMart,03:29.5,44,Personal Care,362,Items missing from order.,2,Yes,Yes
ORD041518,CUST7080,Blinkit,26:29.5,14,Dairy,549,Good quality products.,4,No,No
ORD041604,CUST8963,Swiggy Instamart,02:29.5,20,Personal Care,342,"Not fresh, disappointed.",2,No,Yes
ORD041727,CUST9506,Swiggy Instamart,47:29.5,23,Fruits & Vegetables,515,Quick and reliable!,5,No,No
ORD041797,CUST6275,Swiggy Instamart,33:29.5,43,Beverages,121,Delivery person was rude.,2,Yes,Yes
ORD041832,CUST2131,Blinkit,47:29.5,38,Dairy,539,Good quality products.,4,No,No
ORD041961,CUST6887,Blinkit,20:29.5,51,Snacks,153,Quick and reliable!,5,Yes,No
ORD042023,CUST6541,Swiggy Instamart,30:29.5,16,Personal Care,1951,Wrong item delivered.,1,No,Yes
ORD042050,CUST2632,Blinkit,14:29.5,35,Snacks,377,"Horrible experience, never ordering again.",1,No,Yes
ORD042057,CUST7871,JioMart,09:29.5,26,Snacks,191,Wrong item delivered.,1,No,Yes
ORD042146,CUST9130,Swiggy Instamart,19:29.5,13,Grocery,1049,Good quality products.,4,No,No
ORD042477,CUST1758,Blinkit,37:29.5,20,Fruits & Vegetables,449,"Horrible experience, never ordering again.",1,No,Yes
ORD042742,CUST9839,JioMart,50:29.5,34,Beverages,843,Wrong item delivered.,1,No,Yes
ORD042967,CUST4336,Blinkit,39:29.5,32,Fruits & Vegetables,372,Good quality products.,4,No,No
ORD043112,CUST1184,JioMart,03:29.5,18,Snacks,330,Items missing from order.,2,No,Yes
ORD043145,CUST1676,Blinkit,07:29.5,30,Snacks,136,Packaging could be better.,3,No,No
ORD043216,CUST3737,JioMart,07:29.5,39,Dairy,691,Delivery person was rude.,2,No,Yes
ORD043566,CUST2201,Blinkit,28:29.5,32,Personal Care,897,Delivery person was rude.,2,No,Yes
ORD043590,CUST1411,JioMart,57:29.5,24,Beverages,510,"Horrible experience, never ordering again.",1,No,Yes
ORD043690,CUST6845,Blinkit,26:29.5,13,Grocery,890,Very satisfied with the service.,5,No,No
ORD043753,CUST3311,Blinkit,26:29.5,36,Dairy,325,"Horrible experience, never ordering again.",1,No,Yes
ORD043826,CUST8097,Swiggy Instamart,55:29.5,36,Fruits & Vegetables,566,Items missing from order.,2,No,Yes
ORD043981,CUST2027,Swiggy Instamart,18:29.5,29,Grocery,861,Items missing from order.,2,No,Yes
ORD044106,CUST4252,Blinkit,00:29.5,21,Fruits & Vegetables,697,Items missing from order.,2,No,Yes
ORD044224,CUST5679,Swiggy Instamart,14:29.5,27,Personal Care,502,Excellent experience!,5,No,No
ORD044404,CUST8221,Swiggy Instamart,56:29.5,20,Grocery,388,Excellent experience!,5,No,No
ORD044474,CUST2224,Swiggy Instamart,50:29.5,35,Beverages,271,Very satisfied with the service.,5,No,No
ORD044533,CUST4301,Blinkit,07:29.5,25,Beverages,500,"Very late delivery, not happy.",2,No,Yes
ORD044639,CUST6560,JioMart,27:29.5,30,Snacks,307,Good quality products.,4,No,No
ORD044858,CUST6200,Swiggy Instamart,56:29.5,30,Beverages,229,Excellent experience!,5,No,No
ORD045068,CUST1559,JioMart,58:29.5,31,Dairy,443,"Horrible experience, never ordering again.",1,No,Yes
ORD045225,CUST5531,Swiggy Instamart,21:29.5,38,Grocery,726,"Very late delivery, not happy.",2,No,Yes
ORD045252,CUST2019,Swiggy Instamart,34:29.5,40,Dairy,603,Delivery person was rude.,2,No,Yes
ORD045285,CUST6223,Blinkit,10:29.5,35,Personal Care,852,Good quality products.,4,No,No
ORD045379,CUST1350,JioMart,21:29.5,17,Fruits & Vegetables,295,"Very late delivery, not happy.",2,No,Yes
ORD045762,CUST3951,JioMart,43:29.5,10,Grocery,964,Delivery person was rude.,2,No,Yes
ORD045891,CUST9493,JioMart,58:29.5,34,Fruits & Vegetables,346,Delivery person was rude.,2,No,Yes
ORD046105,CUST1426,Blinkit,24:29.5,35,Grocery,1267,Very satisfied with the service.,5,No,No
ORD046212,CUST4136,Blinkit,53:29.5,41,Snacks,222,Wrong item delivered.,1,Yes,Yes
ORD046310,CUST9794,Blinkit,26:29.5,42,Fruits & Vegetables,295,Good quality products.,4,Yes,No
ORD046336,CUST6708,Blinkit,55:29.5,15,Snacks,360,"Very late delivery, not happy.",2,No,Yes
ORD046358,CUST5196,Blinkit,19:29.5,33,Grocery,497,Delivery person was rude.,2,No,Yes
ORD046584,CUST4280,Blinkit,14:29.5,25,Beverages,909,"Not fresh, disappointed.",2,No,Yes
ORD046620,CUST2413,Blinkit,49:29.5,17,Fruits & Vegetables,498,Good quality products.,4,No,No
ORD047086,CUST8188,Swiggy Instamart,34:29.5,23,Personal Care,1764,"Easy to order, loved it!",5,No,No
ORD047143,CUST8038,JioMart,00:29.5,33,Fruits & Vegetables,531,"Not fresh, disappointed.",2,No,Yes
ORD047273,CUST4655,Blinkit,45:29.5,31,Personal Care,587,Very satisfied with the service.,5,No,No
ORD047404,CUST5069,JioMart,50:29.5,19,Fruits & Vegetables,213,"Fast delivery, great service!",5,No,No
ORD047713,CUST2919,Blinkit,35:29.5,30,Beverages,677,Excellent experience!,5,No,No
ORD047721,CUST2432,Blinkit,04:29.5,21,Personal Care,1416,"Easy to order, loved it!",5,No,No
ORD047786,CUST2510,Blinkit,54:29.5,42,Fruits & Vegetables,62,Items missing from order.,2,Yes,Yes
ORD047967,CUST7428,Swiggy Instamart,44:29.5,21,Snacks,101,"Easy to order, loved it!",5,No,No
ORD048071,CUST6686,Blinkit,55:29.5,31,Personal Care,480,Good quality products.,4,No,No
ORD048430,CUST3629,Blinkit,27:29.5,30,Personal Care,1978,"Fast delivery, great service!",5,No,No
ORD048481,CUST7758,JioMart,24:29.5,15,Dairy,152,"Horrible experience, never ordering again.",1,No,Yes
ORD049174,CUST5730,Swiggy Instamart,59:29.5,18,Personal Care,1056,Items missing from order.,2,No,Yes
ORD049176,CUST6819,Swiggy Instamart,22:29.5,20,Dairy,441,Very satisfied with the service.,5,No,No
ORD049202,CUST8497,JioMart,00:29.5,25,Beverages,995,"Very late delivery, not happy.",2,No,Yes
ORD049666,CUST7197,Swiggy Instamart,32:29.5,32,Beverages,472,Quick and reliable!,5,No,No
ORD049700,CUST4142,Blinkit,01:29.5,32,Grocery,1341,"Not fresh, disappointed.",2,No,Yes
ORD050012,CUST9003,JioMart,00:29.5,26,Grocery,856,Good quality products.,4,No,No
ORD050121,CUST9705,Swiggy Instamart,28:29.5,43,Grocery,1029,Packaging could be better.,3,Yes,No
ORD050233,CUST3313,Swiggy Instamart,47:29.5,28,Dairy,200,"Very late delivery, not happy.",2,No,Yes
ORD050242,CUST4092,Swiggy Instamart,37:29.5,24,Grocery,578,Wrong item delivered.,1,No,Yes
ORD050350,CUST7665,Blinkit,09:29.5,23,Grocery,711,"Very late delivery, not happy.",2,No,Yes
ORD050820,CUST8990,Swiggy Instamart,16:29.5,38,Grocery,1305,Very satisfied with the service.,5,No,No
ORD050949,CUST1465,Blinkit,11:29.5,43,Beverages,623,Delivery person was rude.,2,Yes,Yes
ORD051760,CUST4200,Blinkit,47:29.5,29,Personal Care,1355,"Easy to order, loved it!",5,No,No
ORD052233,CUST2580,JioMart,28:29.5,30,Beverages,932,Good quality products.,4,No,No
ORD052594,CUST6660,Swiggy Instamart,36:29.5,35,Snacks,447,"Very late delivery, not happy.",2,No,Yes
ORD054159,CUST6390,Blinkit,59:29.5,50,Grocery,1296,Quick and reliable!,5,Yes,No
ORD054731,CUST8981,Blinkit,29:29.5,15,Dairy,700,Excellent experience!,5,No,No
ORD054848,CUST9997,Blinkit,33:29.5,31,Fruits & Vegetables,191,Delivery person was rude.,2,No,Yes
ORD056643,CUST5204,Swiggy Instamart,00:29.5,27,Personal Care,1679,"Fast delivery, great service!",5,No,No
ORD056821,CUST3922,Swiggy Instamart,40:29.5,35,Grocery,340,Quick and reliable!,5,No,No
ORD058371,CUST8943,Swiggy Instamart,30:29.5,35,Personal Care,1338,"Horrible experience, never ordering again.",1,No,Yes
ORD060460,CUST7603,Swiggy Instamart,50:29.5,29,Dairy,395,Delivery person was rude.,2,No,Yes
ORD060469,CUST5517,Swiggy Instamart,32:29.5,27,Grocery,974,Very satisfied with the service.,5,No,No
ORD060578,CUST9030,JioMart,34:29.5,45,Grocery,1388,"Not fresh, disappointed.",2,Yes,Yes
ORD061533,CUST3640,Swiggy Instamart,58:29.5,38,Personal Care,912,"Very late delivery, not happy.",2,No,Yes
ORD062122,CUST2068,JioMart,15:29.5,25,Fruits & Vegetables,360,"Fast delivery, great service!",5,No,No
ORD062243,CUST8013,JioMart,14:29.5,13,Dairy,691,Items missing from order.,2,No,Yes
ORD067052,CUST4230,Blinkit,40:29.5,30,Snacks,326,Quick and reliable!,5,No,No
ORD070642,CUST1373,Blinkit,18:29.5,36,Snacks,138,"Horrible experience, never ordering again.",1,No,Yes
ORD070769,CUST9546,Blinkit,27:29.5,20,Dairy,113,Quick and reliable!,5,No,No
ORD074930,CUST5048,Blinkit,30:29.5,17,Personal Care,1217,"Very late delivery, not happy.",2,No,Yes
ORD083876,CUST2135,Swiggy Instamart,26:29.5,32,Personal Care,235,Wrong item delivered.,1,No,Yes
